"dataset_a","dataset_b","n_genes","agreement"
"coassolo_GSE210501","coassolo_GSE210501",1226,1
"coassolo_GSE210501","su_GSE166504",525,0.798095238095238
"coassolo_GSE210501","wang_human_GSE212837",139,0.532374100719424
"coassolo_GSE210501","xiao_GSE189600",142,0.584507042253521
"su_GSE166504","coassolo_GSE210501",525,0.798095238095238
"su_GSE166504","su_GSE166504",834,1
"su_GSE166504","wang_human_GSE212837",112,0.651785714285714
"su_GSE166504","xiao_GSE189600",135,0.659259259259259
"wang_human_GSE212837","coassolo_GSE210501",139,0.532374100719424
"wang_human_GSE212837","su_GSE166504",112,0.651785714285714
"wang_human_GSE212837","wang_human_GSE212837",1089,1
"wang_human_GSE212837","xiao_GSE189600",430,0.33953488372093
"xiao_GSE189600","coassolo_GSE210501",142,0.584507042253521
"xiao_GSE189600","su_GSE166504",135,0.659259259259259
"xiao_GSE189600","wang_human_GSE212837",430,0.33953488372093
"xiao_GSE189600","xiao_GSE189600",1325,1
