"","query","significant","p_value","term_size","query_size","intersection_size","precision","recall","term_id","source","term_name","effective_domain_size","source_order"
"1","saddlebrown",TRUE,1.49472287594458e-40,762,31,30,0.967741935483871,0.0393700787401575,"GO:0002250","GO:BP","adaptive immune response",21026,780
"2","saddlebrown",TRUE,1.06046917295731e-27,2070,31,30,0.967741935483871,0.0144927536231884,"GO:0006955","GO:BP","immune response",21026,2575
"3","saddlebrown",TRUE,6.60423759127161e-26,2871,31,31,1,0.0107976314872867,"GO:0002376","GO:BP","immune system process",21026,904
"4","saddlebrown",TRUE,1.74814398576095e-13,209,31,11,0.354838709677419,0.0526315789473684,"GO:0016064","GO:BP","immunoglobulin mediated immune response",21026,5070
"5","saddlebrown",TRUE,1.74814398576095e-13,212,31,11,0.354838709677419,0.0518867924528302,"GO:0019724","GO:BP","B cell mediated immunity",21026,5987
"6","saddlebrown",TRUE,7.6467557000692e-11,8999,31,31,1,0.00344482720302256,"GO:0050896","GO:BP","response to stimulus",21026,13167
"7","saddlebrown",TRUE,7.6467557000692e-11,381,31,11,0.354838709677419,0.0288713910761155,"GO:0002449","GO:BP","lymphocyte mediated immunity",21026,970
"8","saddlebrown",TRUE,9.61341058876611e-11,394,31,11,0.354838709677419,0.0279187817258883,"GO:0002460","GO:BP","adaptive immune response based on somatic recombination of immune receptors built from immunoglobulin superfamily domains",21026,981
"9","saddlebrown",TRUE,7.28610254035603e-10,481,31,11,0.354838709677419,0.0228690228690229,"GO:0002443","GO:BP","leukocyte mediated immunity",21026,964
"10","saddlebrown",TRUE,3.25221916984228e-09,732,31,12,0.387096774193548,0.0163934426229508,"GO:0002252","GO:BP","immune effector process",21026,782
"11","saddlebrown",TRUE,4.39493815696295e-05,70,31,4,0.129032258064516,0.0571428571428571,"GO:0019731","GO:BP","antibacterial humoral response",21026,5990
"12","saddlebrown",TRUE,4.51106025816884e-05,72,31,4,0.129032258064516,0.0555555555555556,"GO:0050853","GO:BP","B cell receptor signaling pathway",21026,13129
"13","saddlebrown",TRUE,0.000359837334630351,42,31,3,0.0967741935483871,0.0714285714285714,"GO:0006958","GO:BP","complement activation, classical pathway",21026,2578
"14","saddlebrown",TRUE,0.000795617703435393,56,31,3,0.0967741935483871,0.0535714285714286,"GO:0002455","GO:BP","humoral immune response mediated by circulating immunoglobulin",21026,976
"15","saddlebrown",TRUE,0.00082240238021245,159,31,4,0.129032258064516,0.0251572327044025,"GO:0019730","GO:BP","antimicrobial humoral response",21026,5989
"16","saddlebrown",TRUE,0.00103803904589782,64,31,3,0.0967741935483871,0.046875,"GO:0006956","GO:BP","complement activation",21026,2576
"17","saddlebrown",TRUE,0.00159324650220523,195,31,4,0.129032258064516,0.0205128205128205,"GO:0050851","GO:BP","antigen receptor-mediated signaling pathway",21026,13127
"18","saddlebrown",TRUE,0.00599690366599165,281,31,4,0.129032258064516,0.0142348754448399,"GO:0006959","GO:BP","humoral immune response",21026,2579
"19","saddlebrown",TRUE,0.00640234096351579,29,31,2,0.0645161290322581,0.0689655172413793,"GO:0003094","GO:BP","glomerular filtration",21026,1536
"20","saddlebrown",TRUE,0.00740541441882369,310,31,4,0.129032258064516,0.0129032258064516,"GO:0002429","GO:BP","immune response-activating cell surface receptor signaling pathway",21026,950
"21","saddlebrown",TRUE,0.00740541441882369,32,31,2,0.0645161290322581,0.0625,"GO:0097205","GO:BP","renal filtration",21026,18300
"22","saddlebrown",TRUE,0.00910349339751535,332,31,4,0.129032258064516,0.0120481927710843,"GO:0042742","GO:BP","defense response to bacterium",21026,10242
"23","saddlebrown",TRUE,0.00960652405263543,341,31,4,0.129032258064516,0.0117302052785924,"GO:0002768","GO:BP","immune response-regulating cell surface receptor signaling pathway",21026,1277
"24","saddlebrown",TRUE,0.0348520580466509,494,31,4,0.129032258064516,0.00809716599190283,"GO:0002757","GO:BP","immune response-activating signaling pathway",21026,1266
"25","saddlebrown",TRUE,0.0456202781975734,540,31,4,0.129032258064516,0.00740740740740741,"GO:0002764","GO:BP","immune response-regulating signaling pathway",21026,1273
"26","saddlebrown",TRUE,0.0497258762131229,560,31,4,0.129032258064516,0.00714285714285714,"GO:0002253","GO:BP","activation of immune response",21026,783
"27","saddlebrown",TRUE,4.54627298640928e-60,169,33,30,0.909090909090909,0.177514792899408,"GO:0019814","GO:CC","immunoglobulin complex",22149,792
"28","saddlebrown",TRUE,8.58962050731213e-24,139,33,15,0.454545454545455,0.107913669064748,"GO:0072562","GO:CC","blood microparticle",22149,2746
"29","saddlebrown",TRUE,4.24748212488188e-21,4258,33,32,0.96969696969697,0.00751526538280883,"GO:0005576","GO:CC","extracellular region",22149,194
"30","saddlebrown",TRUE,2.03016110236216e-15,8,33,6,0.181818181818182,0.75,"GO:0071735","GO:CC","IgG immunoglobulin complex",22149,2685
"31","saddlebrown",TRUE,4.09983321130834e-15,3315,33,26,0.787878787878788,0.00784313725490196,"GO:0005615","GO:CC","extracellular space",22149,227
"32","saddlebrown",TRUE,1.58671015456272e-12,5866,33,29,0.878787878787879,0.00494374360722809,"GO:0005886","GO:CC","plasma membrane",22149,409
"33","saddlebrown",TRUE,1.19882824863298e-11,6347,33,29,0.878787878787879,0.0045690877579959,"GO:0071944","GO:CC","cell periphery",22149,2725
"34","saddlebrown",TRUE,1.91456949691777e-11,7956,33,31,0.939393939393939,0.0038964303670186,"GO:0032991","GO:CC","protein-containing complex",22149,1311
"35","saddlebrown",TRUE,6.38853694777818e-09,11,33,4,0.121212121212121,0.363636363636364,"GO:0042571","GO:CC","immunoglobulin complex, circulating",22149,1756
"36","saddlebrown",TRUE,2.58342690933338e-07,6,33,3,0.0909090909090909,0.5,"GO:0071745","GO:CC","IgA immunoglobulin complex",22149,2695
"37","saddlebrown",TRUE,1.35995764163399e-06,9953,33,29,0.878787878787879,0.00291369436350849,"GO:0016020","GO:CC","membrane",22149,699
"38","saddlebrown",TRUE,2.38640768401603e-06,2142,33,14,0.424242424242424,0.0065359477124183,"GO:0065010","GO:CC","extracellular membrane-bounded organelle",22149,2333
"39","saddlebrown",TRUE,2.38640768401603e-06,2141,33,14,0.424242424242424,0.00653900046707146,"GO:1903561","GO:CC","extracellular vesicle",22149,3657
"40","saddlebrown",TRUE,2.38640768401603e-06,2142,33,14,0.424242424242424,0.0065359477124183,"GO:0043230","GO:CC","extracellular organelle",22149,1844
"41","saddlebrown",TRUE,2.38640768401603e-06,2111,33,14,0.424242424242424,0.00663192799621033,"GO:0070062","GO:CC","extracellular exosome",22149,2353
"42","saddlebrown",TRUE,3.46468796387289e-05,4,33,2,0.0606060606060606,0.5,"GO:0071748","GO:CC","monomeric IgA immunoglobulin complex",22149,2698
"43","saddlebrown",TRUE,4.85818301221718e-05,5,33,2,0.0606060606060606,0.4,"GO:0071746","GO:CC","IgA immunoglobulin complex, circulating",22149,2696
"44","saddlebrown",TRUE,4.85818301221718e-05,5,33,2,0.0606060606060606,0.4,"GO:0071749","GO:CC","polymeric IgA immunoglobulin complex",22149,2699
"45","saddlebrown",TRUE,4.85818301221718e-05,5,33,2,0.0606060606060606,0.4,"GO:0071751","GO:CC","secretory IgA immunoglobulin complex",22149,2701
"46","saddlebrown",TRUE,6.91645222513611e-05,6,33,2,0.0606060606060606,0.333333333333333,"GO:0071753","GO:CC","IgM immunoglobulin complex",22149,2703
"47","saddlebrown",TRUE,0.00220373077983261,4033,33,14,0.424242424242424,0.00347136126952641,"GO:0031982","GO:CC","vesicle",22149,1199
"48","saddlebrown",TRUE,0.00291209535419192,1,33,1,0.0303030303030303,1,"GO:0071738","GO:CC","IgD immunoglobulin complex",22149,2688
"49","saddlebrown",TRUE,0.00556694048863959,2,33,1,0.0303030303030303,0.5,"GO:0071742","GO:CC","IgE immunoglobulin complex",22149,2692
"50","saddlebrown",TRUE,0.00710817518167812,3,33,1,0.0303030303030303,0.333333333333333,"GO:0071752","GO:CC","secretory dimeric IgA immunoglobulin complex",22149,2702
"51","saddlebrown",TRUE,0.00710817518167812,3,33,1,0.0303030303030303,0.333333333333333,"GO:0071754","GO:CC","IgM immunoglobulin complex, circulating",22149,2704
"52","saddlebrown",TRUE,0.00710817518167812,3,33,1,0.0303030303030303,0.333333333333333,"GO:0071756","GO:CC","pentameric IgM immunoglobulin complex",22149,2706
"53","saddlebrown",TRUE,0.00710817518167812,3,33,1,0.0303030303030303,0.333333333333333,"GO:0071750","GO:CC","dimeric IgA immunoglobulin complex",22149,2700
"54","saddlebrown",TRUE,0.0249877627588879,11,33,1,0.0303030303030303,0.0909090909090909,"GO:0034663","GO:CC","endoplasmic reticulum chaperone complex",22149,1477
"55","saddlebrown",TRUE,5.07301443900504e-55,174,28,27,0.964285714285714,0.155172413793103,"GO:0003823","GO:MF","antigen binding",20246,355
"56","saddlebrown",TRUE,8.57844696373883e-06,18,28,3,0.107142857142857,0.166666666666667,"GO:0034987","GO:MF","immunoglobulin receptor binding",20246,4779
"57","saddlebrown",TRUE,0.012430310229042,3,28,1,0.0357142857142857,0.333333333333333,"GO:0034988","GO:MF","Fc-gamma receptor I complex binding",20246,4780
"58","saddlebrown",TRUE,4.0780800921639e-54,61,25,24,0.96,0.39344262295082,"REAC:R-HSA-173623","REAC","Classical antibody-mediated complement activation",11004,373
"59","saddlebrown",TRUE,3.3360429952447e-53,67,25,24,0.96,0.358208955223881,"REAC:R-HSA-2029481","REAC","FCGR activation",11004,905
"60","saddlebrown",TRUE,3.4368335586012e-53,68,25,24,0.96,0.352941176470588,"REAC:R-HSA-166786","REAC","Creation of C4 and C2 activators",11004,415
"61","saddlebrown",TRUE,6.45406122973401e-52,76,25,24,0.96,0.315789473684211,"REAC:R-HSA-166663","REAC","Initial triggering of complement",11004,1213
"62","saddlebrown",TRUE,3.15809017942126e-51,81,25,24,0.96,0.296296296296296,"REAC:R-HSA-2029485","REAC","Role of phospholipids in phagocytosis",11004,2125
"63","saddlebrown",TRUE,7.51640582045349e-50,69,25,23,0.92,0.333333333333333,"REAC:R-HSA-2168880","REAC","Scavenging of heme from plasma",11004,2201
"64","saddlebrown",TRUE,7.90158964335813e-50,92,25,24,0.96,0.260869565217391,"REAC:R-HSA-9664323","REAC","FCGR3A-mediated IL10 synthesis",11004,906
"65","saddlebrown",TRUE,8.94294349660799e-49,101,25,24,0.96,0.237623762376238,"REAC:R-HSA-977606","REAC","Regulation of Complement cascade",11004,1987
"66","saddlebrown",TRUE,2.15426158654618e-48,60,25,22,0.88,0.366666666666667,"REAC:R-HSA-5690714","REAC","CD22 mediated BCR regulation",11004,268
"67","saddlebrown",TRUE,9.20871549766145e-48,111,25,24,0.96,0.216216216216216,"REAC:R-HSA-166658","REAC","Complement cascade",11004,392
"68","saddlebrown",TRUE,1.14446617025311e-47,113,25,24,0.96,0.212389380530973,"REAC:R-HSA-9664407","REAC","Parasite infection",11004,1729
"69","saddlebrown",TRUE,1.14446617025311e-47,113,25,24,0.96,0.212389380530973,"REAC:R-HSA-9664417","REAC","Leishmania phagocytosis",11004,1325
"70","saddlebrown",TRUE,1.14446617025311e-47,113,25,24,0.96,0.212389380530973,"REAC:R-HSA-9664422","REAC","FCGR3A-mediated phagocytosis",11004,907
"71","saddlebrown",TRUE,2.14433387461628e-47,116,25,24,0.96,0.206896551724138,"REAC:R-HSA-2029482","REAC","Regulation of actin dynamics for phagocytic cup formation",11004,2036
"72","saddlebrown",TRUE,5.36302182076597e-47,69,25,22,0.88,0.318840579710145,"REAC:R-HSA-2730905","REAC","Role of LAT2/NTAL/LAB on calcium mobilization",11004,2124
"73","saddlebrown",TRUE,2.62278302549383e-46,97,25,23,0.92,0.237113402061856,"REAC:R-HSA-2173782","REAC","Binding and Uptake of Ligands by Scavenger Receptors",11004,225
"74","saddlebrown",TRUE,4.21725980218452e-46,131,25,24,0.96,0.183206106870229,"REAC:R-HSA-9664433","REAC","Leishmania parasite growth and survival",11004,1324
"75","saddlebrown",TRUE,4.21725980218452e-46,131,25,24,0.96,0.183206106870229,"REAC:R-HSA-9662851","REAC","Anti-inflammatory response favouring Leishmania parasite infection",11004,151
"76","saddlebrown",TRUE,2.29311918977398e-45,140,25,24,0.96,0.171428571428571,"REAC:R-HSA-2029480","REAC","Fcgamma receptor (FCGR) dependent phagocytosis",11004,947
"77","saddlebrown",TRUE,4.48379499048628e-45,83,25,22,0.88,0.265060240963855,"REAC:R-HSA-2871796","REAC","FCERI mediated MAPK activation",11004,903
"78","saddlebrown",TRUE,4.48379499048628e-45,83,25,22,0.88,0.265060240963855,"REAC:R-HSA-2871809","REAC","FCERI mediated Ca+2 mobilization",11004,902
"79","saddlebrown",TRUE,5.79716763860429e-45,84,25,22,0.88,0.261904761904762,"REAC:R-HSA-983695","REAC","Antigen activates B Cell Receptor (BCR) leading to generation of second messengers",11004,153
"80","saddlebrown",TRUE,1.01324221336662e-40,214,25,24,0.96,0.11214953271028,"REAC:R-HSA-9824443","REAC","Parasitic Infection Pathways",11004,1730
"81","saddlebrown",TRUE,1.01324221336662e-40,214,25,24,0.96,0.11214953271028,"REAC:R-HSA-9658195","REAC","Leishmania infection",11004,1323
"82","saddlebrown",TRUE,6.87368459062031e-40,136,25,22,0.88,0.161764705882353,"REAC:R-HSA-2871837","REAC","FCERI mediated NF-kB activation",11004,904
"83","saddlebrown",TRUE,4.53868141000119e-39,192,25,23,0.92,0.119791666666667,"REAC:R-HSA-202733","REAC","Cell surface interactions at the vascular wall",11004,329
"84","saddlebrown",TRUE,6.53082260258754e-39,150,25,22,0.88,0.146666666666667,"REAC:R-HSA-9679191","REAC","Potential therapeutics for SARS",11004,1798
"85","saddlebrown",TRUE,4.47304376171989e-38,163,25,22,0.88,0.134969325153374,"REAC:R-HSA-983705","REAC","Signaling by the B Cell Receptor (BCR)",11004,2345
"86","saddlebrown",TRUE,5.52159561967035e-37,182,25,22,0.88,0.120879120879121,"REAC:R-HSA-2454202","REAC","Fc epsilon receptor (FCERI) signaling",11004,946
"87","saddlebrown",TRUE,5.52159561967035e-37,182,25,22,0.88,0.120879120879121,"REAC:R-HSA-198933","REAC","Immunoregulatory interactions between a Lymphoid and a non-Lymphoid cell",11004,1184
"88","saddlebrown",TRUE,7.69312177355639e-28,459,25,22,0.88,0.0479302832244009,"REAC:R-HSA-9679506","REAC","SARS-CoV Infections",11004,2128
"89","saddlebrown",TRUE,3.29799815171978e-26,675,25,23,0.92,0.0340740740740741,"REAC:R-HSA-109582","REAC","Hemostasis",11004,1131
"90","saddlebrown",TRUE,1.38772055545127e-25,719,25,23,0.92,0.0319888734353268,"REAC:R-HSA-5653656","REAC","Vesicle-mediated transport",11004,2663
"91","saddlebrown",TRUE,9.67334436717516e-24,1062,25,24,0.96,0.0225988700564972,"REAC:R-HSA-5663205","REAC","Infectious disease",11004,1196
"92","saddlebrown",TRUE,2.19679867386329e-23,1100,25,24,0.96,0.0218181818181818,"REAC:R-HSA-168249","REAC","Innate Immune System",11004,1217
"93","saddlebrown",TRUE,2.00897907284041e-22,810,25,22,0.88,0.0271604938271605,"REAC:R-HSA-1280218","REAC","Adaptive Immune System",11004,118
"94","saddlebrown",TRUE,1.01886219227048e-21,873,25,22,0.88,0.0252004581901489,"REAC:R-HSA-9824446","REAC","Viral Infection Pathways",11004,2665
"95","saddlebrown",TRUE,4.98172212124244e-18,1843,25,24,0.96,0.0130222463374932,"REAC:R-HSA-1643685","REAC","Disease",11004,754
"96","saddlebrown",TRUE,9.30205839660503e-17,2085,25,24,0.96,0.0115107913669065,"REAC:R-HSA-168256","REAC","Immune System",11004,1183
