"","MEskyblue","MEdarkorange","MEtan","MElightcyan","MEsaddlebrown","MEgrey60","MEyellow","MEcyan","MEdarkturquoise","MEblack","MEwhite","MEmidnightblue","MEdarkgreen","MEmagenta","MEbrown","MElightgreen","MEorange","MElightyellow","MEpurple"
"SRX6635477",0.0369602654089549,0.010026634005295,0.0125231521600049,-0.0757832433545105,-0.0493996628062542,0.0359547543599666,0.00104578093677122,0.001082800105825,-0.0156835438020646,-0.0520878078031401,-0.051327566549006,-0.0909083639865408,-0.0559114155766552,-0.0793262402355064,0.0380227531951049,-0.00577428465774623,-0.00845872491406777,0.0514711632253128,0.0793743606376315
"SRX6635478",0.0301207326126427,0.0217426150793491,-0.00484695907052091,0.0614649299465153,0.156944736272305,0.0046273043491224,-0.0177484301677854,-0.0279142926085887,-0.0397255877315317,-0.043498870262529,-0.0604655909930724,-0.0169456134755092,-0.00534751362312937,-0.0371162998104317,0.0416660675565309,0.00622199777421073,-0.0100268625067001,0.0465445752885805,0.0614283094974586
"SRX6635479",0.0825610118360985,0.0741275233275061,0.0257667756573465,-0.0110247222352207,-0.0731974300045314,0.00256710503156694,-0.0157981196193412,-0.0187303792385426,-0.0584461145541379,-0.0579750647516945,-0.0901735383873222,0.00198978178055674,0.00106215116544703,-0.0176897776855245,0.0546220211100367,-0.00524014994123245,-0.0517116654843351,0.110611085288231,0.0578962849056738
"SRX6635480",0.0609284335947479,0.0893442334515617,0.0315046578907225,-0.00441355974604144,-0.0153309429310841,0.0212192897168626,-0.00267910520311995,0.00323986179342747,-0.0208395104955979,-0.0319570416739244,-0.0606713652281027,-0.0734760851991309,-0.0655106750547568,-0.107687222943538,0.0395276386987612,-0.0172242480860225,-0.0414120108022676,0.0711874516649322,0.0669828064677739
"SRX6635481",0.0444869617031373,0.0144434474699985,0.00333232012343608,-0.0529228310721232,-0.0419055769135019,0.0145828284694206,0.0104779002850881,0.0156755775700279,0.0116918288168616,-0.0167590534840076,-0.016963024928983,-0.0907542592025442,-0.0838896639545611,-0.109991184122389,0.0337292671871854,-0.0224635430919947,-0.0409036551832595,0.0744644239798845,0.0548584380757016
"SRX6635482",-0.0435730049793366,-0.0254378485233371,-0.0594745122804134,0.00472688074303585,0.00916483979255384,-0.0775960958205963,-0.0748471966414307,-0.0579942265786767,-0.053774042571574,-0.0388701818889714,-0.0320009759911278,0.0588527696367233,0.105569761244686,0.0927501384571504,0.0640121190851446,0.0680446456607099,0.0417389205368795,0.0113957008159858,0.00775695957555064
"SRX6635483",0.0127667771025032,0.0175173145117309,-0.0179743961776432,-0.0308043113480903,0.0182139657382754,0.0600167671464385,0.0357439870707983,-0.00819556732154936,0.0118650575482963,-0.00581752384220011,-0.0413937101578645,-0.0788351991378419,-0.0816866644031684,-0.103177271312544,0.0359302141019345,-0.021696716639239,-0.00121058370921591,0.0502851219964791,0.104837280079537
"SRX6635484",-0.000174269440987427,0.00358178558651018,-0.0298945352850991,-0.0401699014109639,0.0169618385255264,-0.0280125826670262,-0.0250595106553421,-0.030649613486631,-0.0266445158178994,-0.0150495598191626,-0.0233150914157017,0.0244505867605042,0.0746823430174401,0.0458871543590432,0.0489447539807276,0.0331020974494332,0.0400764231252939,0.0284681601362116,0.039785123773659
"SRX6635485",-0.0452356670263603,-0.042876659472135,-0.0488057703055971,-0.0216072485727215,-0.029403909268188,-0.102989779564871,-0.0853079049035562,-0.015025639513062,-0.0143758392472796,-0.0264755492645775,0.0122292470285495,-0.00196350761528704,0.0797457117089868,0.0509924540593927,0.0597571708197928,0.0819524037304407,0.0729567376202321,-0.00314964343060981,-0.0106239210848054
"SRX6635486",-0.0344802893338144,-0.0375177925501181,-0.0554930968981626,-0.0852797072924569,-0.0331275581514078,-0.117614537708758,-0.0917188860188312,-0.0423383479537516,-0.038260692387028,-0.0137462767581274,0.0161648715362081,0.00173086618633299,0.0801158446200633,0.0587029670799482,0.0783751434479261,0.0946665602099886,0.0839275016124418,0.0215494780921907,-0.00621579779605514
"SRX6635487",-0.0444801159761236,-0.0370804172299186,-0.0508780464150896,-0.0647369364897495,-0.0409260565607867,-0.0602823749826143,-0.057131254778961,-0.0630381541973946,-0.0725178726563066,-0.0327369194371532,-0.0452469161713472,-0.000293070247807908,0.0778520863373034,0.0642075421514635,0.0720157622518555,0.0803466707753257,0.0801891851578373,0.0123332639308188,0.0206921882324795
"SRX6635488",-0.0916845686293824,-0.0902313021395939,-0.119658259427556,-0.0334575679256482,0.0667968423720359,-0.0768436487503447,-0.0683264649946294,-0.107960944869347,-0.0840088276451329,-0.0300043545694224,-0.0483731265538087,0.0396125297009772,0.100870434699714,0.0942507333015973,0.0755352521577264,0.0846599803541909,0.0684696647339805,0.0127990118957055,0.0117108184197307
"SRX6635489",-0.0629735609182059,-0.0961692109937614,-0.104645384606824,0.00645660899996564,-0.0129319409741785,-0.0636822343209557,-0.057747092256603,-0.0783147890777331,-0.0399420818324176,-0.0399077222570334,-0.0231684787005545,0.0337942435281835,0.0959378636414558,0.0707185913091193,0.0755124833144486,0.0752040014746966,0.0557932803914514,0.030414611582037,0.021133655179659
"SRX6635490",-0.0252529579815626,-0.0443422356690961,-0.0765174884998134,-0.0569032027132851,0.030923273234466,-0.0949441827875618,-0.0760879905340399,-0.0116002358796607,0.0232844052345138,-0.021039613160532,0.0425758905332868,0.00808073193475557,0.0675527897238317,0.0530684141812682,0.0679070529134449,0.0694564286615292,0.0297624077474039,0.0468831556501214,-0.00444673899846857
"SRX6635491",0.00149405546948802,0.0567866067436065,-0.0276810698754315,-0.0682888926901197,-0.0192209720480822,-0.0403735989111783,-0.0623759159492528,-0.0537500503872375,-0.084251683475414,-0.0723922402871784,-0.0842379491847726,-0.0100646125400753,0.082811759475821,0.0526221478582083,0.0754371322934611,0.0714811346693005,0.0754775587435441,0.0414776834834739,0.0484747381300068
"SRX6635492",-0.0922475064699542,-0.0874738469396896,-0.125298077200702,-0.0739480792848327,-0.139112949290206,-0.0354409181237741,-0.0540654068682414,-0.0964318419329483,-0.0682804442320503,-0.040838912250198,-0.0511326166354246,0.0110992075505559,0.104047214821087,0.0866345047691554,0.0781108836026586,0.0862491262953022,0.0948474254742812,-0.000978489627861514,0.0404977623843646
"SRX6635493",0.147215138748954,0.0736342366753167,0.0314563466747006,-0.103129314200296,-0.0264349214464342,-0.056383599162262,-0.078332600340555,0.00673358877645462,-0.0473801054401677,-0.103716356394966,-0.0770281853169111,-0.0206885097295287,0.0788901405000768,0.0388978132139871,0.101891447034607,0.0481946439084697,-0.0110193794981473,0.181648651001154,0.0553256907598023
"SRX6635494",-0.0569301597092988,-0.0609582535788432,-0.0927194161487648,-0.00843092526062268,0.00965918318796641,-0.0881669499593022,-0.0965100212144404,-0.124579625995827,-0.122859030550001,-0.0739499581879813,-0.0881251535078271,0.0161844234244907,0.107362287956565,0.085414549878929,0.0899759268071791,0.0911016771854847,0.0532246225688812,0.0447030324341057,0.0199754260779325
"SRX6635495",-0.0333366096155555,-0.0640100892794077,-0.0693666706582531,0.019498614725746,-0.0934729234480092,-0.0888668085843179,-0.0779135001029099,-0.072758869974149,-0.0683850185078764,-0.0440570110097511,-0.0260180819475266,0.0174467761213468,0.0811521173120499,0.0538798232541263,0.0681978985061678,0.0849170272471236,0.0714781133519502,0.0215672612062362,-0.00534392817860697
"SRX6635496",-0.0440984957142923,-0.0842172456346681,-0.075267319236783,-0.110766662048091,-0.0424203430481248,-0.0970543641967455,-0.0907835395361275,-0.066361711246428,-0.063757398366654,-0.0629168603642699,0.00224301249636187,-0.03303915121662,0.0609496726522891,0.0390034678160655,0.0864012194277211,0.10052492497199,0.0871616222030331,0.0467807974748704,-0.00628555657047123
"SRX6635497",-0.106570753013051,-0.176065420215054,-0.137442726968009,-0.00118752962263371,-0.0827597805567157,-0.072702125152285,-0.0826216273122552,-0.134838757372791,-0.10199425732266,-0.0605577545452442,-0.0614210609766503,0.0500272652959747,0.131583380728551,0.11121006271469,0.0906747068947693,0.0931859015363176,0.0750663602141552,0.0201431182510494,0.0309749860680811
"SRX6635498",-0.0688466693782348,-0.0780822180764936,-0.0898448220814641,0.0631800717542768,0.00431729952312049,-0.098578696599151,-0.0857148566419642,-0.077714697738982,-0.0610588820320916,-0.0375957734776349,-0.0241741635948245,0.0471052236065742,0.119299304702598,0.0894936770685992,0.0699555684925677,0.0842477070690595,0.063878059940894,8.00788487620213e-05,-0.00459743303258699
"SRX6635499",-0.0504497462938589,-0.0116253015380784,-0.0742172605069836,0.0424128622689471,-0.0314026080749103,-0.0919420054665944,-0.0948083769736316,-0.0504992186226103,-0.0533198066073952,-0.0679246646966809,-0.0373799003487293,0.00409726031894285,0.111567252621506,0.0550639432359036,0.0807965746819791,0.0893077094467814,0.0776938001565283,0.0307652003216675,0.0200319189959345
"SRX6635500",-0.0109487717778654,0.00330179103268604,-0.0468613505034871,-0.0371370053034055,-0.0500420934874707,-0.0375755801797705,-0.0612622893325695,-0.0446461359934976,-0.0613220854761905,-0.06932863486674,-0.060649624196762,-0.00531083223195302,0.0899343341933153,0.0561849280924333,0.0804258888132692,0.0703162009494977,0.0634490395306194,0.049466515505258,0.0470168211478048
"SRX6635501",-0.124726631548843,-0.135112637691442,-0.158577224847135,0.0667384008044019,-0.00103134939809494,0.0347624583708922,-0.0148066426828071,-0.131783631831582,-0.079795341274402,-0.0699106053586233,-0.0943662479395573,-0.0312608560959313,0.0648923359112849,-0.0101536801249589,0.0809767898028941,0.0591922647338264,0.0800815005769364,0.00107376242948633,0.106795692543519
"SRX6635502",-0.109747081246335,-0.10624116825103,-0.118708409711667,0.0132673686316219,-0.103479441249785,0.0279430311192302,0.00163339374232744,-0.0244690840057154,0.0335868387669456,-0.0301322563920814,0.020002834482545,-0.00996946684883507,0.0614706898650337,0.0272158162611434,0.024978666283528,0.031761558071915,0.0736398403555793,-0.0274863624823844,0.0558680760167639
"SRX6635503",-0.0447536047958045,-0.118145426273189,-0.12368981615756,-0.0290471614662707,-0.0515333824361632,0.00601444530415072,-0.05499800959955,-0.124448106667354,-0.115375265245084,-0.128412192275099,-0.130341481688379,-0.0314691257834019,0.0914598017995783,0.0317507367121643,0.098586952996636,0.080888868873029,0.0787306217310592,0.0507957865638142,0.106808410273496
"SRX6635504",-0.0492525785177654,-0.114920511674982,-0.0917825297166224,-0.109227156051501,-0.0745604190217339,0.00557282497771717,-0.0429254015329111,-0.105650080297481,-0.105448542553804,-0.107545747032724,-0.101648292998897,-0.0183297152372822,0.0810046083132248,0.0364948763278447,0.0960400589580784,0.0798784332190449,0.0769539667276705,0.0408352209843914,0.100398958268992
"SRX6635505",0.0763849871985874,0.0593890659782474,0.0182050960179616,0.0235285637267484,0.0190662165043238,0.0325144062358229,0.000895793372851984,0.0243742481336089,0.012390837569814,-0.0450065255302068,-0.0413874917981034,-0.068087979546771,-0.0412163129915296,-0.0933740440743485,0.0531931451758543,-0.0229736578140875,-0.0398947005041117,0.116791387518309,0.0978686245633037
"SRX6635506",0.0022526763088171,0.00923493998679804,-0.0190736056601634,0.0502519579277584,-0.0133409224101622,0.0393750669458312,0.0297124683095286,0.0254361007544624,0.0618626870390006,0.016137336371667,0.00129103514648662,-0.0495819076635558,-0.0396557218115016,-0.0852842620471954,-0.00853435263571147,-0.0476016842944644,-0.0569003676481978,0.05286144302227,0.0441110882400297
"SRX6635507",-0.00284832407712513,-0.056824743345873,-0.0288842971333686,-0.0350173987510549,0.00515192984206394,-0.0534298407379915,-0.0245539738953891,0.023671789396137,0.0646611488973043,0.0190223098109831,0.0428059436561266,-0.0891898759089609,-0.074836818751591,-0.097972858194754,0.0397433237663183,-0.00796481465960978,-0.0687047489155196,0.0821529795888443,0.0164211869776158
"SRX6635508",0.0513010697785899,-2.39140564040841e-05,0.0212135590561966,-0.0511600769881512,0.00748011071872666,-0.0148822415233489,-0.0244566101945105,0.0434044955636262,0.0543912441134902,-0.0202899901595209,0.0236862168644386,-0.00551494849007776,-0.00110590193511179,0.00662653030750166,0.03806642346333,-0.000590595394685303,-0.0386344072399679,0.0604568816238994,0.0370691412769222
"SRX6635509",0.0279575416660181,-0.00757896399392852,-0.0221350683292238,0.0573128328320898,0.0916609290057227,0.0616742665454631,0.0207692708305677,-0.0381756593958361,-0.0305567247255608,-0.0364345635621453,-0.0540221325229497,0.000978918481544421,0.00449092606517615,-0.0112629707104909,0.0116253348518448,-0.0251713992036659,-0.0367791356888257,0.0519894582857119,0.0618105685000648
"SRX6635510",0.035753766915644,-0.0204908600929274,0.0129667842848952,-0.0399452997158228,0.00343360687573282,0.0429971674985139,0.0133882267646613,0.00760226401732436,0.00772781459129128,-0.021722663420983,-0.00841552316583006,-0.0924428997490457,-0.0579902556132826,-0.074931331714188,0.0224416522500107,-0.00527108468453641,-0.0184395782951967,0.0403873671093753,0.047958048950175
"SRX6635511",0.023869490622282,-0.00985186053230531,0.0139098804076932,0.0929152035078664,0.05279396395691,0.033670241972237,0.00795256335417314,0.0162933696962114,0.00959008784541894,-0.0169039048620188,-0.00219763043844397,-0.0522032404824776,-0.0176111481327483,-0.0725858594062063,-0.0111488347000618,-0.0290646887241414,-0.0416123992087631,0.0218572348817457,0.0253530018325288
"SRX6635512",0.118145579964788,0.0866501434480221,0.0926777421613907,-0.00998397575904645,0.0398224391015065,0.0959009917745476,0.0616581292842843,0.0836242785459581,0.0547906106058933,-0.0113811783332288,-0.00162802942098953,-0.0765153932185323,-0.119380589329602,-0.126374872803311,-0.0310738568388917,-0.0895433042921646,-0.0961820535726747,0.0888334876806551,0.0497995428936681
"SRX6635513",0.0925705716238336,0.0815824822960635,0.0697470935361792,-0.0312528920828254,-0.0351568343158326,0.11105132180751,0.0598848968427,0.0354040432501216,0.000294477196265857,-0.0354291017578579,-0.0472882145958743,-0.132312381472154,-0.133843329152462,-0.158287178450116,-0.00639678003746469,-0.0582540966196893,-0.0612399208510483,0.0697985160062314,0.075989135776601
"SRX6635514",0.0574047931952575,0.0805081188097804,0.0571137280805952,0.0180675340938545,0.0297075808919389,0.0652710203466726,0.0301854223335079,0.0418043285017685,0.0135319113228397,-0.0185918176028868,-0.0162015768794222,-0.0570067537259917,-0.0523546196806803,-0.0692850225888769,-0.011844386016443,-0.0352916308139618,-0.0249842694770582,0.033952006140792,0.0468952132836378
"SRX6635515",0.0111594410122251,0.00246644884631634,-0.0015032728345984,-0.083431733604266,-0.110022285757769,0.0672933567164737,0.0189278630162388,-0.0150517188703264,-0.0355641943952523,-0.0509453002061425,-0.05328664570205,-0.0786952955409862,-0.0481518674951015,-0.0592436860640135,0.0125784565283515,0.0113377820142539,0.0447416667871215,0.00647999191333244,0.05724029259147
"SRX6635516",0.0926669344833136,0.00373837484557707,0.0118903914946548,-0.121030199248478,-0.139081996731951,0.0858822153086327,0.0142121652869733,-0.0250491493987526,-0.0367893318564216,-0.0604676442385,-0.0739006909617462,-0.175913011268831,-0.0978440501972821,-0.167083380608464,0.0629382945322996,-0.00134714100896876,-0.00243024686728558,0.119086254778066,0.123378001490718
"SRX6635517",0.0804310975926154,0.0437347034339711,-0.00293888611860885,-0.00962487118550658,0.0505287652581749,0.0810493915859915,0.00335900821250876,-0.0734039495925383,-0.0880937265181032,-0.0796557513689692,-0.140125191601752,-0.119205574096868,-0.0566285147687399,-0.101762130533173,0.059997221093591,-0.000547491448470472,0.00327878581408294,0.108076631203793,0.123882384704759
"SRX6635518",0.174422536801377,0.135058197295724,0.0985962683042789,-0.0923276519222658,-0.00350048162342407,0.0867437129958395,-0.012181485738153,-0.041908399219506,-0.125565473718154,-0.130980457388278,-0.184128326398255,-0.156491188199252,-0.0805216596781451,-0.10598622319225,0.0603580963552274,-0.00299845030068404,-0.0309222945513822,0.148514782978107,0.114009674838147
"SRX6635519",0.0276867495966816,-0.0349532315390667,-0.0493326337576559,-0.00541226844652529,0.0127952206763649,0.0579761822296916,-0.0158283922772117,-0.125246541775939,-0.137658347120987,-0.10550408430528,-0.176118376224153,-0.071090431481666,0.0220850251649379,-0.0352653179927087,0.0810226763196348,0.0381927719141779,0.0299429568558981,0.0836650363398328,0.113781820606777
"SRX6635520",0.081874652520142,0.0365794160175291,0.0715241756124496,0.0624847320064047,0.174685982941362,0.0280824643543343,0.0213283970916196,0.0740777597071891,0.083196746450357,0.0186680685715064,0.065151120685836,-0.0150390878928233,-0.0513917885834369,-0.0460337524500899,-0.0312150101502059,-0.0536408202428977,-0.0704694810699015,0.0415733047912066,-0.0033750099703314
"SRX6635521",0.145432406834602,0.0914916278242478,0.0979586134788543,-0.0560663464557915,-0.0535759560594099,0.0547275190919974,0.0192776503849087,0.0409994768801689,-0.00118759330867773,-0.0409227051840429,-0.0435242609625979,-0.0656612240559077,-0.0608344905868048,-0.0682566840778038,0.00610783041418268,-0.0428886719736984,-0.0681157044087475,0.102494688665637,0.0405121599626123
"SRX6635522",0.141358273172454,0.106277351458776,0.0806661625969524,-0.0783696850330753,-0.0296124822841142,0.0679955697490895,-1.77296463759702e-05,-0.0257130258136465,-0.0905345308639923,-0.0952419917661976,-0.140156096683452,-0.0901638096274139,-0.0339920010189959,-0.0579054978221782,0.0470901989465333,-0.00277191913214911,-0.0212530892622682,0.109758667984549,0.0890754639622531
"SRX6635523",-0.065562056094038,-0.080518310099439,-0.0732897506092399,-0.0298196539290147,-0.0669292515354602,-0.105714752097128,-0.0870418943265031,-0.045929389156621,-0.0239740233959657,-0.00940479560558562,0.0231760394518597,0.0159623295226495,0.0876960875096814,0.0634947053990461,0.072195638633619,0.0929594070053759,0.0785746715417552,-0.00183247587646682,-0.00644239882787129
"SRX6635524",0.129734300410663,0.0715293366134025,0.0970476190096181,0.103643030177594,-0.0436921782123873,0.0763027129573308,0.0271845898826281,0.0464007245285122,-0.009318343730031,-0.0482269163480435,-0.0722816298768609,-0.0258932859211407,-0.0269065515310878,-0.0606461883762017,-0.0014183198311941,-0.0640694859027941,-0.0789223889202606,0.0804288887554069,0.0697642182457718
"SRX6635525",0.140405572448469,0.105973037165413,0.0719735482406021,-0.0395294592616533,-0.00334116295189248,-0.0198322773253855,-0.0796311608725788,-0.0382816161597901,-0.111430056320771,-0.127043244705176,-0.139695083740906,-0.118337027212855,-0.0293030770168702,-0.0800472631520496,0.0875937916036344,0.0342556108707154,-0.0241449548052702,0.149190225489403,0.0764205877744533
"SRX6635529",-0.0549776114559416,-0.0560337595142015,-0.0591563713326081,-0.069813159979815,0.000131035216905176,-0.0905131160412864,-0.0787932139704897,-0.0234031119981194,-0.0171221145648357,-0.0123004242345498,0.0143604141267951,0.0336854360714606,0.0931553571986484,0.0847960065524425,0.0601333384065752,0.0775508614743183,0.0609431257934989,-0.0110145626331186,-0.00329932709928184
"SRX6635535",-0.00858073591562227,0.00181390836208746,0.0130096014882797,0.16175512926165,0.119467536078813,0.110133734112288,0.0989705651116916,0.0180592906441321,0.0408865631870713,0.0586979227312584,0.00415480847602544,0.0702020975232371,-0.0285442503844333,-0.01332699763336,-0.0868899285877296,-0.103601652661162,-0.0479978483282084,-0.0554270412791514,0.0169521151592551
"SRX6635536",-0.112617487977588,-0.133253212452971,-0.0985905164923933,0.0685248812596631,-0.0862741977440395,-0.111441222118518,-0.078977207427198,-0.0582611361533613,-0.00448920351390637,0.0218002750377428,0.0323404820839244,0.0325193823730422,0.0923625650574752,0.0494687272235476,0.0511959635215151,0.0649767726244807,0.0388556042658097,-0.0258834518232397,-0.0269064641443095
"SRX6635537",-0.0223403609244751,0.04730891227077,0.0705982956625154,0.146411196646194,-0.000883823626306417,0.0656259215196434,0.0891940050125571,0.0810241423718451,0.0887233598762846,0.0862459731150506,0.0712947690429119,0.0511093682488682,-0.06194871417785,-0.0241606963223539,-0.117195876540261,-0.0892561405913394,-0.0371708906105858,-0.115217330176485,-0.0664876027575334
"SRX6635538",-0.0888032661326885,-0.109334771112709,-0.0841067250006636,-0.0309994785923178,0.00487455754034898,-0.104504649143985,-0.0800907477455616,-0.0518575038296658,-0.0217138884736621,0.00479149677591036,0.0142983638829477,0.0609166914884939,0.113532515143458,0.101857210213345,0.0677294400036126,0.0818357526827564,0.0792980371408347,-0.00714098928160304,-0.0111837481282553
"SRX6635539",-0.00233889833318823,-0.0189396557449457,-0.00480304951247346,0.0358154358442118,0.0163021321238636,0.0427434438928077,0.0291923808122789,0.00777287396666131,0.0227118907743065,0.0077752893464786,0.0277381376206762,0.00129939990382819,-0.0528609640722967,-0.0303864054628415,-0.05104037807702,-0.0286966778938971,-0.00622934123118467,-0.0478293243279384,-0.015350023030629
"SRX6635540",0.0138604480790942,0.00778152917980437,0.0195199815683521,0.0634940495352364,-0.0860260083891885,0.196140396556511,0.158767326215773,0.0362982678231151,0.0785125840968718,0.0559334127791175,0.00776949404231841,-0.0640520576163009,-0.122025679023664,-0.140222907667343,-0.0848134001121372,-0.122579531953,-0.0256714553596335,-0.0541122132904213,0.0892648746475084
"SRX6635541",-0.101793878102194,-0.100891439005758,-0.123786901332837,-0.070422723647449,-0.0248631596337392,-0.0495365368629347,-0.0427003445929049,-0.100440147238868,-0.0568747101214369,0.00492478844623,-0.029373042813226,-0.0137147668272927,0.0453622058114573,0.0364496381504687,0.0249184373345572,0.0727543689581034,0.0866338763969757,-0.0375599039679346,-0.0256245037195264
"SRX6635543",-0.106203962693905,-0.0688466674711656,-0.0811493402130435,0.152652048176205,0.085696248795106,0.148503702591984,0.119656570095444,-0.0448347814771459,0.0292186094294301,0.0551889498435589,-0.0342292857148595,0.0423360469865225,-0.00109590533716223,-0.0325466574779553,-0.0459222057747049,-0.0657064117591419,0.0551935468236271,-0.099053057243133,0.104437967111304
"SRX6635544",-0.0456128784965379,-0.0374086888731948,-0.0192110253113044,-0.0382828727726019,-0.0839876308341679,-0.0905080982273408,-0.0467176531984315,-0.0166422094653385,0.000291661065088957,0.0347907043733194,0.0463598372896473,0.0544547098463927,0.0194920146333187,0.057043973016503,-0.0212438015281124,0.0294904627086733,0.0282155590712978,-0.0526222597092973,-0.0916342036388938
"SRX6635545",-0.0537299973007313,-0.0285173810088027,-0.0628909544257979,-0.00999470513269421,0.0618772492290967,-0.103509947390251,-0.0753000779479924,-0.0628004592120943,-0.0591341842426031,-0.00381061211287645,-0.0334212126362291,0.011407206116222,0.0655678070716146,0.0532015376628517,0.0437453687211471,0.0793568919853881,0.0871173618369426,-0.0256322088028707,-0.0280783584525467
"SRX6635546",-0.0649421153223696,-0.0898460669294889,-0.0376223003768095,0.0117170593130208,-0.0198201017587614,-0.079674951088486,-0.0342137888308882,-0.0380624006230511,-0.0195005315317737,0.0440530386440834,0.0347425270397573,0.0629277526201264,0.0497965461553772,0.0708726320424925,-0.00274563620495408,0.0439589017781168,0.066377733687369,-0.0586157630732126,-0.0693073419269137
"SRX6635547",-0.00386063223434199,-0.0516646001829226,-0.0207558343726823,-0.0183755307491463,-0.0326954878577177,-0.0918105806352456,-0.0499304009823253,-0.023379000614104,-0.0106811404732254,0.0396383562754162,0.0404526105039305,-0.00587358931539536,-0.00149636206624435,0.0158506761713411,-0.000756987070082047,0.0449760846230943,0.0364276670769138,-0.0214944893327706,-0.0778239114302657
"SRX6635548",-0.134065741668078,-0.0773548913160441,-0.0340478455158153,0.0578159168076921,0.0486873104556481,-0.0713741162159846,0.00240756006698811,0.0486905601591723,0.100727563141361,0.127659856900083,0.135864486227495,0.11107908507889,0.0179039203117741,0.0696732373647838,-0.0850707684616252,-0.0170184332168293,0.025899831256578,-0.166672977481694,-0.131417983147951
"SRX6635549",-0.0309575910713205,-0.0236189956136922,-0.0535337960990778,0.00766895365119277,-0.0129513949341439,-0.0963383780553125,-0.08512617395775,-0.107381778084708,-0.107788358620333,-0.0178363837779233,-0.044613848483213,-0.00400103831624256,0.0559360295926393,0.0359548996215965,0.0371365364161215,0.0835727621320389,0.0826294444363491,-0.0165586687530393,-0.051056644617278
"SRX6635550",-0.0567849732639132,-0.00669683717956654,0.00915359563387742,0.0250302528489892,0.047149476974714,-0.0549998853019355,-0.00893725773405057,0.0299098741146937,0.02906305646401,0.0737902501568558,0.0743026415663,0.0584525210060467,0.00317237578648849,0.046980541748768,-0.0630562388960615,-0.00104780128950957,0.026407024567947,-0.117066455200416,-0.111467261870611
"SRX6635551",-0.079050308650894,-0.0359743927487207,-0.0849442195012244,0.00765065720644028,0.0928480000861437,-0.05275223963437,-0.0355417038829583,-0.0729896250046528,-0.0442165005520408,0.020667380820785,-4.37414442081648e-05,0.0222094069428266,0.0359628656356112,0.0426492780003003,0.00513808079584435,0.0549273270624725,0.085366495501391,-0.0503058310843642,-0.040718032668576
"SRX6635552",-0.0267922659939421,0.0247158482150113,0.0140038603386631,0.214840172138899,0.104609313039273,0.133104828454623,0.127757071131172,0.0419020767699408,0.100569566380372,0.090724557818985,0.02585704268168,0.0297293975826198,-0.0544164469302535,-0.0606434747951403,-0.0938000271417617,-0.124447655161179,-0.0421313259454115,-0.0624387331779708,0.0445197465083811
"SRX6635553",-0.16063541968199,-0.115651061659487,-0.113641005082107,0.0295890771069901,0.0491688426243683,0.0983237059793634,0.0859920234635808,-0.0654342432928894,0.0136258011312648,0.0600016671298332,0.0176259612225519,0.0222038117835962,-0.0193596396308203,-0.017328897509415,-0.0559267995645713,-0.0191931130530239,0.0726718953836124,-0.129069963471494,0.0185310542279209
"SRX6635554",-0.04244534856505,-0.00559087876896558,0.00772053939785153,-0.0511838961567641,-0.0133499845461539,0.0226824064038535,0.0397353545014059,0.0410563882222185,0.0425264780236629,0.0431447719301644,0.0658749128480077,0.0504847487179237,0.00303148697126884,0.041287865126839,-0.0558255150350353,-0.007050737687865,0.0358520494754108,-0.105509504431574,-0.0412848953535216
"SRX6635555",-0.133673819349517,-0.130808669785594,-0.10177651394283,-0.00812298345899222,-0.0157824719473194,0.0457328312575341,0.0441496933550413,-0.0756332938048673,-0.0150241842610359,0.0209875074226553,0.00406091493435364,-0.0130364250858085,-0.0166440410149629,-0.0107986061721973,-0.0331491538919082,0.0140497562039931,0.0605934311138844,-0.0934562032017189,-0.0158711512468543
"SRX6635556",-0.126585984374863,-0.107833398520637,-0.0636403422288759,-0.0462608306360792,-0.199806646986248,0.060710853623663,0.0691354645185186,-0.0227539428623481,0.0223238343559699,0.0585563342401134,0.0337590601480232,0.0312386538443329,0.000548070873586181,0.0201860194719237,-0.0478542701033206,-0.000957827440163165,0.0781700150104286,-0.130724602506185,-0.0192614368032272
"SRX6635557",0.0603851962050857,0.0311555356480533,0.0366405887500507,-0.0544048733330692,-0.00348446091117596,-0.0430370590907086,-0.0517455942340263,0.0349945011828322,0.0212191006891664,-0.0247606464156492,-0.00415375158039676,-0.0513546640690621,-0.0299583871268062,-0.0475807332673107,0.0411729563812922,0.0038627067368834,-0.0327632267369672,0.0821294082403054,0.0306024657744261
"SRX6635558",-0.106692735600647,-0.116148155503883,-0.115418090350303,0.0519488766038784,0.0526623752053845,-0.063821269660353,-0.0329440997952832,-0.0857775431734437,-0.0263090275967945,0.0463652710955179,0.00900823202755539,0.0515695119784426,0.0481288660045085,0.0619314138376709,-0.00579469066619956,0.0446623843888822,0.08085212940714,-0.0692920839896202,-0.0566860733509116
"SRX6635559",-0.0881309617140316,-0.0851549512594139,-0.120716607804989,-0.0966950705095221,-0.132223171062983,0.0567789256832149,0.0118808838431494,-0.126799755800128,-0.0942808645600652,-0.05204239873008,-0.0936703966042464,-0.0593429696785219,0.0275448332305105,-0.00745689972095478,0.0622727348318375,0.071497833866422,0.126205724618163,-0.0164940177581884,0.0948132578845002
"SRX6635560",-0.0968301056016662,-0.187717075049952,-0.130343778538192,-0.0596551735267499,-0.0317590345315514,0.0240126813678402,-0.00639776075596604,-0.138936342478563,-0.0914378888149966,-0.0309325525101076,-0.0686615878669491,-0.0281528927913285,0.0280365596060425,0.0117557652089073,0.0537164593228313,0.075133380306313,0.101190152591796,-0.0251204513502847,0.0478767235307784
"SRX6635561",0.0286117555685607,0.00959817211417045,-0.00951834040534117,0.0243944022350405,-0.0187468108995247,0.0848208537616602,0.0448592705038329,-0.0478240749202598,-0.0488353040893496,-0.0225803463114854,-0.0756989556055939,-0.0200274585508858,-0.0371039208627361,-0.0473180931447696,-0.00753325436989101,-0.0107004909285526,0.00580206453741001,0.00232925901400687,0.0439467039455208
"SRX6635562",-0.0296847516104641,-0.016752072997791,-0.00992577975180662,-0.0246902075167293,-0.0964897718773908,0.011557253947719,0.013894406761272,-0.00136227251353733,0.0067449988339609,0.013505393637351,0.0159617432992559,0.0183488030747462,0.0173123820928799,0.0355298064292058,-0.0159435267236688,0.0221709341140371,0.0656206289680626,-0.060167282795054,-0.0176231239220089
"SRX6635563",-0.052602144937475,-0.0319177246313644,0.00242715110586224,0.0593597710849896,0.058520396618276,0.00310035786305444,0.0207380097782512,0.0290983832191779,0.0485537492308615,0.0585340919714961,0.0786037874346875,0.00866348522942699,-0.0360767423496484,-0.026393982689216,-0.0611625947232131,-0.0195454791763177,-0.00550653148842216,-0.094737239653322,-0.063360863156642
"SRX6635564",-0.0828847724610584,-0.0647550606278911,-0.0742874616979793,0.00773102374453558,-0.0160040639639146,0.0346642845887685,0.0290266516164619,-0.0551575207340955,-0.0220407709919433,0.00638782959724455,-0.0296141986493368,-0.0207361860619793,0.0126526283251461,-0.00198905325501623,0.0202852631583828,0.0198565369174483,0.0553077193817949,-0.0410937919398046,0.0459339727970326
"SRX6635565",-0.0789368418159332,-0.0654521163150962,-0.0977920784166507,-0.0626667658111862,-0.065655118448298,-0.00484256701383398,-0.0497359809427132,-0.13801449847295,-0.129002013282235,-0.0779244247778222,-0.104236862570925,-0.0288392905813341,0.0666762468324504,0.0488937048864075,0.0729873739883814,0.088795648031405,0.104951209871333,-0.00446024299078507,0.0588996234047165
"SRX6635566",-0.0358226127454515,-0.0743224847572349,-0.0151803665977693,-0.0521540940342008,-0.13504365928181,0.0881428965522265,0.0733186625558115,0.00334359965910918,0.0275871618263235,0.0308628029758992,-0.00577018203763191,-0.0494959715721852,-0.0913090942802581,-0.0704970053536867,-0.033562342587517,-0.0539828486807275,-0.0232065260766236,0.00738346033446005,0.0303194845099719
"SRX6635567",-0.169763798972624,-0.167531484671505,-0.147432875906228,0.0352835126786331,-0.0689866368180036,0.0507372045407437,0.0307234697578174,-0.133187845348422,-0.0725676954379923,-0.00277385587045329,-0.0549841135481671,0.0360052956468332,0.0525179907483655,0.0544628011171322,-0.000233843760982541,0.0376481529632481,0.0922567293041092,-0.0899118410058101,0.0302274475262749
"SRX6635568",-0.0522627193723251,-0.035196859223371,-0.0809309319062596,0.115122216895848,-0.000761424430920999,0.0427148229130294,0.014794498637667,-0.0849053955390739,-0.0415629529953591,-0.00694118369605781,-0.0470636976439852,0.0232884046853095,0.0503724851655374,0.0127774998002243,0.0163694247505126,0.0204470827317329,0.0557882588767845,-0.0216601046142964,0.0522496394646371
"SRX6635571",0.0601272263089469,0.0490723006972208,0.00370301146812714,-0.0510319667987671,-0.069207222390086,-0.102498389554592,-0.10632887288039,-0.042272068683868,-0.0913977875151405,-0.0925752998656884,-0.069241900933696,-0.0227047357511096,0.0629616049401451,0.0413912900082525,0.0677163431872427,0.0806170641783666,0.0337271864172066,0.0681828453931737,-0.0133781002501584
"SRX6635572",-0.0338874327221673,-0.0333538314718195,-0.0333186305389241,-0.0271380478868093,-0.0203007880085096,-0.0837479805963371,-0.0774991442534246,-0.0290664545539147,-0.0443904112765651,-0.0315518267740493,0.00218663339724516,0.0068061231007818,0.0657421796336995,0.0621261281353985,0.039482861435927,0.0795946505457949,0.0815517694715723,-0.00667818025811987,-0.0347608144782788
"SRX6635573",-0.00926849442190315,0.00364222047462497,-0.0130714587136099,-0.0509791028133574,0.036327683826132,-0.0918228436321052,-0.0870336129054069,-0.0176550463021845,-0.036772152000177,-0.0518233040303452,-0.00696380810887392,0.0216571593577239,0.0853667720063166,0.0691659932060904,0.0568565075293408,0.0676922249947045,0.0267544257241319,0.0355504215424471,-0.00787765507536967
"SRX6635574",-0.0281997260124933,-0.0579323611657766,-0.0325391385253059,-0.00248632171795703,0.0519689662972019,-0.0858122989163794,-0.0743998479280723,-0.0241484893527589,-0.0222851012174032,-0.0342635885700831,0.0215272474148553,-0.000668767999553357,0.0467201823734715,0.0310154415667625,0.0320350704753045,0.0629263462755781,0.0335171243431162,-0.0025866551213034,-0.0429457675112227
"SRX6635575",0.00590125980027868,0.0222100316289967,-0.0135137450481308,-0.0406772978943478,-0.0203659925952474,-0.0715080774962484,-0.082204394509662,-0.0209029741296558,-0.0621682497652187,-0.0709132055468321,-0.0361592090049642,-0.0236550060533688,0.0622032330260086,0.0381909337094816,0.0575135169366032,0.0832781957521621,0.0650790163133072,0.0233400987884336,-0.00678517749716318
"SRX6635576",0.00231368739673409,0.0448115389246477,-0.00385332582975255,-0.0562646858738939,-0.0284329063098596,-0.0769823314426378,-0.0817339724702107,-0.00367866913912613,-0.042294264668227,-0.0579389881057599,-0.00937364094286644,0.0153884494319148,0.0813097177547319,0.079042591672621,0.0534596121476571,0.080158269775906,0.081691356235005,0.0161988864393579,-0.00802953965334291
"SRX6635577",0.00823488294110087,0.0072527453030801,-0.0208510711018599,-0.0821072919507015,-0.103541216275755,-0.10186198125951,-0.0831533767338763,-0.0226917596869146,-0.0434631917881921,-0.0271647822786609,-0.00345398821064104,-0.0301865124874491,0.048237583020842,0.0302617443556303,0.0602272894742928,0.0844642152910287,0.0715747824599891,0.0314035644063658,-0.0150891840678154
"SRX6635578",-0.00630513684196884,0.0170333963261321,0.00190584558211112,0.0456159721648445,-0.05918180679208,0.164489581126889,0.142288967542781,0.0365753576453624,0.080505350746958,0.0684284715778015,-0.020909445441108,-0.0447632681318872,-0.093449416865796,-0.109609239317489,-0.0517974560217442,-0.0939024412048427,0.0237220444667005,-0.0472662975147515,0.112027389965029
"SRX6635579",-0.0190393788062618,-0.0357203800559088,-0.0593587427923183,-0.0372476743502573,-0.0170211269039405,-0.0649093261642367,-0.0728221802591197,-0.061921430440051,-0.0750985596647241,-0.0569750792066634,-0.0452127258757663,0.0193074226905593,0.0861714049999847,0.081940911069474,0.0638220620231205,0.081373340563551,0.0837338788772017,0.0264890532427793,0.00799097658330331
"SRX6635580",-0.0140532841531815,-0.0135464944703249,-0.0485586613724899,-0.0527506336842574,0.0235062535107632,-0.0633195413330441,-0.0755776397582984,-0.043767860331642,-0.0628100628483936,-0.0630005541049822,-0.0401223109278256,-0.00650463811884542,0.0866339155035195,0.0617219050120875,0.07426587830244,0.0920864461244965,0.0954486056532848,0.0265281105065827,0.0210814112669465
"SRX6635581",-0.0125421187857603,-0.00918048138593795,-0.0303801598177709,-0.0660543505781373,-0.0265947623460081,-0.0819604017316149,-0.0594304513768099,-0.0167613895468121,-0.00958263307476288,0.00218876563511734,0.0314246047713049,0.0213648479201346,0.072890933059891,0.0637661146538317,0.043053807652703,0.0598919573743729,0.0575061928732867,0.0199354600289354,-0.0181058118978847
"SRX6635582",-0.0358935948688352,0.0076538974586895,0.0564914212088876,-0.0543755290470465,0.00254016655003337,-0.0853296980296741,-0.0332831038466022,0.0743503403308163,0.0507513591595175,0.045339701815426,0.102314905432996,0.133181896659826,0.0509100280052752,0.134624831908286,-0.068134072897972,0.0114902609843883,0.036653589322732,-0.11388050070058,-0.133538447613182
"SRX6635583",0.0934921002648073,0.13799928781087,0.1882652275019,0.00110002997736912,-0.0381979535650859,-0.0871702603749291,-0.0529641399550776,0.175747823001678,0.0762489156603596,-0.0109532272730858,0.111582722050085,0.023186063495461,-0.0357012152571806,0.00546519004297066,-0.0694246510024964,-0.0112993596960285,-0.0319588486609614,-0.0468789175705155,-0.139931144421437
"SRX6635584",0.0272517248909811,0.0216412056566189,0.0131292047168962,-0.0445372130961857,-0.0298779760359254,-0.0826231031180714,-0.0726316306027229,0.00320714184364273,-0.0305732183938993,-0.0316235565654798,0.0144947338900913,-0.00757750213450616,0.0315524021666502,0.0323715879822679,0.0305893707441414,0.06050683784264,0.0440218640994428,0.0138774939051364,-0.040371049381505
"SRX6635585",-0.0309662721668404,-0.0377488131400968,-0.0409170983056061,-0.0079639830780902,0.0862973138272384,-0.02223907001079,-0.0357878932761471,-0.0236071874281929,-0.0241962176985733,-0.0416070189753606,-0.00994061719119049,0.0295652343599278,0.063255571254429,0.0724553010898577,0.021299760650297,0.0587108043863936,0.0632005012159405,-0.0221292244481634,-0.0109819276963317
"SRX6635586",0.121872960976353,0.112613833011468,0.113545276561569,0.0496677680307614,-0.0578169969448465,-0.0892697902753345,-0.0524277121637248,0.0851221377216094,0.0186647816510232,0.0114400991941265,0.0707515219613878,0.113910353148594,0.0463904769219218,0.0971048967819947,-0.0471736842363172,-0.0301952210479116,-0.101106040763466,0.0587108494650456,-0.115367431178744
"SRX6635587",-0.0151416054293599,-0.0289469923390321,0.0234391623771103,-0.0719021607619695,-0.0997689519481721,0.0195574967043576,0.0291901801496538,0.0376652497415759,0.0494950616930044,0.03584081300971,0.0472028179652593,-0.0604497832516634,-0.0770046870482713,-0.0718869937683146,-0.0256039057421175,-0.00972253276937355,0.0384326629280796,-0.0342191713080626,-0.00585226360985041
"SRX6635588",0.0794247588549654,0.0832153592122493,0.159104550346697,-0.0155177409499356,0.0608773220583533,0.0807864341090163,0.0707220105131618,0.168104442623233,0.121580608861921,0.0453920412749878,0.0802590929276503,-0.0267405292201329,-0.139226576188511,-0.0895104646724339,-0.114803130183354,-0.119547107523048,-0.0711390587724902,-0.0607662771945909,-0.0308914747742574
"SRX6635589",-0.0150912938656056,0.0106906585227559,0.0113763198415331,-0.0341621277711973,-0.01895583881747,-0.108475060832848,-0.0676322640740896,0.0410002852380169,0.0403572342471983,0.019736700916135,0.0812364188244655,0.0707541207167914,0.0432603931446848,0.0781515475167859,-0.00882906056000913,0.0440569765945186,0.0410041641357188,-0.0320757207596993,-0.0867233300501441
"SRX6635591",0.01507797569727,0.0143876898290395,-0.0023830616701438,0.0788820760507232,0.115749205619562,-0.0300985841887211,-0.0360362850759897,-0.0107411918780477,-0.0201895439909003,-0.0235458303002431,-0.0182228881413412,-0.0258351512827309,-0.00333882476861118,-0.0407125510738748,0.0270035924907093,0.0264195934833824,0.0100963855683623,0.0199640307751553,-0.000565112797527385
"SRX6635592",-0.0285205664094588,-0.0313105424009388,-0.0437534623144244,0.0456433476149169,0.0983235247898983,-0.0896447576819366,-0.0796121328658501,-0.0342239164276873,-0.0358232915304348,-0.0229072181029632,0.00293684170667385,0.0257586604228801,0.0562466331201936,0.0544935130709509,0.0221608149860217,0.0646531865069327,0.063548052049019,-0.0127508902198792,-0.045666947351117
"SRX6635593",0.00305316645450852,0.0208500244961906,0.0304409047416027,-0.0141982651633489,0.0209051720212193,0.100323682488343,0.0474410105551374,0.0474630644541699,0.0273612680811324,-0.0163102133821703,-0.0340252577898742,-0.0846463931727181,-0.0961729154758473,-0.119124285917786,-0.00285581385888112,-0.0357000792372724,0.020343448710047,-0.0214774843642852,0.111857871928983
"SRX6635594",0.186589924453121,0.208170334019128,0.20471933744299,-0.00506565160883945,0.0868004636292371,0.0729930309686061,0.0601419877845665,0.181455331012438,0.113629442543557,0.0213605580506349,0.0527533104549206,-0.0374604436116752,-0.136451627037573,-0.0955152553214629,-0.100173137719016,-0.135229036173252,-0.130920126442862,0.0472684649184252,-0.0141667620898001
"SRX6635596",-0.00266483930499924,0.0302117293872442,-0.0219062380777235,-0.0916987008336983,-0.0384065255115378,-0.0789118763216428,-0.0774902586636786,-0.0205150110037057,-0.043574676094038,-0.0329724739098868,-0.0133373442509708,0.0198534859024531,0.0971499561980498,0.0810156152498891,0.0671058934654844,0.0904060845964909,0.0978210676836721,0.0125933119438873,0.00980783469925162
"SRX6635597",-0.0399779955314604,-0.0437718422389498,-0.0567127099214511,-0.0778744801829264,0.0928146536427027,-0.0527092131157464,-0.0601952308356805,-0.0477559490329959,-0.0501343049421445,-0.0343418279907818,-0.0250288032539127,0.0370909988001195,0.0960264231830407,0.0945808616025331,0.0588893287997231,0.0786213656518448,0.0908695281075822,0.00272819579683594,0.0198161521183567
"SRX6635598",-0.0170451697098057,-0.0114819179026332,-0.0248424794439202,-0.100368263942362,-0.16475110960275,-0.0460751142283156,-0.0600998252216799,-0.0106191206614921,-0.027226069186106,-0.0312504908231329,0.00105371148333435,-0.0388190242130736,0.0446794431970918,0.0368883238681426,0.0543783800988203,0.0840802059339253,0.107259331710815,0.00347579025532121,0.00908554337370874
"SRX6635599",0.0496637927193447,0.0637555241266912,0.0405541726317617,-0.0316362789225399,-0.0499654828148856,-0.0874641847885147,-0.084069726033263,0.00751992286162829,-0.0577964648840585,-0.0478354340562301,-0.0102347856688454,0.00941879045423971,0.0623709032921626,0.0674210476457444,0.0283824948573294,0.0671868213468194,0.0677522372168807,0.0170338341624485,-0.03426037854709
"SRX6635600",-0.0795523419766808,-0.0552802189184555,-0.0873111161635956,0.0361237833316497,0.0683542928409147,-0.0664548782491438,-0.0531962754375226,-0.0813480856861927,-0.0549380164580259,0.0025528363665533,-0.0154005112332133,0.0662514439197662,0.0840385657497147,0.0907074152152806,0.0189386274721492,0.0595347194699169,0.0722137836078501,-0.0403774231519262,-0.0268089911187263
"SRX6635601",-0.049214952777079,-0.0575908345635868,-0.0796810339985677,-0.0309889335896177,-0.0404078604271461,-0.0887009199592603,-0.0671150515593742,-0.0137332389951576,0.0232919991296764,0.0111579921933115,0.043047312932786,0.0456777391869569,0.078165769014191,0.0726500883074093,0.047585334853025,0.0644955318944344,0.0623500965430907,7.47117937746013e-05,-0.0113947848039113
"SRX6635602",-0.0162774422774166,-0.00340878306200564,0.0100123806646374,-0.0437784628455797,-0.127874817785853,-0.0952879655988759,-0.0742797666551655,0.0129119013461029,-0.00958114947853401,-0.0151545640688414,0.0251563283120584,0.050964843239298,0.0779427269513526,0.0938138906736278,0.00827036063263887,0.0622735638678558,0.0695394350061248,-0.0429792363031461,-0.0591762459870692
"SRX6635603",0.00984361575714609,0.0349680047029347,0.0604055983473618,-0.0377048277218796,-0.00894114029036315,-0.0835728185233844,-0.0280863511119086,0.0951554822275689,0.0851403784422973,0.0528063128967912,0.107496396120006,0.0924626957580402,0.0486369917290165,0.102245226377343,-0.0415511646598299,0.00826487565004306,0.0190598673731783,-0.0711098151324839,-0.103406454704791
"SRX6635604",-0.0454381416664342,-0.0133257727004853,-0.0479805015824117,-0.0435848545132314,-0.125937558766715,-0.0796234567853488,-0.0628220105655753,-0.0519586816016252,-0.0509279729190991,-0.000186277538055071,-0.0224705019195558,-0.0168306654757543,0.0506384176652734,0.0398545556065628,0.0465136483228035,0.0748338057489158,0.066480758915025,-0.0131463507203811,-0.0207771485533007
"SRX6635605",0.012223404228144,0.0258768449022254,0.0176155006379879,-0.0673107340904192,0.0143498637580669,-0.0993001086373608,-0.0969862870219705,-0.0352371878590208,-0.0795661810163537,-0.0544241114500504,-0.0329828486016709,0.0120416002518882,0.0559729263880782,0.0613555094745591,0.0203273911236561,0.0843903084491694,0.0866587631214892,-0.0188081095768015,-0.0625628497518492
"SRX6635606",0.024553099429516,0.0323210746137447,0.00200273673799545,-0.0973806901792518,-0.0505540848415666,-0.103777003484294,-0.101770074190984,-0.0263224298495738,-0.0685489290090495,-0.0723526175121346,-0.036457632935308,-0.023320257316793,0.0479823586196362,0.0504406555496521,0.0466936436864037,0.0857525035577683,0.0760391220374456,0.0276127277201464,-0.0392827575740884
"SRX6635607",0.0062695317141536,-0.0389400878430136,-0.0229738030940892,-0.102093667248538,-0.0890102060264521,-0.0786799026590766,-0.0755279577666943,-0.0442725730618171,-0.0539481940440442,-0.0396554893557325,-0.00515942797297509,-0.0286650531758048,0.0410812235209905,0.0433003974367976,0.0473072591111696,0.0822887939540485,0.080663654212028,0.0336620546413109,-0.0305616309831142
"SRX6635608",-0.0152998527445122,-0.0433315422781017,-0.0430559763950904,-0.0461574652631008,0.042168216508249,-0.0999200623262152,-0.0767189578797639,-0.043318377368079,-0.0441069033901209,-0.0127502559283936,0.00757255431686308,0.0153128207577153,0.0790807759569133,0.0573624266814089,0.0605416319745522,0.0788162561387131,0.04143766527995,0.022687896719568,-0.0306029149914911
"SRX6635609",0.0310541331943282,0.037525877732245,0.00478347491122796,-0.0709921104649939,-0.0133866774276621,-0.0854583841897643,-0.0776198417444178,0.0199495595161684,-0.00367362188127428,-0.0331236872223651,0.00835864800993387,-0.0404790511921694,0.0310716090090813,0.0259410488265515,0.0507573623470045,0.0733962513324637,0.0658440983580751,0.0349560817287741,-0.00988520324624874
"SRX6635610",0.00534228326009977,0.00930098266828098,-0.0257901019228137,-0.0602773967024738,-0.0420464697816526,-0.0892170475717953,-0.0815598923978867,-0.0199080787450293,-0.0318635683352761,-0.0422391039226155,0.000291787977780181,-0.0130313597192512,0.0544381458579365,0.0474618050916545,0.0625583518633331,0.0698180463234134,0.0386736411013078,0.0478062170322242,-0.00808900502073227
"SRX6635611",0.00482564322666139,0.0127972287792213,-0.0355108100563136,0.0729045906445518,0.0796434476207993,-0.101928314300262,-0.112662863777152,-0.0762811935534863,-0.106517376463765,-0.0861826622281142,-0.0682144721743967,0.0036317134416274,0.0978808998549296,0.0445517760277447,0.0783058801551212,0.0995811286173975,0.0641339301802153,0.0297900572794432,-0.00446259132650468
"SRX6635612",0.0818002122542848,0.0986406639383427,0.117355879093002,0.008739879898254,-0.0196938969639466,0.0470595258416882,0.0465649870607384,0.11441659742953,0.0800645202692468,0.0363331805547233,0.0814447971423922,-0.0524803710079654,-0.123092462982924,-0.0981673068800636,-0.0805637953405281,-0.0757344059540919,-0.0801461905766705,-0.0225959566325568,-0.0489687056401721
"SRX6635613",0.0860293516481575,0.147707443080216,0.146588132742171,-0.0347263057240516,-0.0453238775067405,0.119948797879544,0.107224148817217,0.16806727260237,0.150111548334111,0.076783715196659,0.111581452445763,-0.0998535185974099,-0.182392818294999,-0.155570158563829,-0.121446490441388,-0.131037144711044,-0.0775948906642891,-0.0313025376540213,-0.0228968892350863
"SRX6635614",0.269040772618072,0.285456325128297,0.271300048401425,-0.00314235885283275,-0.0219985855585336,0.0714785658548279,0.0574946475077786,0.249474275831005,0.147735285807054,0.0107240121135624,0.0772562752465597,-0.0934168566188777,-0.192851560242056,-0.142474104192554,-0.120451684466699,-0.161937285262927,-0.203091345944729,0.107913014390753,-0.0535888791455583
"SRX6635615",0.0662697249740458,0.0426084972057932,0.0483058354303293,-0.0931498306850318,-0.0260549246817228,0.00884577370833729,-0.00494150444364853,0.0427216593277767,0.0215875581901651,0.00398972823903355,0.033930778865944,-0.0455558846122155,-0.0450289143644674,-0.0403705613408371,-0.0065397459959571,0.0013373246074667,0.0125671688050817,0.0216647576269633,0.0116204459257393
"SRX6635616",0.0576713486502874,0.022339321828657,0.00704626784507968,-0.0758145552118221,-0.0099959407590055,-0.0483673841368694,-0.0374579644108165,0.0222655381878456,0.0135459744106534,-0.0123551993221081,0.0180913097600257,-0.0489521478800746,0.0316532029144307,-0.0275173491023342,0.0517232552327818,0.0361421580374646,0.0304883830505235,0.0668579272357065,0.0317755032852847
"SRX6635617",0.0364320367449661,0.0463948816074454,0.0330079331238398,-0.0976532052650734,-0.00174346449033992,0.0403650062683776,0.0293286067105992,0.0528294687549277,0.061640715015598,0.0188373812145796,0.0399360414924499,-0.0618179448155256,-0.0589328696188899,-0.0498989985008191,0.0013444399304087,-0.0288099249815659,-0.031363805488732,0.0365432968623314,0.0354192751332716
"SRX6635618",-0.018963326956894,-0.0396149611842431,-0.0242181826257069,-0.019318290914371,-0.0200167526737367,0.0096255392080566,-0.00934696123193876,-0.0188430333866974,-0.00978874083687631,-0.0151092973689024,0.00313630673472448,-0.0534079976008609,-0.0147038275341594,-0.0321558882370877,0.0311897069188587,0.0240863435513577,0.0280263543224834,0.0129029599085055,0.0331164118802332
"SRX6635619",0.0693950712758433,0.07415463309988,0.0251295641251773,-0.0389432952130147,-0.0722030239782166,-0.0284367181660451,-0.0578566761292626,-0.0134408964014385,-0.0570932703844608,-0.0744834412166352,-0.0392690362802447,-0.082963863423379,-0.0124424904415366,-0.0611860447265733,0.0654227512123139,0.0450436427526423,-0.00208325903416784,0.0878569424819619,0.0470576222752442
"SRX6635620",0.0325168078212969,0.0440110215005962,0.0414809765519527,-0.0762423900576717,0.0959310642448193,-0.0423604714299107,-0.0551055156913016,0.0390332101100394,0.00499521165902498,-0.038949626528425,0.0270663853575344,-0.0173474133667085,-0.00655376213547563,0.0170331983813016,-0.00194677656300453,0.0435831863409812,0.0597302030982557,-0.024235114821087,-0.0285947887427011
"SRX6635621",-0.0519963684197572,-0.0469790955333556,-0.0843158230318174,-0.0632539057570446,0.00995696790695273,-0.0673638263660907,-0.0620084216104696,-0.050360771262604,-0.00864125198366669,0.00300973003716275,0.0138136357973736,-0.0276090697469126,0.0634050293018757,0.031657161232912,0.0808843808400585,0.0920819352349416,0.0964884783103521,0.0208240088192226,0.0225072169216025
"SRX6635622",0.0734455452630258,0.0670234466193168,0.0643920348186224,0.0107506204688565,-0.102069133658988,0.0333353946653643,0.0158254608430097,0.0671987188709617,0.0408059619522269,-0.0045961559138161,0.0316375468413172,-0.0429110094227984,-0.0622869849173975,-0.0617621420905588,-0.0242217470709663,-0.0404985226140851,-0.046760574488411,0.0434340796951793,0.0105433277350137
"SRX6635623",-0.0533911263195226,-0.0943445342328399,-0.0523704032372304,-0.00397921274539796,-0.0058281139508051,-0.0179028159505863,-0.0219110303459664,-0.0264098299025052,0.0207184785916678,0.01747260259956,0.0246889732783224,-0.042218577368569,-0.00344989352443942,-0.0416338388712226,0.0432117528050065,0.0291050211193638,0.0223489586972067,0.0149346696647631,0.0288909508484683
"SRX6635624",0.0640459931332442,0.0790702376805257,0.0277622520464462,0.0395517048511298,-0.0478212722678876,-0.0529540379668308,-0.0795735870828611,0.00525193367341597,-0.0309546164213499,-0.10832533002293,-0.0215133129745765,-0.0517444557499383,-0.0122260346212972,-0.0343601351272787,0.0523753247433306,0.033344571517691,-0.0238918991453909,0.086283131478592,0.0159889331643667
"SRX6635625",0.0783752527877237,0.0669418506250847,0.0193162033024165,-0.0661774081214985,0.0134208274083221,-0.0292772641225424,-0.0833934042494759,-0.0150225595911837,-0.0653436649638531,-0.130840308979004,-0.0657366587532749,-0.109925638404162,-0.0142387049756681,-0.0488502138958256,0.0911317552692698,0.060657810493237,0.0157139609158258,0.106157349537467,0.0652231722845972
"SRX6635626",0.0595485009696077,0.014227611379311,-0.00185492099003688,-0.0730910428220407,-0.0294988838593652,0.0242448121434305,-0.0298609733614818,-0.0124989758370984,-0.0331845561132206,-0.0807724023478536,-0.040608110790659,-0.123706790023937,-0.0539426224857198,-0.0860716818806225,0.0477982910365238,0.0246690591707355,0.0103381520476835,0.0848999301982243,0.0652501486979236
"SRX6635627",0.110138619297193,0.0812770605429732,0.038075488117717,-0.0863072986384902,-0.0331341482317184,-0.00293747263616419,-0.0465242420587237,0.0028949328627344,-0.040224601413666,-0.0900664048995421,-0.0513370728493649,-0.109041800727134,-0.0353440311792908,-0.0780181222698901,0.0594622790317852,0.0310531118994688,0.00337032493302274,0.112289618957157,0.0562654099645129
"SRX6635628",0.0974328876494436,0.0612863193935162,0.0364760220761706,-0.0316525313875001,0.0054316027353541,-0.0230807898639514,-0.065539791724717,0.000893058113964086,-0.037177911910895,-0.104566414903058,-0.0428600871135673,-0.0989204926333978,-0.0291246879684687,-0.0703268480091611,0.0690367801674398,0.0315996597613621,-0.0452322765997764,0.111504139792816,0.0425390231388011
"SRX6635629",0.126028033386593,0.118640257500516,0.139843426629967,-0.0506915318245618,-0.034595405114325,-0.00138011411793622,-0.0268446713622873,0.103649216936091,0.0468677803359831,-0.0480440609415242,0.0511798709352517,-0.0563994791455232,-0.0764501220870916,-0.0491108819767668,-0.0450578719854207,-0.0166086422383363,-0.0241829205458986,0.00764014820918592,-0.0571112050867973
"SRX6635630",0.0560522329889678,0.00979201384714269,0.0476230688478564,-0.0445281530778816,0.0115989940075424,-0.00940570346250656,-0.0261524587978827,0.0308596181509269,0.0117774082603675,-0.0310114751569529,0.0415513407426401,-0.0992730298214162,-0.0862004463982351,-0.0893742256042087,0.00348396406637519,0.0102367699715725,-0.00308162329514466,0.032628817488581,-0.0141398390557336
"SRX6635631",-0.0577214903739869,-0.0564440224086378,-0.071479966160159,-0.0542026381147572,-0.0447361183436677,0.0561131145815114,0.0107555325877153,-0.0590939665801136,-0.0430454306681363,-0.0482135441395993,-0.0529868469010551,-0.0596641903341129,0.000665566848727883,-0.0214345113559209,0.0521931582516618,0.047164610131435,0.0790090646874203,-0.00440591613566843,0.0892665964506121
"SRX6635632",0.070856531095757,0.0790741979112904,0.0348149500717227,0.00661930557452957,0.0258953856530594,0.00928448968742288,-0.031347085764892,0.0175817970432127,-0.0234613752793984,-0.0787818255883451,-0.0324710555293003,-0.0600761963889772,-0.0335705180023285,-0.0460171082615276,0.0261869151759017,0.017658031829154,0.0127365473679132,0.049033714210765,0.0369732452120827
"SRX6635633",0.125483724256677,0.0860706672487414,0.0763495772906202,-0.0692613161978967,-0.0562193460722505,-0.0494845700095797,-0.0853414035158411,0.00977453698790555,-0.0623669963198747,-0.122349775549263,-0.0515405926164891,-0.0832823648076962,-0.0161851551271955,-0.0336640912454596,0.0658337879109278,0.0357601164685355,-0.0578027823544138,0.135298478789666,0.0180210052194153
"SRX6635634",0.0154702578647985,0.00269263297995919,-0.0339448181405435,0.0479780822550814,9.99967909850741e-05,-0.0309989281480593,-0.0640830766782914,-0.0682612687155391,-0.0820898397463016,-0.0866674065123527,-0.0820274385030551,-0.0345783072144022,0.0253037149712586,-0.0178480957691581,0.0697159227345883,0.0394772487496566,-0.00809462382488665,0.0737753195297673,0.0463709089644952
"SRX6635635",0.0904097485017721,0.109532143579624,0.0526319467060702,-0.124709020529608,-0.134125135720327,0.0290991191956741,-0.0152922938326553,0.0242474796476333,-0.0187202331451968,-0.0655367196057423,-0.043566763882715,-0.123552947664603,-0.0797501077947491,-0.0950147256450836,0.0428677787562089,0.00670767384934286,-0.00820546994655038,0.0833827741461822,0.0708120384243838
"SRX6635636",0.0530357803802602,0.0365761714176957,0.0291509123004608,-0.0736711850198947,-0.0127869414690811,0.00770795742154628,-0.0225259473889279,0.0197927499616213,-0.000784376999850611,-0.0525798743797128,0.00216549700807642,-0.108757754382178,-0.0571747920159575,-0.0707905213868956,0.0318787728339281,0.0177152796389929,0.00560907554689563,0.0573869694090601,0.0419361199555694
"SRX6635637",-0.00837196998156605,0.0358615886142326,-0.0355939382236102,0.180228001491207,0.0137577498573874,-0.0197717788394955,-0.0512163939975852,-0.0172021885197045,-0.00614597290240564,-0.0538740725983826,-0.0227293474926829,0.00449703569158546,0.0551919388289343,-0.0171101042797431,0.0495167259932923,0.023748616892251,0.00279994179930288,0.0278267655983774,0.0534313366402374
"SRX6635638",0.018871042149976,0.015461909540699,-0.0173861693565422,0.0439792920913919,-0.0244119660426697,0.00281579717941844,-0.0537275634937351,-0.0509037690510021,-0.0765741136444779,-0.108108309727653,-0.0883625129971689,-0.0636254962006152,0.00148663847209033,-0.0383249734207821,0.0583003592760946,0.0339472681147365,0.00182404510673614,0.0587141043585358,0.0677117939136279
"SRX6635639",-0.0634213224869533,-0.0731598554004808,-0.0659665036928684,0.0117594546001184,0.17244992315125,-0.0418255436801369,-0.0851934101639309,-0.0754943647939645,-0.094381634502072,-0.130180133052385,-0.077699264951537,0.197154774311601,0.21032257976192,0.21883484067577,0.0717840735289129,0.0795322089688109,0.0783641093111118,0.00126727110726059,0.0465928488006939
"SRX6635640",-0.0162099583188986,-0.00526900073675298,-0.0464007035708013,-0.0518049442159772,0.0527107931250203,-0.080706122173889,-0.115353907469929,-0.110568449160065,-0.157540854296065,-0.137166615926779,-0.122811806624169,-0.00632199143112606,0.0999075050491941,0.0738626897018511,0.0875578235291701,0.107250947247218,0.0758867477116345,0.0373593068918793,0.0133002111464473
"SRX6635641",-0.00149906212360016,-0.0252960039596268,-0.0136304230433186,-0.0618884612096559,-0.0046196332777917,0.138347701643935,0.0853339173071573,0.0228624444867838,0.052435825963589,-0.00295723740753306,-0.0144849111750448,-0.0886626318313321,-0.0826266945454915,-0.108053112851629,0.014081227076173,-0.036406159607941,0.0301780453608673,0.0188210049479591,0.137513013031235
"SRX6635642",-0.039613931573162,-0.0306756569372381,-0.041703201484098,0.160818190530977,0.0857360612503059,0.111898082748292,0.0998919308622966,0.00300670056995805,0.0795028912078103,0.0802951293549333,0.002889724831302,0.0745237588525556,0.00859009387484537,-0.014345469173496,-0.0323006156305575,-0.0828066960904719,-0.0357714789811618,-0.0184132286563458,0.080601695320677
"SRX6635643",-0.0095545681429611,-0.0325171634360584,-0.0297233519954628,0.00941369048943097,-0.0241726499951415,0.107840840812058,0.0953517991836564,0.0183262745880967,0.07043760234415,0.0468327107475771,-0.00465141851988945,-0.138340076821455,-0.112801244566242,-0.177066617357218,0.00449736464156122,-0.0518236287442794,0.00599741427319218,0.0143599644444746,0.118493294073667
"SRX6635644",0.0328334603516269,-0.0135036703882166,0.0107976710440337,0.0457246486887769,0.0878760229177848,0.0241966676871469,-0.00707296301064577,0.0252585322990487,0.023548393282174,-0.0417837418485018,-0.0185568946352929,-0.0274159983950599,-0.00324529439933869,-0.0343260569164514,0.0233182463122814,-0.0175455647685015,-0.0291787272545759,0.0482842180785534,0.052871645079034
"SRX6635645",-0.0191788757612892,0.00380815552404326,-0.0267049150824838,0.0575685397854758,0.0348409607941728,0.0410709196519334,0.0266288952820724,0.0109680261485012,0.0402171554847125,0.0179438940931442,0.0241737794172993,-0.00610987582653546,-0.036309089628565,-0.0586711276571994,-0.022237460588092,-0.0389999868951405,-0.0396279781086511,0.018956691684265,0.0207834347354591
"SRX6635646",0.0159477988143086,-0.0163719853637555,-0.0564875689671345,-0.0377958908519841,-0.0576299116273091,0.0535753621968798,0.00815402541524036,-0.0308789397237597,-0.00540242678261206,-0.0351232064058655,-0.0472050723687055,-0.112585783134249,-0.0622909420963672,-0.118619652088589,0.0313413309255347,0.00325889818389609,0.0128785319010861,0.0707112828214735,0.076986090519279
"SRX6635647",0.101705547432357,0.0730600970458362,0.076348401813992,-0.0945815013868859,-0.0507234800943248,-0.00569651724990733,-0.0374385343959321,0.0778212478348075,0.0442874425022317,-0.0773194479541776,0.0177852750428571,-0.127749490328688,-0.0900065140802436,-0.109975463153282,0.0350624934929051,-0.00781884770406208,-0.0744821059048,0.109127562870475,0.0243779090230958
"SRX6635648",0.16681831490039,0.146533457285359,0.136782254931688,0.0268574047650364,0.0159549757735668,0.0950148598542058,0.062633201467987,0.115103417648705,0.0604570812718571,-0.00235210167660187,-0.00824548075535989,-0.0367466155823218,-0.0848557304471443,-0.0721568111269752,-0.0554868283397072,-0.0938260624315392,-0.0811560732926732,0.052248587097212,0.035435519554062
"SRX6635649",0.0259667075886456,-0.00381665978580781,0.0360130793496646,-0.0495818293792648,-0.0827498678312267,0.145695995016269,0.0984902112240817,0.0773973919541155,0.0982906866617502,0.0273901251685322,-0.00696313121256632,-0.114076597439188,-0.143050792692223,-0.151665525804738,-0.0029856841930459,-0.0959939646384956,-0.0364007849821857,0.0320236908654227,0.156630502290315
"SRX6635650",0.0252395540580969,-0.0664441624897717,0.0321715296228967,-0.0545040881066026,0.000376374150235561,0.138990356962276,0.124460176666184,0.0752637850900104,0.106051901934864,0.051377644572439,0.0334966050471896,-0.0958104182088233,-0.139038018836807,-0.153988811507905,-0.0242231071635505,-0.108073630013468,-0.0578261439982405,0.0233044347103793,0.118085701030565
"SRX6635653",0.0100766014894355,0.0733116996657295,0.0652974791766039,0.0679839136665944,0.00443706180966041,0.0201703720029783,0.0716159668440787,0.0627914915387907,0.0683238807771959,0.0941219757087013,0.0730766702963046,0.0980583422726769,-0.0206469725026867,0.0434091163005576,-0.109349543904835,-0.0846677879656264,-0.109439349908584,-0.0716738476675222,-0.109333524967937
"SRX6635654",-0.0151815697280433,-0.00132714111856111,0.0492048030235725,0.00897050658441186,-0.0255983483946675,0.077318500994981,0.109244237402392,0.040926566059257,0.0455476703181311,0.0795888631461182,0.0483724369254711,0.0161955622889168,-0.0713233452551116,-0.013022328209637,-0.100064073349031,-0.0820646912879858,-0.0709606474167886,-0.0792984969073997,-0.054773925178021
"SRX6635655",0.0591654154167423,0.127726372761645,0.168713966375208,0.0240554440116197,0.0637886141240062,0.0203245864829782,0.0976963195428632,0.178076539514007,0.140059478992576,0.125311663322438,0.160895758922609,0.170312372882366,-0.0507524169483073,0.0892755256207846,-0.177514950687818,-0.152998788383197,-0.171159094865283,-0.0829125535467279,-0.182848611881009
"SRX6635656",0.0297225504140264,0.0870025887003099,0.124415021895806,0.0256274620492802,-0.0758827866114184,0.0209676521793407,0.100618091443636,0.136379908909556,0.130401834795286,0.133655935178242,0.139218409960412,0.121947831626697,-0.0512428316938921,0.0503054222186579,-0.16432292475013,-0.139788896138257,-0.157609557390943,-0.0917208329775622,-0.156158561019439
"SRX6635657",-0.0143039056793455,0.0382146805376277,0.097840819493387,0.0749362443518012,0.0632477978124225,0.0251825744045922,0.104890280761597,0.111589683044536,0.11988385134562,0.139149197692,0.143727382885271,0.0978889435279538,-0.0869195459327536,0.0182611901904967,-0.165144708551549,-0.135366048620076,-0.163005738546862,-0.115459280664573,-0.16363389942863
"SRX6635658",-0.0368226067394839,-0.00552953126758417,0.0526803941946465,0.0431542799008317,0.0344157900659905,0.0240141788771981,0.0951561800408543,0.076994930287299,0.103607181932877,0.138616229099264,0.123142571280826,0.0780375938239549,-0.0490328039272459,0.0155720432751292,-0.132388799838309,-0.0919499544170396,-0.0895685594589256,-0.120920699668022,-0.131820423449781
"SRX6635659",-0.0519894518906553,-0.0304591916600403,0.0292964711639983,0.028425306453753,-0.0690052291199395,0.0560117356397106,0.117585605694591,0.0607969860816978,0.091824372704234,0.129694408240398,0.092355290473205,0.0945110342411125,-0.038653555966255,0.0443884284097364,-0.114130534257395,-0.083031551442306,-0.0660566038349786,-0.117124930945961,-0.094803661770201
"SRX6635660",-0.0393684449991341,-0.00849650984672215,0.0366740063916738,0.093279979701608,0.0635052980298184,-0.00499264780631207,0.0692182264395051,0.0709959001655267,0.104011898708502,0.13775146055097,0.130414161328924,0.0960771508345271,-0.0411427320798585,0.0229561877172639,-0.112261179998624,-0.0832184159384047,-0.106092610576869,-0.102155994096978,-0.131864751342891
"SRX6635661",-0.0967605174304422,-0.0516333998994313,0.00344745074217412,0.0643819547755816,-0.0208374631812008,0.0382943240670555,0.104137300493084,0.0466519010331578,0.0824152329464541,0.139715742467775,0.0961879555691032,0.12936395390991,-0.00209754319907383,0.0605339118975851,-0.115649037289674,-0.0728469115571043,-0.0312679775683995,-0.158588014172525,-0.0965086604545316
"SRX6635662",-0.0758032344440721,-0.0578321384665742,0.00618078610754992,0.0104834689306207,0.0684634361974587,0.0223046035770127,0.0877728407019663,0.0365380207016328,0.0688472857656159,0.116373711253882,0.0934945020681281,0.075626843853515,-0.0376136219056571,0.0326586197277986,-0.0975702513353493,-0.0602161666129665,-0.053069475665665,-0.11111778095498,-0.103637186886259
"SRX6635663",0.0100078437974301,0.0572348708929856,0.090618908297655,-0.0201436943146771,-0.00402093642106406,0.0597296311104269,0.118109279873368,0.130314269097795,0.150340239048217,0.144671173716678,0.14798211092914,0.0872250190977999,-0.0796956080804938,0.0171411471462283,-0.143475948375406,-0.128606676637668,-0.139955806046189,-0.078143199364843,-0.120790183344098
"SRX6635664",-0.0535295905489452,-0.00551638228692322,0.0539842981504942,0.119445561025113,0.0719697008867945,0.0114852302870202,0.0954549716643375,0.101287254651791,0.139661917482793,0.156030369561166,0.14984865969402,0.0775791007205079,-0.0584181038409961,0.00682871957320616,-0.143132453507323,-0.111056953790657,-0.110933381072319,-0.123084772732436,-0.137824515586238
"SRX6635665",-0.18354776600813,-0.160091652486371,-0.0843828245499424,0.119922754635605,0.157289012774642,0.00308753887028825,0.0852577783401129,-0.0329878902437757,0.0621664694353944,0.159809897527763,0.102460335680268,0.176507940810036,0.0495384047581234,0.107630049031349,-0.0889982858930629,-0.0377295901156976,0.00628779673916848,-0.194754384953073,-0.0976433768616322
"SRX6635666",-0.0385243802153171,0.00860790860847119,0.0396976507571752,0.0648623797011318,0.0649462149332117,0.0110197206262631,0.0818333143993837,0.0619427086926285,0.0896526808029286,0.131034846540439,0.119619814090069,0.0846166173949173,-0.0431329531463807,0.0200968963178919,-0.125412353377732,-0.0866155203394401,-0.0894734777790419,-0.10893790546224,-0.133450461117253
"SRX6635667",0.0390189588273985,0.0950059808120365,0.119672394001379,0.0686590082239243,0.107573942030248,-0.0427767235710845,0.0291617472767155,0.124963399555879,0.0979250513858742,0.0994488101610107,0.1293131769228,0.113044004485685,-0.0404129212704525,0.0526095726226254,-0.127058176386807,-0.090537428720771,-0.142074546283217,-0.0605911943989951,-0.173154601539566
"SRX6635668",-0.0807672327082187,-0.0664396738897569,-0.0312236430683141,0.021439805956909,0.0746293559432113,0.0345161820512442,0.0551192895045332,-0.0634352024670365,-0.0411885922811421,0.0638727483945406,-0.021635614699957,0.10423636864111,0.0463974220426491,0.0839340696673233,-0.0488913309463502,-0.00764706224892715,0.0309191593363972,-0.0925790404278155,-0.0507123040044702
"SRX6635669",-0.0352897556641559,0.0854681180226161,0.0435672384701234,0.211966849601653,0.140136701197976,0.0787878549350885,0.118940431570718,0.0152044474992618,0.0256028636957765,0.0891090129661565,0.00437374977183091,0.122992234923973,-0.00648162686480664,0.0230784215213986,-0.117814301076696,-0.107304456956741,-0.0750366132407245,-0.115483948996603,-0.0546692413279422
"SRX6635670",0.00522468066907274,0.0786160783252497,0.102687286307911,0.112323639986182,0.180078242566266,0.039462847578324,0.117867061826514,0.141923254612174,0.154815629058526,0.148591930072208,0.144701064828025,0.123038410055597,-0.0810326926944195,-0.0116570885067785,-0.169875844847258,-0.163151893603152,-0.169807967745345,-0.0937549406258741,-0.143579217140306
"SRX6635671",0.0341808664513986,0.0777312470472749,0.122350864720332,-0.0281963021855923,0.000541646994255574,0.0481495225163203,0.112455939434882,0.145055338159258,0.15463983657138,0.142009630448905,0.154569411800543,0.0708020673604929,-0.089756280780741,-0.00336832407923566,-0.145195514851022,-0.143875653396605,-0.16487062431798,-0.0565733841207585,-0.135383278254051
"SRX6635672",-0.0484045553897403,0.0117454857319507,0.0519382866602028,0.199569390750238,0.118224842705191,-0.00343957717840897,0.0792826356233432,0.0851916367806424,0.114982624041784,0.155359762771066,0.147230553877879,0.151821468560334,-0.0177301022890031,0.0561731097262588,-0.138258839459116,-0.0976410781246644,-0.103063320357525,-0.13131899460141,-0.151814674634813
"SRX6635673",-0.00531383495000328,0.0335361974157413,0.08089124940925,0.01586135786441,-0.00616416571295562,0.0165842322699053,0.0793505454354484,0.0965591093678785,0.102051824824862,0.119440568387978,0.122968649453622,0.0749073158358474,-0.0594040474172772,0.0298439389887048,-0.127992905414405,-0.0997420551542028,-0.121831161480177,-0.0795415113733867,-0.129478983448003
"SRX6635674",0.0080461203863998,0.0376763211968045,0.0919759703932528,0.0475760527192587,0.160896567682636,0.0249665955533953,0.098165216978439,0.122815873139721,0.142756956479043,0.139434322060646,0.144200592894103,0.0889590745751427,-0.0700697436197496,0.0161437260556922,-0.143959950557688,-0.126045956026506,-0.133398489518974,-0.0973054207320518,-0.132569833597156
"SRX6635675",-0.0834198387988048,-0.0178951432952183,0.0395534999736622,0.100685214586183,0.0466756052016757,0.0426575678257489,0.119237327045382,0.0890272205394526,0.135278743351021,0.160999594371012,0.135846727636003,0.135367164280155,-0.0451868707319637,0.0484037866553936,-0.151261130402127,-0.11632852550114,-0.0915981215985672,-0.150502240290006,-0.129930471076912
"SRX6635676",0.0343436340270561,0.0576008441750208,0.0934377032953565,0.00605641501614149,0.0157331567499479,0.118363133329773,0.148745600397412,0.109320854218256,0.116729819098359,0.109720894450287,0.0766688941825034,-0.0514878125989444,-0.15431233680347,-0.130377431503952,-0.118936293409386,-0.134899138551203,-0.087482388411319,-0.0682177712153338,-0.0143275320244006
"SRX6635677",-0.0427981815911697,-0.00588522714542232,0.0513533998642066,0.0792013840772484,0.122259716095867,0.0990239187492309,0.15145345779011,0.0860288552371237,0.128984077276772,0.148826273614473,0.115619680746825,0.0583206942633989,-0.106816617245288,-0.0532896807992754,-0.129490125102239,-0.128536658697441,-0.0846451669273662,-0.117360908459104,-0.0564637430720758
"SRX6635678",0.0432445353997112,0.0969303471831963,0.0940749227446115,0.0319584457792842,-0.0173810576583952,0.00865521663699786,0.0715237870888125,0.0994569570222486,0.0918513219513419,0.10754990707056,0.109206401051191,0.0395283299391799,-0.0665255234787015,-0.0180414502202866,-0.10452675244213,-0.0868991381599521,-0.104476654303658,-0.0504886658246776,-0.105779612680314
"SRX6635679",-0.0557396020551053,-0.0459680217375546,0.0167102142103134,0.0586265218158067,-0.0482870452422259,0.139327370189575,0.185603560634046,0.0738031938452937,0.144182153359831,0.164361386229214,0.106290420886614,-0.0263054064994262,-0.132059318587652,-0.11721455112847,-0.120594168541779,-0.110505510759725,-0.0229746738182778,-0.150323737215583,-0.00653802656783627
"SRX6635680",0.0182438236175873,0.00254521479409218,0.00526039300730583,0.0486615685335156,0.0913102710262937,0.0859625793921585,0.0829891640033679,-0.0353069402458679,-0.0291619034187999,0.0209618103701322,-0.094857699979183,0.0574593069195033,0.0124085805298979,0.00264571043576006,-0.0067845831281019,-0.0655628390050539,-0.0835353998111243,0.0345125213516902,0.0555987055728858
"SRX6635681",0.0602274732873719,0.059042238893931,0.00601412466028923,0.108027777958746,0.138477019890394,-0.0579526048658496,-0.041844579107936,-0.0486803483390627,-0.0813163789739648,-0.0110774692619448,-0.0649122398349929,0.085454794912267,0.0767073035477883,0.0777782789545241,0.0270627230544043,-0.00119417896467736,-0.078433939166966,0.0836881387613288,-0.0137729443415274
"SRX6635682",0.0207099019849981,-0.0223548483317522,-0.0398556790248631,0.0616787706226796,0.0350887442056491,0.0253538038867959,0.00551846108147927,-0.106475621789777,-0.111595129576503,-0.0369919406904276,-0.127103836957153,0.0314506568350025,0.0702823348105379,0.0394554788513761,0.0498411233992226,0.0190674377096942,-0.02349943145679,0.048910893430734,0.0636663536146615
"SRX6635683",0.0563859947966632,0.0103703664692206,0.0391611454968287,0.0229546909654,-0.00106648096500621,0.070290887426461,0.0921530898490953,0.0235473198687035,0.0274346659887499,0.0479296684220314,-0.00696927376362252,0.0328141144101186,-0.018996557197998,-0.00151260064180123,-0.0326933226386607,-0.0745302263383522,-0.0998025659355307,0.0257776259697473,0.0178332176821111
"SRX6635684",-0.0296283512347752,-0.110413680149456,-0.0243695374864167,0.0556695508408286,0.092232383447826,0.0528068343876561,0.0758524734602506,-0.0308408712402774,0.00480143327845605,0.0571082431123242,-0.0105448352587666,0.0886569009546419,0.0189791246614251,0.0362759536021927,-0.0320654079369873,-0.0536216241194436,-0.0526292932199647,-0.0183651762441642,3.07803502348217e-05
"SRX6635685",-0.0139707020293445,-0.0563996624239103,-0.0260284094972905,-0.0283016852247291,-0.0756551076700985,0.066518874411054,0.0636454674554155,-0.0528577521940443,-0.0481443728339871,0.00932171035736066,-0.074325468220412,0.00934003291866284,0.0069878171311133,-0.000879986120321704,0.0187848617063184,-0.0177544919174629,-0.0356764820751617,0.0288352911671247,0.0566873040690773
"SRX6635686",-0.0223772180627363,-0.0513358998487947,-0.0366622262074461,0.0815777590406854,0.14208580149031,0.0602407921966207,0.0515586344264009,-0.0908954074368985,-0.0868080503055443,-0.00310405287952258,-0.120860068528808,0.0381537378221818,0.0152799537990035,0.00202890986929465,0.0151731505077463,-0.0289239483384979,-0.0621601340250558,0.0303107467011551,0.0497489706134698
"SRX6635687",0.0294813947588478,-0.0227995051461253,0.00920894639486879,0.00373183992481803,-0.0308185486729665,0.0193120429744013,0.00278748050834441,-0.0774259769627492,-0.10503387798657,-0.0294075219072078,-0.11861313623846,0.0272014928540591,0.045345680472412,0.0435624626525658,0.0253035109165119,-0.000213915795955902,-0.0343831960158135,0.0447009944067512,0.0325124555966799
"SRX6635688",0.0734220964291991,0.0880148740722774,0.0741189142744985,0.226216229115929,0.199362788660623,0.0668393531029295,0.0595878518364303,-0.00472013834318504,-0.0496648968518868,-0.00566051576694014,-0.0867836721280702,0.125621137773218,0.0443292604454957,0.0657281710498056,-0.036046566910659,-0.0887468683485376,-0.12386564545547,0.0436186070073293,0.0146903475448525
"SRX6635689",0.0924201448441319,0.0757962600948461,0.05109955313528,0.0379023637365738,-0.09733222064986,0.071750196660911,0.0507804072344111,-0.0256682224646238,-0.0612497225397153,-0.0264071398441673,-0.127049298940033,0.00966575282523724,-0.023405423806425,-0.0210417717260002,0.00665259899263854,-0.0600299751953881,-0.111544632592738,0.0863705037792885,0.0530544081477577
"SRX6635690",-0.0171789740791346,-0.04261195424428,-0.0378870587802373,0.00238403737414047,-0.0155864751583348,0.0554151454739142,0.0614911738538165,-0.0599719284384503,-0.0440774777731313,0.0121833028497736,-0.0725660819438878,0.0127590396057085,0.0203661345714605,0.00827524970666688,0.0228401034552033,-0.0116327733414211,-0.0238122048946365,0.0246394467564046,0.0601674153340467
"SRX6635691",-0.0218926074653502,0.0299923424192788,0.0463516091678425,0.0939736788089957,0.022681898341351,0.013301171614643,0.0625312250159577,0.0244425779715753,0.0228086423017952,0.0688721750855212,0.0401031176003691,0.123532991978491,0.00386260902104426,0.0708505972314455,-0.105386128309521,-0.0784100415858313,-0.0950552477102533,-0.0732411908170106,-0.105362109366674
"SRX6635692",-0.132609177977429,-0.0432477185675435,-0.0284255786540175,0.233668403312179,0.117057629780372,0.0441389697623978,0.0940012887344614,-0.0225427743982294,0.0254634183728135,0.114928420463434,0.0311559595112415,0.171933870448325,0.035956525124284,0.0837639323609533,-0.10745463433898,-0.0754773869860734,-0.0453295658098901,-0.15597414665684,-0.0785881713776567
