"","stage"
"MEskyblue",0.368131468733466
"MEdarkorange",0.113628256072956
"MEtan",0.0610726081425479
"MElightcyan",1.30418921742549e-11
"MEsaddlebrown",7.8904203562442e-05
"MEgrey60",0.00697102441999553
"MEyellow",0.138830291402675
"MEcyan",0.00581657157035353
"MEdarkturquoise",0.0996289978039219
"MEblack",0.504428251082722
"MEwhite",0.00258455933953367
"MEmidnightblue",0.688661287154131
"MEdarkgreen",0.719683148472161
"MEmagenta",0.225165438602482
"MEbrown",0.811635123220903
"MElightgreen",0.326431528462695
"MEorange",0.673222958210897
"MElightyellow",0.99167817104505
"MEpurple",0.0116601582224078
