"hgnc_symbol","ensembl_gene_id","module"
"COPZ2","ENSG00000005243","tan"
"UQCRC1","ENSG00000010256","tan"
"MRPS24","ENSG00000062582","tan"
"BUD23","ENSG00000071462","tan"
"RPS5","ENSG00000083845","tan"
"AAMDC","ENSG00000087884","tan"
"NDUFB2","ENSG00000090266","tan"
"MYL6","ENSG00000092841","tan"
"MRPS18A","ENSG00000096080","tan"
"SNU13","ENSG00000100138","tan"
"POLR2F","ENSG00000100142","tan"
"MCAT","ENSG00000100294","tan"
"RPS16","ENSG00000105193","tan"
"FBL","ENSG00000105202","tan"
"WDR83OS","ENSG00000105583","tan"
"CHCHD2","ENSG00000106153","tan"
"BUD31","ENSG00000106245","tan"
"AP1S1","ENSG00000106367","tan"
"MRPL27","ENSG00000108826","tan"
"ANAPC15","ENSG00000110200","tan"
"MRPL51","ENSG00000111639","tan"
"TPI1","ENSG00000111669","tan"
"COX6A1","ENSG00000111775","tan"
"CUTA","ENSG00000112514","tan"
"TUSC2","ENSG00000114383","tan"
"DGUOK","ENSG00000114956","tan"
"POLE4","ENSG00000115350","tan"
"SPR","ENSG00000116096","tan"
"PARK7","ENSG00000116288","tan"
"ATP6V0B","ENSG00000117410","tan"
"NENF","ENSG00000117691","tan"
"VAMP8","ENSG00000118640","tan"
"SMUG1","ENSG00000123415","tan"
"SNRPC","ENSG00000124562","tan"
"RPS10","ENSG00000124614","tan"
"MEA1","ENSG00000124733","tan"
"NDUFA1","ENSG00000125356","tan"
"SNRPD2","ENSG00000125743","tan"
"ERGIC3","ENSG00000125991","tan"
"UROD","ENSG00000126088","tan"
"COX6B1","ENSG00000126267","tan"
"PRDX5","ENSG00000126432","tan"
"UXT","ENSG00000126756","tan"
"UQCR11","ENSG00000127540","tan"
"NEDD8","ENSG00000129559","tan"
"APOC1","ENSG00000130208","tan"
"COX4I1","ENSG00000131143","tan"
"VPS25","ENSG00000131475","tan"
"NDUFA2","ENSG00000131495","tan"
"TIMM10","ENSG00000134809","tan"
"TMEM258","ENSG00000134825","tan"
"ATP5MC2","ENSG00000135390","tan"
"BLOC1S1","ENSG00000135441","tan"
"CDK4","ENSG00000135446","tan"
"COX5B","ENSG00000135940","tan"
"TACO1","ENSG00000136463","tan"
"PSMB7","ENSG00000136930","tan"
"RPL35","ENSG00000136942","tan"
"HINT2","ENSG00000137133","tan"
"UQCC2","ENSG00000137288","tan"
"SERF2","ENSG00000140264","tan"
"MIEN1","ENSG00000141741","tan"
"PSMB6","ENSG00000142507","tan"
"RPS11","ENSG00000142534","tan"
"MRPL24","ENSG00000143314","tan"
"JTB","ENSG00000143543","tan"
"HAX1","ENSG00000143575","tan"
"RPL10","ENSG00000147403","tan"
"NDUFB9","ENSG00000147684","tan"
"SURF1","ENSG00000148290","tan"
"MSRB2","ENSG00000148450","tan"
"RPS3","ENSG00000149273","tan"
"TMEM219","ENSG00000149932","tan"
"APOA2","ENSG00000158874","tan"
"ATP5MC1","ENSG00000159199","tan"
"PSMD4","ENSG00000159352","tan"
"PSMB4","ENSG00000159377","tan"
"SNRNP25","ENSG00000161981","tan"
"NAXE","ENSG00000163382","tan"
"KRTCAP2","ENSG00000163463","tan"
"UQCRQ","ENSG00000164405","tan"
"RPS14","ENSG00000164587","tan"
"FMC1","ENSG00000164898","tan"
"TAF10","ENSG00000166337","tan"
"CIAO2B","ENSG00000166595","tan"
"MRPL16","ENSG00000166902","tan"
"POP5","ENSG00000167272","tan"
"TRAPPC2L","ENSG00000167515","tan"
"POLR2G","ENSG00000168002","tan"
"COPS6","ENSG00000168090","tan"
"UQCC5","ENSG00000168273","tan"
"TMEM208","ENSG00000168701","tan"
"RNF181","ENSG00000168894","tan"
"ATP5ME","ENSG00000169020","tan"
"NSMCE1","ENSG00000169189","tan"
"SF3B5","ENSG00000169976","tan"
"ELP5","ENSG00000170291","tan"
"GABARAP","ENSG00000170296","tan"
"MRPL36","ENSG00000171421","tan"
"RPS21","ENSG00000171858","tan"
"COPRS","ENSG00000172301","tan"
"COPS9","ENSG00000172428","tan"
"TRMT112","ENSG00000173113","tan"
"COMMD1","ENSG00000173163","tan"
"MRPL11","ENSG00000174547","tan"
"BANF1","ENSG00000175334","tan"
"ATOX1","ENSG00000177556","tan"
"IMP3","ENSG00000177971","tan"
"COX14","ENSG00000178449","tan"
"COX5A","ENSG00000178741","tan"
"EIF3K","ENSG00000178982","tan"
"MRPL14","ENSG00000180992","tan"
"LSM10","ENSG00000181817","tan"
"COA4","ENSG00000181924","tan"
"MRPS11","ENSG00000181991","tan"
"NOP10","ENSG00000182117","tan"
"SMDT1","ENSG00000183172","tan"
"COA3","ENSG00000183978","tan"
"HDDC3","ENSG00000184508","tan"
"TMEM179B","ENSG00000185475","tan"
"MRPL40","ENSG00000185608","tan"
"TMEM203","ENSG00000187713","tan"
"MRPL21","ENSG00000197345","tan"
"RPL37A","ENSG00000197756","tan"
"UBL5","ENSG00000198258","tan"
"CCDC167","ENSG00000198937","tan"
"PFDN6","ENSG00000204220","tan"
"LSM2","ENSG00000204392","tan"
"PSENEN","ENSG00000205155","tan"
"TMEM256","ENSG00000205544","tan"
"NDUFS3","ENSG00000213619","tan"
"UBA52","ENSG00000221983","tan"
"NDUFAF8","ENSG00000224877","tan"
"OST4","ENSG00000228474","tan"
"RPL41","ENSG00000229117","tan"
"PET100","ENSG00000229833","tan"
"APOC2","ENSG00000234906","tan"
"ATP5MF","ENSG00000241468","tan"
"ARPC4","ENSG00000241553","tan"
"HYPK","ENSG00000242028","tan"
"EIF6","ENSG00000242372","tan"
"MRPL20","ENSG00000242485","tan"
"NME2","ENSG00000243678","tan"
"TMEM141","ENSG00000244187","tan"
"CNPY2","ENSG00000257727","tan"
"MRPS21","ENSG00000266472","tan"
"NDUFA7","ENSG00000267855","tan"
"NCBP2AS2","ENSG00000270170","tan"
"PSMB3","ENSG00000277791","tan"
