Symbol	padj	pvalue	t	B	log2FoldChange	GB_ACC	SPOT_ID
BAX	3.16e-09	5.12e-12	8.51491	17.1357	0.671799	NM_138761.3	
LGALS3	1.38e-06	4.47e-09	6.81731	10.5858	1.093527	NM_001177388.1	
CXCL10	4.52e-06	2.65e-08	6.36736	8.8656	1.892016	NM_001565.1	
ITGA6	4.52e-06	2.92e-08	6.34239	8.7707	0.759783	NM_000210.1	
LAIR1	5.46e-06	4.42e-08	6.23714	8.3715	0.75917	NM_002287.3	
CD59	8.04e-06	7.81e-08	6.09175	7.8225	0.370438	NM_000611.4	
CD58	8.33e-06	9.43e-08	6.04339	7.6405	0.437955	NM_001779.2	
CASP1	1.67e-05	2.16e-07	5.83047	6.8436	0.59087	NM_001223.3	
SPP1	6.02e-05	8.76e-07	5.4648	5.4941	2.039647	NM_000582.2	
PECAM1	9.42e-05	1.52e-06	5.31859	4.9624	0.357445	NM_000442.3	
CTSS	1.05e-04	1.92e-06	5.25734	4.7413	0.564414	NM_004079.3	
CXCL9	1.05e-04	2.14e-06	5.22845	4.6372	1.682807	NM_002416.1	
IL2RG	1.05e-04	2.25e-06	5.21508	4.5892	0.761761	NM_000206.1	
MR1	1.05e-04	2.41e-06	5.19663	4.5229	0.568664	NM_001531.2	
SYK	1.05e-04	2.55e-06	5.18154	4.4688	0.557881	NM_003177.3	
CD14	1.12e-04	2.94e-06	-5.14335	4.3322	-0.427007	NM_000591.2	
FAS	1.12e-04	3.12e-06	5.12708	4.274	0.635513	NM_000043.3	
CCL18	1.12e-04	3.48e-06	5.09822	4.1711	0.921502	NM_002988.2	
ADA	1.12e-04	3.64e-06	5.08592	4.1273	0.503235	NM_000022.2	
CD74	1.12e-04	3.79e-06	5.07511	4.0889	0.588747	NM_001025159.1	
ITGB2	1.12e-04	3.81e-06	5.07375	4.0841	0.594231	NM_000211.2	
STAT4	1.12e-04	4.01e-06	5.06001	4.0353	0.630546	NM_003151.2	
CTSC	1.12e-04	4.21e-06	5.04633	3.9867	0.408904	NM_001814.4	
PTPRC_all	1.12e-04	4.33e-06	5.03878	3.9599	0.562063	NM_080921.2	
TNFSF13B	1.13e-04	4.58e-06	5.02356	3.906	0.478272	NM_006573.4	
NOD2	1.43e-04	6.03e-06	4.94915	3.6434	0.68565	NM_022162.1	
CASP8	1.59e-04	6.97e-06	4.90961	3.5045	0.286432	NM_001228.4	
CD53	1.59e-04	7.22e-06	4.90004	3.4709	0.601626	NM_001040033.1	
TGFBR1	1.95e-04	9.16e-06	4.83516	3.2442	0.36343	NM_004612.2	
HPRT1	2.15e-04	1.09e-05	-4.78715	3.0773	-0.492904	NM_000194.1	
CD48	2.15e-04	1.09e-05	4.78669	3.0757	0.665335	NM_001778.2	
TRAF1	2.15e-04	1.11e-05	4.7819	3.0591	0.598551	NM_005658.3	
TAP2	2.17e-04	1.16e-05	4.77084	3.0208	0.489158	NM_000544.3	
IKBKE	2.98e-04	1.64e-05	4.67409	2.6873	0.677063	NM_014002.2	
CSF2RB	3.03e-04	1.72e-05	4.66173	2.6449	0.513152	NM_000395.2	
PIGR	3.58e-04	2.09e-05	4.60721	2.4586	0.597639	NM_002644.2	
HAVCR2	4.35e-04	2.60e-05	4.54502	2.2474	0.525239	NM_032782.3	
SRC	4.45e-04	2.74e-05	4.53088	2.1996	0.484226	NM_005417.3	
HLA-DMB	4.68e-04	2.95e-05	4.50962	2.1278	0.574057	NM_002118.3	
CCL20	4.77e-04	3.09e-05	4.49723	2.0861	1.374548	NM_004591.1	
B2M	6.19e-04	4.11e-05	4.41621	1.8145	0.438743	NM_004048.2	
TNF	6.90e-04	4.72e-05	4.37653	1.6824	0.643858	NM_000594.2	
HLA-B	6.90e-04	4.80e-05	4.37166	1.6662	0.58924	NM_005514.6	
LILRB4	7.25e-04	5.21e-05	4.34839	1.589	0.584775	NM_001081438.1	
FCGR2A/C	7.25e-04	5.28e-05	4.34432	1.5756	0.687374	NM_201563.4	
CD82	7.74e-04	5.76e-05	-4.31924	1.4927	-0.416288	NM_002231.3	
CD2	8.16e-04	6.21e-05	4.29786	1.4223	0.699892	NM_001767.3	
HLA-DPA1	8.19e-04	6.49e-05	4.28486	1.3795	0.576702	NM_033554.2	
UBE2L3	8.19e-04	6.52e-05	4.28374	1.3758	0.250491	NM_198157.1	
FCGR2A	8.19e-04	6.62e-05	4.27908	1.3606	0.660798	NM_021642.3	
ITGAM	8.23e-04	6.80e-05	4.27171	1.3364	0.528051	NM_000632.3	
MAP4K2	8.29e-04	6.97e-05	4.26426	1.312	0.394997	NM_004579.2	
LY96	8.38e-04	7.19e-05	4.25535	1.2828	0.444113	NM_015364.2	
CD83	8.85e-04	7.91e-05	4.22782	1.1929	0.76293	NM_004233.3	
CYBB	8.85e-04	7.97e-05	4.22545	1.1851	0.427704	NM_000397.3	
PSMB9	8.85e-04	8.02e-05	4.22355	1.1789	0.467405	NM_002800.4	
HLA-A	9.47e-04	8.74e-05	4.19883	1.0985	0.482511	NM_002116.5	
PDGFRB	9.82e-04	9.22e-05	4.18322	1.0478	0.645766	NM_002609.3	
TAPBP	1.00e-03	9.62e-05	4.17069	1.0072	0.365208	NM_003190.4	
HLA-DMA	1.00e-03	9.83e-05	4.16429	0.9865	0.479078	NM_006120.3	
CD6	1.00e-03	1.00e-04	4.15892	0.9692	0.689333	NM_006725.3	
TRAF2	1.00e-03	1.01e-04	4.15754	0.9647	0.328871	NM_021138.3	
TGFB1	1.04e-03	1.06e-04	4.14277	0.917	0.409059	NM_000660.3	
CD45R0	1.05e-03	1.08e-04	4.13569	0.8942	0.59999	NM_080921.3	
TLR3	1.10e-03	1.16e-04	4.11688	0.8337	0.358558	NM_003265.2	
SLAMF7	1.14e-03	1.21e-04	4.10248	0.7874	0.699612	NM_021181.3	
CLEC7A	1.16e-03	1.26e-04	4.09057	0.7493	0.516186	NM_197954.2	
IKZF2	1.16e-03	1.29e-04	4.08513	0.7318	0.42622	NM_016260.2	
FCGR3A/B	1.16e-03	1.30e-04	4.08218	0.7224	0.442543	NM_000570.4	
CD96	1.32e-03	1.49e-04	4.04088	0.5907	0.592987	NM_005816.4	
HLA-DPB1	1.34e-03	1.54e-04	4.0315	0.5609	0.531098	NM_002121.4	
CDKN1A	1.35e-03	1.58e-04	4.0243	0.538	0.944886	NM_000389.2	
ITGAX	1.35e-03	1.60e-04	4.02122	0.5283	0.852021	NM_000887.3	
IL10RA	1.45e-03	1.74e-04	3.99603	0.4485	0.364591	NM_001558.2	
CD36	1.48e-03	1.81e-04	3.98412	0.4109	0.386754	NM_001001548.2	
PSMB8	1.48e-03	1.85e-04	3.9771	0.3888	0.312719	NM_004159.4	
TRAF3	1.48e-03	1.87e-04	3.97452	0.3807	0.32352	NM_145725.1	
MSR1	1.48e-03	1.87e-04	3.97372	0.3782	0.576907	NM_002445.3	
IL6R	1.68e-03	2.15e-04	-3.93281	0.2497	-0.434457	NM_000565.2	
BTK	1.82e-03	2.36e-04	3.90438	0.1609	0.470676	NM_000061.1	
IL18	1.98e-03	2.59e-04	3.87566	0.0716	0.426573	NM_001562.2	
ABCB1	2.15e-03	2.86e-04	3.84628	-0.0193	0.352886	NM_000927.3	
ATG7	2.17e-03	2.91e-04	3.84063	-0.0368	0.259082	NM_001136031.2	
CD24	2.22e-03	3.02e-04	3.82936	-0.0715	0.8201	NM_013230.2	
CX3CR1	2.46e-03	3.38e-04	3.79475	-0.1778	0.615952	NM_001337.3	
CD45RB	2.49e-03	3.52e-04	3.7827	-0.2147	0.447999		ENST00000367367.1
GAPDH	2.49e-03	3.54e-04	3.78095	-0.22	0.292748	NM_002046.3	
CCL4	2.49e-03	3.54e-04	3.78086	-0.2203	0.695294	NM_002984.2	
CASP3	2.50e-03	3.60e-04	3.77605	-0.235	0.208969	NM_032991.2	
TAGAP	2.54e-03	3.70e-04	3.76753	-0.261	0.487826	NM_054114.3	
THY1	2.60e-03	3.85e-04	3.7548	-0.2998	1.021766	NM_006288.2	
CCL5	2.60e-03	3.90e-04	3.75082	-0.3119	0.71043	NM_002985.2	
B3GAT1	2.60e-03	3.92e-04	-3.74989	-0.3148	-1.141884	NM_018644.3	
IL1RAP	3.25e-03	4.95e-04	-3.67743	-0.5337	-0.532213	NM_002182.2	
ITGA4	3.58e-03	5.50e-04	3.64465	-0.6319	0.520147	NM_000885.4	
G6PD	3.63e-03	5.64e-04	3.63637	-0.6567	0.356119	NM_000402.2	
CD79A	3.67e-03	5.77e-04	3.62958	-0.6769	0.709937	NM_001783.3	
ATG10	3.68e-03	5.84e-04	3.62568	-0.6885	0.279014	NM_001131028.1	
HLA-DOB	3.70e-03	5.93e-04	3.62056	-0.7037	0.602822	NM_002120.3	
GZMA	3.83e-03	6.20e-04	3.60702	-0.744	0.563292	NM_006144.2	
CCRL2	3.87e-03	6.36e-04	3.59858	-0.769	0.49281	NM_003965.4	
NT5E	3.87e-03	6.38e-04	-3.59774	-0.7715	-0.458349	NM_002526.2	
TNFRSF14	3.91e-03	6.52e-04	3.59097	-0.7915	0.278457	NM_003820.2	
CLEC4A	4.09e-03	6.89e-04	3.57356	-0.8429	0.30152	NM_194448.2	
HFE	4.28e-03	7.30e-04	3.55519	-0.897	0.278875	NM_139011.2	
GFI1	4.28e-03	7.34e-04	3.55341	-0.9022	0.479708	NM_005263.2	
CXCR4	4.62e-03	8.11e-04	3.52191	-0.9945	0.779661	NM_003467.2	
STAT1	4.62e-03	8.12e-04	3.5212	-0.9966	0.436913	NM_007315.2	
CXCR3	4.62e-03	8.22e-04	3.51765	-1.007	0.615459	NM_001504.1	
LILRB1	4.62e-03	8.23e-04	3.51728	-1.008	0.42753	NM_001081637.1	
NFKBIZ	4.81e-03	8.63e-04	-3.50178	-1.0532	-0.434122	NM_001005474.1	
CMKLR1	5.55e-03	1.00e-03	3.45305	-1.1943	0.313928	NM_004072.1	
IRF7	5.62e-03	1.03e-03	3.44608	-1.2144	0.440362	NM_001572.3	
NLRP3	5.92e-03	1.09e-03	3.42627	-1.2713	0.490606	NM_001079821.2	
ITGAE	5.97e-03	1.11e-03	3.42048	-1.2879	0.26403	NM_002208.4	
CD86	6.26e-03	1.18e-03	3.40245	-1.3395	0.342116	NM_175862.3	
KLRC3	6.40e-03	1.21e-03	3.39269	-1.3673	0.576679	NM_007333.2	
HLA-DRA	6.48e-03	1.24e-03	3.3856	-1.3875	0.519129	NM_019111.3	
CD80	6.66e-03	1.28e-03	3.37406	-1.4203	0.472008	NM_005191.3	
PRKCD	7.12e-03	1.38e-03	3.3495	-1.4898	0.376515	NM_006254.3	
CD45RA	7.19e-03	1.41e-03	3.34344	-1.5069	0.49131	NM_002838.4	
PTPN6	7.75e-03	1.54e-03	3.31427	-1.5889	0.291074	NM_002831.5	
ZAP70	7.75e-03	1.55e-03	3.31134	-1.5971	0.517068	NM_001079.3	
LCK	7.75e-03	1.57e-03	3.30849	-1.6051	0.606198	NM_005356.2	
TRAF5	7.75e-03	1.57e-03	3.30795	-1.6067	0.420583	NM_004619.3	
HRAS	7.86e-03	1.60e-03	3.30067	-1.627	0.259061	NM_005343.2	
ATG5	8.11e-03	1.67e-03	3.28685	-1.6656	0.167686	NM_004849.2	
CXCL11	8.11e-03	1.68e-03	3.28534	-1.6698	0.82903	NM_005409.4	
OAZ1	9.27e-03	1.94e-03	3.23799	-1.8011	0.169294	NM_004152.2	
CCR2	9.85e-03	2.07e-03	3.21524	-1.8637	0.412627	NM_001123041.2	
BTLA	9.96e-03	2.11e-03	3.20911	-1.8805	0.450882	NM_181780.2	
POLR2A	1.02e-02	2.20e-03	3.19573	-1.9171	0.201408	NM_000937.2	
CD44	1.02e-02	2.21e-03	3.19304	-1.9244	0.396621	NM_001001392.1	
ARHGDIB	1.02e-02	2.25e-03	3.18694	-1.9411	0.263403	NM_001175.4	
BCAP31	1.02e-02	2.26e-03	3.18614	-1.9433	0.219284	NM_005745.7	
CCND3	1.02e-02	2.26e-03	3.18612	-1.9433	0.305595	NM_001760.2	
TMEM173	1.02e-02	2.27e-03	3.1849	-1.9466	0.293521	NM_198282.1	
RORa	1.02e-02	2.28e-03	-3.18346	-1.9506	-0.48083	NM_134261.2	
ITGAL	1.02e-02	2.30e-03	3.18015	-1.9596	0.379957	NM_002209.2	
KLRK1	1.05e-02	2.37e-03	3.16966	-1.9881	0.458066	NM_007360.1	
JAK3	1.08e-02	2.45e-03	3.15814	-2.0194	0.488096	NM_000215.2	
MASP2	1.17e-02	2.68e-03	-3.12805	-2.1006	-0.278322	NM_139208.1	
ENTPD1	1.25e-02	2.90e-03	3.10171	-2.1713	0.432262	NM_001098175.1	
TNFRSF17	1.25e-02	2.90e-03	3.10095	-2.1733	0.621098	NM_001192.2	
TGFBI	1.34e-02	3.14e-03	3.07347	-2.2466	0.35745	NM_000358.2	
CASP10	1.36e-02	3.22e-03	3.06491	-2.2693	0.358343	NM_032977.3	
IL15	1.43e-02	3.42e-03	3.0442	-2.324	0.447022	NM_172174.1	
C8A	1.43e-02	3.45e-03	-3.04165	-2.3308	-0.281299	NM_000562.2	
BST2	1.43e-02	3.46e-03	3.04083	-2.3329	0.486472	NM_004335.2	
CD3E	1.46e-02	3.55e-03	3.03143	-2.3577	0.547577	NM_000733.2	
ITGB1	1.46e-02	3.62e-03	3.0248	-2.3751	0.166411	NM_033666.2	
NCF4	1.46e-02	3.62e-03	3.02446	-2.376	0.402416	NM_000631.4	
FCER1G	1.46e-02	3.62e-03	3.02435	-2.3763	0.330799	NM_004106.1	
TYK2	1.47e-02	3.66e-03	3.02049	-2.3864	0.173773	NM_003331.3	
IFIH1	1.47e-02	3.71e-03	3.01584	-2.3986	0.306777	NM_022168.2	
CD5	1.47e-02	3.72e-03	3.01506	-2.4007	0.562645	NM_014207.2	
IFI16	1.51e-02	3.83e-03	3.00499	-2.427	0.328973	NM_005531.1	
PSMD7	1.54e-02	3.94e-03	2.99535	-2.4522	0.159029	NM_002811.3	
IL1B	1.60e-02	4.12e-03	2.97951	-2.4934	0.4814	NM_000576.2	
CCR5	1.60e-02	4.19e-03	2.9738	-2.5082	0.577702	NM_000579.1	
PRF1	1.60e-02	4.20e-03	2.97299	-2.5103	0.336259	NM_005041.3	
PLAU	1.60e-02	4.20e-03	2.97232	-2.512	0.540706	NM_002658.2	
TBX21	1.60e-02	4.23e-03	2.97018	-2.5176	0.393291	NM_013351.1	
IKBKAP	1.66e-02	4.44e-03	2.95335	-2.5611	0.201347	NM_003640.3	
GZMK	1.66e-02	4.45e-03	2.95276	-2.5626	0.529321	NM_002104.2	
SELL	1.66e-02	4.47e-03	2.95095	-2.5673	0.387128	NR_029467.1	
SERPING1	1.70e-02	4.61e-03	-2.93967	-2.5963	-0.184165	NM_000062.2	
KIT	1.70e-02	4.61e-03	2.93958	-2.5966	0.343408	NM_000222.2	
TLR8	1.70e-02	4.64e-03	2.93789	-2.6009	0.365596	NM_016610.2	
STAT5A	1.75e-02	4.81e-03	2.92488	-2.6343	0.212868	NM_003152.2	
IL12RB1	1.80e-02	4.98e-03	2.91269	-2.6654	0.397464	NM_005535.1	
HLA-DRB3	2.03e-02	5.64e-03	2.86825	-2.7782	0.425477	NM_022555.3	
CXCR6	2.04e-02	5.71e-03	2.86339	-2.7905	0.423166	NM_006564.1	
PPBP	2.05e-02	5.76e-03	2.86055	-2.7976	0.688047	NM_002704.2	
CRADD	2.19e-02	6.21e-03	-2.83307	-2.8666	-0.203881	NM_003805.3	
GPI	2.29e-02	6.55e-03	2.81376	-2.9147	0.301097	NM_000175.2	
NOS2	2.29e-02	6.57e-03	2.81298	-2.9167	0.58788	NM_000625.4	
IKBKB	2.48e-02	7.15e-03	2.78199	-2.9934	0.245747	NM_001556.1	
CCL3	2.52e-02	7.31e-03	2.77415	-3.0127	0.531773	NM_002983.2	
PSMC2	2.59e-02	7.62e-03	2.7587	-3.0506	0.13939	NM_002803.3	
C6	2.59e-02	7.63e-03	-2.75836	-3.0514	-0.259007	NM_000065.2	
SH2D1A	2.59e-02	7.64e-03	2.75775	-3.0529	0.400894	NM_001114937.2	
PPIA	2.62e-02	7.75e-03	2.75235	-3.0661	0.21054	NM_021130.2	
KLRC4	2.64e-02	7.93e-03	2.74413	-3.0862	0.481274	NM_013431.2	
BLNK	2.64e-02	7.93e-03	-2.74398	-3.0866	-0.30063	NM_013314.2	
TAP1	2.64e-02	7.96e-03	2.74241	-3.0904	0.335162	NM_000593.5	
CFI	2.64e-02	8.01e-03	2.74021	-3.0958	0.168846	NM_000204.3	
CTSG	2.64e-02	8.02e-03	2.73993	-3.0964	0.594314	NM_001911.2	
MS4A1	2.64e-02	8.06e-03	2.73783	-3.1016	0.501367	NM_152866.2	
MX1	2.95e-02	9.05e-03	2.69478	-3.2057	0.55871	NM_002462.2	
GZMB	3.10e-02	9.59e-03	2.67312	-3.2576	0.387049	NM_004131.3	
IL2RB	3.21e-02	9.99e-03	2.65797	-3.2938	0.423245	NM_000878.2	
TLR5	3.21e-02	1.00e-02	2.65688	-3.2963	0.334273	NM_003268.3	
HLA-C	3.21e-02	1.01e-02	2.65446	-3.3021	0.437266	NM_002117.4	
NFKB2	3.21e-02	1.01e-02	2.65277	-3.3061	0.285581	NM_002502.2	
PLAUR	3.26e-02	1.03e-02	2.6447	-3.3253	0.511283	NM_001005376.1	
ZBTB16	3.26e-02	1.04e-02	-2.64344	-3.3282	-0.798006	NM_006006.4	
KLRD1	3.32e-02	1.07e-02	2.6305	-3.3588	0.349116	NM_002262.3	
CD3D	3.32e-02	1.08e-02	2.63013	-3.3597	0.566061	NM_000732.4	
TNFAIP3	3.32e-02	1.08e-02	2.62996	-3.3601	0.312892	NM_006290.2	
ICAM2	3.36e-02	1.09e-02	2.62352	-3.3753	0.20906	NM_000873.3	
CHUK	3.50e-02	1.14e-02	2.60655	-3.4151	0.135213	NM_001278.3	
RPL19	3.51e-02	1.15e-02	-2.60351	-3.4222	-0.209513	NM_000981.3	
MAP4K1	3.62e-02	1.20e-02	2.58953	-3.4549	0.33228	NM_007181.3	
TLR7	3.70e-02	1.23e-02	2.57925	-3.4788	0.457946	NM_016562.3	
NFATC3	3.77e-02	1.26e-02	-2.57117	-3.4975	-0.153127	NM_004555.2	
CD8A	3.82e-02	1.29e-02	2.56197	-3.5188	0.550699	NM_001768.5	
CD247	3.82e-02	1.29e-02	2.56164	-3.5195	0.391841	NM_198053.1	
IKZF3	3.85e-02	1.30e-02	2.55726	-3.5297	0.397992	NM_183232.2	
CARD9	3.96e-02	1.35e-02	2.54412	-3.5599	0.337002	NM_052813.4	
CCL19	4.01e-02	1.37e-02	2.53784	-3.5743	0.909912	NM_006274.2	
IL11RA	4.11e-02	1.41e-02	2.52593	-3.6016	0.242083	NM_147162.1	
LAMP3	4.24e-02	1.47e-02	2.51134	-3.6348	0.621144	NM_014398.3	
IKZF1	4.24e-02	1.47e-02	2.51077	-3.6361	0.359357	NM_006060.3	
BCL2	4.28e-02	1.49e-02	2.50487	-3.6495	0.366502	NM_000657.2	
C8B	4.28e-02	1.49e-02	-2.50362	-3.6523	-0.230088	NM_000066.2	
ICAM3	4.40e-02	1.55e-02	-2.49023	-3.6826	-0.319543	NM_002162.3	
LILRB3	4.45e-02	1.57e-02	2.48457	-3.6954	0.44951	NM_006864.2	
CCR1	4.46e-02	1.58e-02	2.48129	-3.7028	0.437798	NM_001295.2	
CD28	4.49e-02	1.60e-02	2.47693	-3.7126	0.304597	NM_001243078.1	
TP53	4.55e-02	1.63e-02	2.47041	-3.7272	0.16445	NM_000546.2	
JAK2	4.62e-02	1.66e-02	2.46256	-3.7448	0.174384	NM_004972.2	
TFRC	4.88e-02	1.76e-02	2.43922	-3.7968	0.403193	NM_003234.1	
PTPN22	5.08e-02	1.84e-02	2.42085	-3.8374	0.40174	NM_015967.4	
MAPK1	5.25e-02	1.91e-02	2.4066	-3.8688	0.125898	NM_138957.2	
LCP2	5.25e-02	1.92e-02	2.4045	-3.8734	0.259004	NM_005565.3	
TLR4	5.26e-02	1.93e-02	2.40198	-3.8789	0.178355	NM_138554.2	
SMAD5	5.29e-02	1.95e-02	2.39779	-3.8881	0.152371	NM_005903.5	
CCL22	5.36e-02	1.98e-02	2.39117	-3.9025	0.492443	NM_002990.3	
IFNAR2	5.36e-02	1.99e-02	2.38922	-3.9068	0.181369	NM_000874.3	
PSMB5	5.37e-02	2.01e-02	2.38695	-3.9118	0.220109	NM_001130725.1	
FCGR2B	5.47e-02	2.05e-02	2.37769	-3.9319	0.200136	NM_001002273.1	
CCL23	5.49e-02	2.09e-02	-2.37115	-3.9461	-0.349894	NM_145898.1	
LEF1	5.49e-02	2.09e-02	2.37078	-3.9469	0.371298	NM_016269.3	
C1R	5.49e-02	2.09e-02	-2.3699	-3.9488	-0.185229	NM_001733.4	
C2	5.49e-02	2.10e-02	-2.3691	-3.9505	-0.137878	NM_000063.3	
IRF3	5.76e-02	2.21e-02	2.3476	-3.997	0.212192	NM_001571.5	
JAK1	6.06e-02	2.33e-02	-2.32531	-4.0447	-0.102836	NM_002227.1	
TNFRSF11A	6.37e-02	2.47e-02	2.30265	-4.0928	0.347955	NM_003839.2	
ABL1	6.37e-02	2.47e-02	2.30153	-4.0952	0.11475	NM_005157.3	
CD27	6.48e-02	2.53e-02	2.29292	-4.1134	0.482158	NM_001242.4	
S1PR1	6.54e-02	2.57e-02	-2.28575	-4.1285	-0.283058	NM_001400.3	
TNFRSF13C	6.54e-02	2.59e-02	2.28214	-4.136	0.411063	NM_052945.3	
LITAF	6.54e-02	2.60e-02	2.28081	-4.1388	0.285869	NM_004862.3	
ATG16L1	6.54e-02	2.60e-02	2.28031	-4.1399	0.157141	NM_198890.2	
PRDM1	6.54e-02	2.60e-02	2.28022	-4.1401	0.37703	NM_001198.3	
IKBKG	6.89e-02	2.75e-02	2.2572	-4.1882	0.25739	NM_003639.2	
IL1RL2	7.49e-02	3.00e-02	-2.22066	-4.2637	-0.322423	NM_003854.2	
RELB	7.49e-02	3.02e-02	2.21776	-4.2696	0.362888	NM_006509.2	
IRAK4	7.49e-02	3.04e-02	2.21534	-4.2746	0.174046	NM_016123.1	
LILRB2	7.49e-02	3.04e-02	2.21524	-4.2748	0.244181	NM_005874.1	
SLAMF6	7.64e-02	3.12e-02	2.205	-4.2957	0.399473	NM_001184714.1	
NOD1	7.64e-02	3.13e-02	2.20348	-4.2988	0.212987	NM_006092.1	
C1QBP	7.86e-02	3.23e-02	2.19006	-4.3261	0.110048	NM_001212.3	
sCTLA4	7.89e-02	3.25e-02	2.18672	-4.3329	0.194354	NM_001037631.1	
AHR	8.09e-02	3.35e-02	-2.17435	-4.3578	-0.18326	NM_001621.3	
PSMB10	8.29e-02	3.45e-02	2.16199	-4.3827	0.216897	NM_002801.2	
PYCARD	8.67e-02	3.62e-02	2.14115	-4.4243	0.263741	NM_013258.3	
GBP5	8.68e-02	3.64e-02	2.13909	-4.4284	0.371406	NM_052942.3	
DPP4	9.13e-02	3.84e-02	2.1154	-4.4753	0.219517	NM_001935.3	
POU2F2	9.19e-02	3.90e-02	2.1093	-4.4872	0.279362	NM_002698.2	
TNFRSF10C	9.19e-02	3.90e-02	2.10919	-4.4875	0.282374	NM_003841.3	
OLR1	9.43e-02	4.01e-02	2.09666	-4.512	0.425401	NM_002543.3	
SELPLG	9.84e-02	4.20e-02	2.07623	-4.5517	0.302686	NM_003006.3	
NCR1	9.84e-02	4.22e-02	2.07438	-4.5553	0.273589	NM_004829.5	
TBK1	1.03e-01	4.42e-02	2.05439	-4.5938	0.097652	NM_013254.2	
IL8	1.06e-01	4.58e-02	2.03834	-4.6245	0.661931	NM_000584.2	
PTK2	1.07e-01	4.65e-02	-2.03186	-4.6369	-0.110525	NM_005607.3	
ABCF1	1.12e-01	4.89e-02	2.00887	-4.6803	0.101886	NM_001090.2	
CXCL1	1.13e-01	4.96e-02	2.00292	-4.6915	0.322047	NM_001511.1	
SIGIRR	1.16e-01	5.11e-02	1.98936	-4.7169	0.176914	NM_021805.2	
CD1D	1.20e-01	5.29e-02	1.97385	-4.7457	0.169902	NM_001766.3	
LIF	1.21e-01	5.36e-02	1.96722	-4.758	0.369834	NM_002309.3	
CD244	1.22e-01	5.42e-02	1.96226	-4.7672	0.244839	NM_016382.2	
TUBB	1.24e-01	5.51e-02	-1.95467	-4.7811	-0.15651	NM_178014.2	
ITGA2B	1.30e-01	5.79e-02	1.93191	-4.8227	0.364966	NM_000419.3	
CCL24	1.30e-01	5.83e-02	1.92894	-4.8281	0.505414	NM_002991.2	
CCR7	1.30e-01	5.85e-02	1.9273	-4.8311	0.318148	NM_001838.2	
CD79B	1.31e-01	5.90e-02	1.92372	-4.8376	0.226132	NM_021602.2	
IL27	1.31e-01	5.93e-02	-1.9213	-4.842	-0.369266	NM_145659.3	
CSF1	1.32e-01	6.02e-02	1.9144	-4.8544	0.213495	NM_000757.4	
CLEC5A	1.33e-01	6.08e-02	1.91003	-4.8623	0.376317	NM_013252.2	
C7	1.36e-01	6.24e-02	1.89774	-4.8844	0.373495	NM_000587.2	
KLRG1	1.36e-01	6.24e-02	1.89758	-4.8846	0.325104	NM_005810.3	
IDO1	1.39e-01	6.45e-02	1.88235	-4.9118	0.393184	NM_002164.3	
TIGIT	1.39e-01	6.45e-02	1.88209	-4.9123	0.300958	NM_173799.2	
IFITM1	1.44e-01	6.70e-02	1.86448	-4.9434	0.335223	NM_003641.3	
PSMB7	1.49e-01	6.93e-02	1.84833	-4.9717	0.090632	NM_002799.2	
CASP2	1.50e-01	7.00e-02	1.84346	-4.9802	0.117838	NM_032982.2	
NOTCH2	1.50e-01	7.03e-02	1.84145	-4.9838	0.116758	NM_024408.3	
GUSB	1.51e-01	7.11e-02	-1.83611	-4.993	-0.082813	NM_000181.1	
CCL8	1.52e-01	7.20e-02	1.83034	-5.0031	0.337964	NM_005623.2	
FKBP5	1.52e-01	7.22e-02	-1.82903	-5.0053	-0.676977	NM_001145775.1	
IL13RA1	1.55e-01	7.36e-02	1.81987	-5.0211	0.11796	NM_001560.2	
C14orf166	1.57e-01	7.50e-02	1.81118	-5.0361	0.073337	NM_016039.2	
IRF5	1.57e-01	7.51e-02	1.81052	-5.0372	0.224118	NM_002200.3	
RUNX1	1.57e-01	7.53e-02	1.80924	-5.0394	0.238762	NM_001754.4	
CLU	1.57e-01	7.55e-02	-1.80761	-5.0422	-0.242663	NM_001831.2	
C1QB	1.57e-01	7.60e-02	1.80489	-5.0469	0.234393	NM_000491.3	
NFATC1	1.57e-01	7.62e-02	1.80359	-5.0491	0.208955	NM_172389.1	
MYD88	1.57e-01	7.67e-02	1.80034	-5.0547	0.126329	NM_002468.3	
RORC	1.62e-01	7.93e-02	-1.78423	-5.0821	-0.252494	NM_001001523.1	
TNFSF4	1.62e-01	7.96e-02	1.78202	-5.0858	0.275418	NM_003326.2	
MBP	1.63e-01	8.04e-02	-1.77777	-5.093	-0.189948	NM_002385.2	
CD8B	1.65e-01	8.16e-02	1.77028	-5.1056	0.362572	NM_004931.3	
CD276	1.66e-01	8.22e-02	1.76683	-5.1114	0.171441	NM_001024736.1	
KLRF1	1.67e-01	8.30e-02	1.76192	-5.1196	0.233225	NM_016523.1	
FOXP3	1.71e-01	8.50e-02	1.75029	-5.139	0.443251	NM_014009.3	
KLRAP1	1.72e-01	8.59e-02	1.74498	-5.1479	0.193032	NR_028045.1	
BCL10	1.73e-01	8.69e-02	1.7396	-5.1568	0.09071	NM_003921.2	
LILRA5	1.75e-01	8.81e-02	1.73303	-5.1676	0.196143	NM_181879.2	
C1QA	1.88e-01	9.48e-02	1.69676	-5.2269	0.210358	NM_015991.2	
PML	1.89e-01	9.58e-02	1.6913	-5.2357	0.172838	NM_002675.3	
CIITA	1.89e-01	9.60e-02	1.69048	-5.2371	0.426938	NM_000246.3	
KLRC2	1.90e-01	9.70e-02	1.68501	-5.2459	0.251479	NM_002260.3	
ETS1	1.93e-01	9.87e-02	1.67655	-5.2594	0.135842	NM_005238.3	
IFIT2	1.96e-01	1.01e-01	1.66679	-5.275	0.472932	NM_001547.4	
CISH	2.04e-01	1.05e-01	-1.64525	-5.3091	-0.510452	NM_145071.2	
HAMP	2.10e-01	1.09e-01	-1.62812	-5.3359	-0.895643	NM_021175.2	
IL21R	2.10e-01	1.09e-01	1.62808	-5.336	0.277678	NM_021798.2	
IL7R	2.10e-01	1.09e-01	1.6267	-5.3381	0.319925	NM_002185.2	
NEG_H	2.11e-01	1.10e-01	-1.6225	-5.3447	-0.380549		ERCC_00154.1
C4BPA	2.12e-01	1.11e-01	-1.61716	-5.353	-0.114355	NM_000715.3	
POLR1B	2.13e-01	1.12e-01	-1.61362	-5.3584	-0.095168	NM_019014.3	
ARG1	2.17e-01	1.14e-01	-1.60361	-5.3739	-0.130527	NM_000045.2	
SLAMF1	2.17e-01	1.15e-01	1.60037	-5.3788	0.266128	NM_003037.2	
S100A9	2.18e-01	1.15e-01	1.59699	-5.384	0.357634	NM_002965.2	
RELA	2.23e-01	1.18e-01	-1.58331	-5.4049	-0.113529	NM_021975.2	
CDH5	2.24e-01	1.19e-01	1.58021	-5.4096	0.087951	NM_001795.3	
CD3EAP	2.25e-01	1.20e-01	-1.57608	-5.4158	-0.218912	NM_012099.1	
IL32	2.29e-01	1.23e-01	-1.56468	-5.433	-0.17913	NM_001012633.1	
RARRES3	2.31e-01	1.24e-01	1.55976	-5.4404	0.176567	NM_004585.3	
ICOSLG	2.33e-01	1.25e-01	1.55326	-5.4501	0.16082	NM_015259.4	
IL-33	2.34e-01	1.26e-01	1.54958	-5.4556	0.123795	NM_033439.2	
LTF	2.41e-01	1.31e-01	1.53088	-5.4833	0.302984	NM_002343.2	
TLR1	2.50e-01	1.36e-01	1.51069	-5.5128	0.128605	NM_003263.3	
STAT5B	2.52e-01	1.37e-01	-1.50499	-5.5211	-0.100984	NM_012448.3	
IL16	2.52e-01	1.38e-01	1.50363	-5.5231	0.181343	NM_004513.4	
STAT3	2.53e-01	1.39e-01	1.50054	-5.5276	0.164086	NM_139276.2	
MIF	2.53e-01	1.39e-01	1.49783	-5.5315	0.308227	NM_002415.1	
C5	2.56e-01	1.41e-01	-1.49078	-5.5416	-0.109255	NM_001735.2	
CSF1R	2.59e-01	1.43e-01	1.48213	-5.554	0.189288	NM_005211.2	
TOLLIP	2.61e-01	1.45e-01	1.47752	-5.5606	0.106175	NM_019009.2	
C9	2.61e-01	1.45e-01	-1.47539	-5.5636	-0.199738	NM_001737.3	
TAL1	2.61e-01	1.46e-01	-1.47417	-5.5654	-0.238454	NM_003189.2	
ALAS1	2.67e-01	1.49e-01	-1.46016	-5.5852	-0.210641	NM_000688.4	
CD40LG	2.77e-01	1.55e-01	1.43806	-5.6161	0.290386	NM_000074.2	
FYN	2.77e-01	1.56e-01	1.43556	-5.6196	0.135961	NM_002037.3	
TNFSF11	2.88e-01	1.62e-01	-1.41388	-5.6494	-0.522623	NM_003701.2	
ICAM1	2.89e-01	1.64e-01	1.40855	-5.6567	0.221202	NM_000201.2	
LTBR	2.89e-01	1.64e-01	-1.40836	-5.657	-0.115035	NM_002342.1	
MAP4K4	2.96e-01	1.68e-01	1.39346	-5.6772	0.118349	NM_004834.3	
NEG_C	2.96e-01	1.69e-01	-1.39205	-5.6791	-0.466164		ERCC_00019.1
STAT6	3.07e-01	1.76e-01	-1.36849	-5.7106	-0.154621	NM_003153.3	
PLA2G2A	3.07e-01	1.76e-01	1.36811	-5.7111	0.696263	NM_000300.2	
PTGER4	3.11e-01	1.79e-01	1.3585	-5.7238	0.171085	NM_000958.2	
CSF3R	3.16e-01	1.82e-01	1.34875	-5.7366	0.154133	NM_156038.2	
CFP	3.20e-01	1.86e-01	-1.33656	-5.7524	-0.144786	NM_002621.2	
CD40	3.20e-01	1.87e-01	1.33488	-5.7546	0.121224	NM_001250.4	
CCL13	3.20e-01	1.87e-01	1.33438	-5.7553	0.229545	NM_005408.2	
IL6ST	3.20e-01	1.87e-01	-1.33402	-5.7557	-0.096679	NM_002184.2	
KLRB1	3.20e-01	1.87e-01	1.33313	-5.7569	0.204856	NM_002258.2	
CXCL12	3.26e-01	1.91e-01	1.32122	-5.7722	0.140329	NM_000609.5	
MME	3.29e-01	1.94e-01	-1.31313	-5.7826	-0.166875	NM_000902.2	
FCGRT	3.32e-01	1.96e-01	-1.30592	-5.7918	-0.076474	NM_004107.4	
XBP1	3.32e-01	1.97e-01	-1.3054	-5.7924	-0.119831	NM_005080.2	
CD97	3.36e-01	2.00e-01	1.29674	-5.8034	0.157782	NM_078481.2	
IRAK1	3.36e-01	2.00e-01	1.29545	-5.805	0.118231	NM_001569.3	
EDNRB	3.45e-01	2.06e-01	-1.27798	-5.8269	-0.112314	NM_003991.2	
IL7	3.55e-01	2.12e-01	1.25983	-5.8493	0.150476	NM_000880.2	
KLRC1	3.64e-01	2.18e-01	1.24323	-5.8695	0.253128	NM_002259.3	
GNLY	3.64e-01	2.19e-01	1.24107	-5.8721	0.270642	NM_006433.2	
IL4R	3.69e-01	2.23e-01	-1.23197	-5.8831	-0.144183	NM_000418.2	
PTAFR	3.70e-01	2.24e-01	1.22753	-5.8884	0.242251	NM_000952.3	
CCR6	3.70e-01	2.24e-01	1.22736	-5.8886	0.170059	NM_031409.2	
CD9	3.86e-01	2.35e-01	-1.19932	-5.9218	-0.17044	NM_001769.2	
CXCL2	3.86e-01	2.35e-01	-1.19861	-5.9226	-0.331259	NM_002089.3	
MASP1	3.88e-01	2.37e-01	-1.19355	-5.9285	-0.104996	NM_139125.3	
BID	3.91e-01	2.40e-01	1.18635	-5.9369	0.287653	NM_001196.2	
STAT2	3.93e-01	2.42e-01	1.18148	-5.9425	0.090695	NM_005419.2	
LTA	3.94e-01	2.43e-01	1.17967	-5.9446	0.233037	NM_000595.2	
S100A8	3.97e-01	2.45e-01	1.1731	-5.9521	0.298612	NM_002964.3	
KCNJ2	3.97e-01	2.47e-01	1.16989	-5.9558	0.141287	NM_000891.2	
TNFSF15	3.97e-01	2.47e-01	1.16906	-5.9568	0.188363	NM_001204344.1	
NCAM1	4.14e-01	2.58e-01	1.14178	-5.9876	0.15409	NM_000615.5	
IRF1	4.18e-01	2.61e-01	1.13435	-5.9958	0.153753	NM_002198.1	
IRF4	4.19e-01	2.62e-01	1.13084	-5.9997	0.268148	NM_002460.1	
CCL15	4.19e-01	2.63e-01	1.12939	-6.0013	0.121474	NM_032965.3	
LILRA3	4.21e-01	2.65e-01	1.12471	-6.0065	0.363616	NM_006865.3	
TNFSF12	4.26e-01	2.69e-01	1.11633	-6.0157	0.116896	NM_003809.2	
KIR_Activating_Subgroup_2	4.31e-01	2.72e-01	1.10728	-6.0255	0.188047	NM_014512.1	
NFIL3	4.31e-01	2.74e-01	-1.10448	-6.0286	-0.281484	NM_005384.2	
MAPKAPK2	4.45e-01	2.83e-01	1.08247	-6.0521	0.083876	NM_004759.3	
TNFRSF8	4.48e-01	2.86e-01	1.07645	-6.0585	0.172872	NM_152942.2	
SOCS3	4.51e-01	2.89e-01	-1.07013	-6.0652	-0.332058	NM_003955.3	
XCL1	4.51e-01	2.89e-01	1.06924	-6.0661	0.215301	NM_002995.1	
IFI35	4.59e-01	2.95e-01	1.05653	-6.0793	0.111245	NM_005533.3	
VCAM1	4.59e-01	2.96e-01	-1.0549	-6.081	-0.141151	NM_001078.3	
BST1	4.59e-01	2.97e-01	-1.05274	-6.0833	-0.125102	NM_004334.2	
EOMES	4.63e-01	3.00e-01	1.04601	-6.0902	0.141128	NM_005442.2	
CD19	4.64e-01	3.01e-01	1.04265	-6.0936	0.244403	NM_001770.4	
ATG12	4.67e-01	3.04e-01	1.03632	-6.1001	0.10358	NM_004707.2	
CCL11	4.69e-01	3.06e-01	-1.03195	-6.1045	-0.18374	NM_002986.2	
HLA-DQA1	4.72e-01	3.09e-01	-1.02627	-6.1103	-0.958308	NM_002122.3	
PPARG	4.75e-01	3.11e-01	1.02061	-6.116	0.111125	NM_015869.3	
DEFB1	4.79e-01	3.15e-01	1.01386	-6.1227	0.11497	NM_005218.3	
CD81	4.83e-01	3.19e-01	1.00463	-6.1319	0.063136	NM_004356.3	
IFNGR1	4.83e-01	3.19e-01	1.00446	-6.132	0.093238	NM_000416.1	
POS_A	4.85e-01	3.21e-01	-1.00023	-6.1362	-0.068799		ERCC_00117.1
LILRA6	4.99e-01	3.31e-01	0.98034	-6.1555	0.260386	NM_024318.2	
CUL9	5.10e-01	3.40e-01	0.96209	-6.173	0.066873	NM_015089.2	
CD46	5.10e-01	3.40e-01	-0.96121	-6.1738	-0.05554	NM_172350.1	
CXCL13	5.11e-01	3.41e-01	-0.9587	-6.1762	-0.407791	NM_006419.2	
IL26	5.12e-01	3.43e-01	-0.95564	-6.1791	-0.267293	NM_018402.1	
BCL2L11	5.16e-01	3.46e-01	-0.94925	-6.1851	-0.125216	NM_138621.4	
HMGB1	5.16e-01	3.48e-01	-0.94507	-6.189	-0.065303	NM_002128.4	
EEF1G	5.16e-01	3.48e-01	-0.94482	-6.1892	-0.071281	NM_001404.4	
TNFRSF9	5.16e-01	3.49e-01	0.94344	-6.1905	0.166049	NM_001561.4	
EGR2	5.18e-01	3.51e-01	0.93977	-6.1939	0.219805	NM_000399.3	
GP1BB	5.18e-01	3.52e-01	0.93747	-6.196	0.14548	NM_000407.4	
IL6	5.23e-01	3.56e-01	-0.92905	-6.2037	-0.161777	NM_000600.1	
TCF7	5.23e-01	3.57e-01	-0.92744	-6.2052	-0.107085	NM_003202.2	
BATF	5.30e-01	3.63e-01	0.91642	-6.2152	0.193037	NM_006399.3	
LILRA1	5.31e-01	3.65e-01	0.91226	-6.219	0.153931	NM_006863.1	
C8G	5.31e-01	3.65e-01	0.91213	-6.2191	0.07122	NM_000606.2	
CX3CL1	5.33e-01	3.68e-01	-0.90775	-6.223	-0.1013	NM_002996.3	
IL28A/B	5.34e-01	3.69e-01	-0.90488	-6.2256	-0.173892	NM_172139.2	
LILRA2	5.35e-01	3.71e-01	0.90128	-6.2288	0.134209	NM_006866.2	
APP	5.35e-01	3.71e-01	0.90072	-6.2293	0.040296	NM_000484.3	
SLC2A1	5.40e-01	3.76e-01	0.8926	-6.2365	0.150762	NM_006516.2	
IL17B	5.40e-01	3.76e-01	-0.89103	-6.2378	-0.158728	NM_014443.2	
KIR_Inhibiting_Subgroup_2	5.46e-01	3.82e-01	0.88056	-6.247	0.189788	NM_014511.3	
MUC1	5.51e-01	3.86e-01	-0.8731	-6.2534	-0.219609	NM_001018017.1	
IL1R1	5.55e-01	3.91e-01	-0.86451	-6.2608	-0.090445	NM_000877.2	
NOTCH1	5.55e-01	3.91e-01	0.86364	-6.2615	0.099435	NM_017617.3	
PAX5	5.55e-01	3.92e-01	0.86178	-6.2631	0.18799	NM_016734.1	
CXCR1	5.55e-01	3.93e-01	-0.86082	-6.2639	-0.175603	NM_000634.2	
CEBPB	5.58e-01	3.95e-01	-0.85595	-6.2681	-0.110226	NM_005194.2	
CTLA4_all	5.65e-01	4.01e-01	0.84476	-6.2775	0.177319	NM_005214.3	
CTLA4-TM	5.73e-01	4.09e-01	0.83192	-6.2881	0.148537	NM_005214.3	
LILRB5	5.73e-01	4.09e-01	0.83097	-6.2889	0.081793	NM_001081442.1	
CD22	5.78e-01	4.14e-01	0.82247	-6.2958	0.176231	NM_001771.2	
LILRA4	5.78e-01	4.14e-01	0.82242	-6.2958	0.188807	NM_012276.3	
HLA-DQB1	5.90e-01	4.24e-01	-0.80459	-6.3102	-0.548343	NM_002123.3	
Id2	5.97e-01	4.30e-01	-0.79393	-6.3186	-0.096217	NM_002166.4	
NEG_E	5.97e-01	4.31e-01	0.79234	-6.3198	0.112822		ERCC_00098.1
IFNA2	5.98e-01	4.32e-01	-0.7904	-6.3214	-0.153475	NM_000605.3	
AREG	6.12e-01	4.44e-01	-0.77093	-6.3364	-0.194139	NM_001657.2	
POS_E	6.15e-01	4.47e-01	-0.7657	-6.3404	-0.070283		ERCC_00035.1
GATA3	6.17e-01	4.49e-01	0.76141	-6.3436	0.143099	NM_001002295.1	
C4A/B	6.17e-01	4.50e-01	-0.75957	-6.345	-0.101388	NM_007293.2	
RAF1	6.17e-01	4.51e-01	0.75784	-6.3463	0.03598	NM_002880.2	
ITGA5	6.22e-01	4.56e-01	0.75044	-6.3518	0.065109	NM_002205.2	
ICOS	6.29e-01	4.62e-01	0.74047	-6.3592	0.145842	NM_012092.2	
CCL16	6.53e-01	4.81e-01	-0.70963	-6.3813	-0.072825	NM_004590.2	
CXCR2	6.54e-01	4.82e-01	-0.70694	-6.3832	-0.12828	NM_001557.2	
MAF	6.71e-01	4.96e-01	0.68422	-6.3989	0.090806	NM_005360.4	
ARG2	6.71e-01	4.98e-01	-0.68094	-6.4011	-0.13373	NM_001172.3	
PDCD1	6.71e-01	4.99e-01	0.68058	-6.4013	0.111365	NM_005018.1	
SOCS1	6.73e-01	5.01e-01	0.67745	-6.4034	0.140826	NM_003745.1	
TLR2	6.74e-01	5.03e-01	0.67383	-6.4059	0.084217	NM_003264.3	
IRAK2	6.75e-01	5.05e-01	-0.67068	-6.408	-0.087914	NM_001570.3	
LTB4R2	6.75e-01	5.05e-01	-0.66996	-6.4084	-0.064668	NM_019839.4	
TICAM1	6.80e-01	5.11e-01	-0.66161	-6.414	-0.065861	NM_014261.1	
DUSP4	6.98e-01	5.25e-01	0.63935	-6.4283	0.093436	NM_057158.2	
BCL6	7.04e-01	5.31e-01	-0.62969	-6.4344	-0.08009	NM_001706.2	
NFKBIA	7.12e-01	5.38e-01	-0.61936	-6.4408	-0.063122	NM_020529.1	
CTNNB1	7.26e-01	5.50e-01	0.60168	-6.4515	0.029161	NM_001098210.1	
IL12A	7.27e-01	5.53e-01	0.59586	-6.455	0.105616	NM_000882.2	
NEG_F	7.27e-01	5.54e-01	-0.59504	-6.4555	-0.099589		ERCC_00126.1
NEG_D	7.27e-01	5.54e-01	0.59447	-6.4558	0.167488		ERCC_00076.1
CEACAM6	7.35e-01	5.61e-01	-0.58417	-6.4618	-0.186184	NM_002483.4	
MCL1	7.43e-01	5.69e-01	-0.57298	-6.4683	-0.070146	NM_021960.3	
FN1	7.49e-01	5.75e-01	-0.56404	-6.4733	-0.041823	NM_212482.1	
SDHA	7.55e-01	5.82e-01	-0.55364	-6.4791	-0.033944	NM_004168.1	
IL17F	7.55e-01	5.82e-01	0.5536	-6.4791	0.089108	NM_052872.3	
CLEC4E	7.64e-01	5.89e-01	0.54251	-6.4851	0.120471	NM_014358.2	
TNFRSF1B	7.67e-01	5.94e-01	0.53641	-6.4884	0.059962	NM_001066.2	
GBP1	7.73e-01	5.99e-01	0.52892	-6.4924	0.061589	NM_002053.1	
IL18RAP	7.73e-01	6.00e-01	-0.52671	-6.4935	-0.068533	NM_003853.2	
IL1RN	7.79e-01	6.07e-01	-0.51656	-6.4988	-0.078486	NM_000577.3	
TIRAP	7.79e-01	6.08e-01	0.51566	-6.4993	0.053781	NM_148910.2	
BCL3	7.81e-01	6.10e-01	0.51239	-6.5009	0.081772	NM_005178.2	
CFH	7.82e-01	6.13e-01	0.50864	-6.5028	0.034018	NM_001014975.2	
RAG1	7.90e-01	6.20e-01	0.49792	-6.5082	0.051095	NM_000448.2	
CCR8	7.91e-01	6.23e-01	-0.49357	-6.5104	-0.10715	NM_005201.2	
CD4	7.91e-01	6.24e-01	0.49212	-6.5111	0.058202	NM_000616.4	
IRAK3	7.91e-01	6.24e-01	-0.49201	-6.5111	-0.085443	NM_007199.1	
IL18R1	8.01e-01	6.34e-01	-0.47843	-6.5177	-0.045053	NM_003855.2	
FCGR1A/B	8.01e-01	6.35e-01	0.47727	-6.5182	0.100015	NM_000566.3	
PDCD1LG2	8.10e-01	6.43e-01	0.46533	-6.5238	0.043336	NM_025239.3	
IL2	8.12e-01	6.47e-01	-0.46047	-6.5261	-0.098402	NM_000586.2	
ICAM5	8.15e-01	6.50e-01	-0.45606	-6.5281	-0.09667	NM_003259.3	
NFATC2	8.15e-01	6.51e-01	0.45437	-6.5288	0.041784	NM_012340.3	
MERTK	8.18e-01	6.56e-01	0.44785	-6.5318	0.044215	NM_006343.2	
CD274	8.18e-01	6.57e-01	-0.4469	-6.5322	-0.06462	NM_014143.3	
CR2	8.20e-01	6.59e-01	-0.4429	-6.534	-0.083102	NM_001006658.1	
KIR3DL3	8.32e-01	6.70e-01	-0.42785	-6.5405	-0.092971	NM_153443.3	
CCBP2	8.39e-01	6.77e-01	-0.41811	-6.5446	-0.046164	NM_001296.3	
IGF2R	8.42e-01	6.81e-01	0.41244	-6.5469	0.022533	NM_000876.1	
IL22RA2	8.42e-01	6.83e-01	-0.41077	-6.5476	-0.088464	NM_181310.1	
CD160	8.44e-01	6.86e-01	0.40597	-6.5496	0.064534	NM_007053.2	
MAPK14	8.44e-01	6.89e-01	-0.40276	-6.5509	-0.021189	NM_001315.1	
IFNB1	8.44e-01	6.89e-01	-0.4015	-6.5514	-0.085535	NM_002176.2	
IL28A	8.44e-01	6.90e-01	-0.40099	-6.5516	-0.088555	NM_172138.1	
TCF4	8.45e-01	6.94e-01	0.39514	-6.5539	0.040063	NM_003199.1	
TBP	8.45e-01	6.94e-01	0.39502	-6.554	0.020781	NM_001172085.1	
KLRF2	8.45e-01	6.94e-01	0.39467	-6.5541	0.080933	NM_001190765.1	
TLR9	8.50e-01	7.01e-01	0.38533	-6.5577	0.080053	NM_017442.2	
POS_D	8.50e-01	7.01e-01	-0.38519	-6.5578	-0.02498		ERCC_00092.1
IFNAR1	8.55e-01	7.07e-01	-0.37807	-6.5605	-0.027684	NM_000629.2	
ITLN2	8.56e-01	7.09e-01	-0.3749	-6.5617	-0.087792	NM_080878.2	
CRTH2 (PTGDR2)	8.73e-01	7.24e-01	-0.35428	-6.5692	-0.086723	NM_004778.1	
IL1A	8.77e-01	7.29e-01	-0.34799	-6.5714	-0.067166	NM_000575.3	
NEG_A	8.83e-01	7.36e-01	0.33876	-6.5745	0.067413		ERCC_00096.1
CD209	8.87e-01	7.43e-01	0.33	-6.5774	0.055245	NM_021155.2	
IL2RA	8.87e-01	7.43e-01	0.32925	-6.5777	0.07961	NM_000417.1	
IL12B	8.87e-01	7.43e-01	0.32918	-6.5777	0.073385	NM_002187.2	
CAMP	8.88e-01	7.46e-01	0.32524	-6.579	0.078441	NM_004345.3	
CD99	8.88e-01	7.47e-01	-0.32417	-6.5793	-0.022395	NM_002414.3	
SKI	8.88e-01	7.50e-01	0.31989	-6.5807	0.021589	NM_003036.2	
DEFB103B	8.88e-01	7.51e-01	-0.3186	-6.5811	-0.058365	NM_018661.3	
CCL2	8.88e-01	7.51e-01	0.31832	-6.5812	0.068646	NM_002982.3	
MALT1	8.88e-01	7.53e-01	0.31608	-6.5819	0.02023	NM_006785.2	
IRGM	8.89e-01	7.56e-01	-0.31162	-6.5833	-0.056648	NM_001145805.1	
ZEB1	8.89e-01	7.59e-01	0.30848	-6.5843	0.026601	NM_001128128.1	
IL3	8.89e-01	7.59e-01	-0.30799	-6.5844	-0.067405	NM_000588.3	
IL9	8.89e-01	7.62e-01	-0.30426	-6.5856	-0.066632	NM_000590.1	
TGFBR2	8.89e-01	7.63e-01	0.30339	-6.5858	0.021568	NM_001024847.1	
MRC1	8.89e-01	7.63e-01	0.30284	-6.586	0.023396	NM_002438.2	
CCL7	8.89e-01	7.64e-01	-0.30141	-6.5864	-0.063082	NM_006273.2	
C1S	8.92e-01	7.69e-01	0.29532	-6.5883	0.018295	NM_001734.2	
TNFSF10	8.92e-01	7.69e-01	-0.29448	-6.5885	-0.04537	NM_003810.2	
IL-25 (IL-17e)	8.94e-01	7.73e-01	-0.29013	-6.5898	-0.061766	NM_022789.2	
VTN	8.97e-01	7.77e-01	0.28435	-6.5914	0.026443	NM_000638.3	
KIR3DL2	8.97e-01	7.79e-01	-0.28151	-6.5922	-0.055997	NM_006737.2	
ITLN1	8.97e-01	7.80e-01	0.28063	-6.5925	0.07707	NM_017625.2	
IL17A	8.97e-01	7.81e-01	0.27983	-6.5927	0.051389	NM_002190.2	
POS_F	8.99e-01	7.84e-01	0.27506	-6.594	0.034668		ERCC_00034.1
ICAM4	9.02e-01	7.88e-01	-0.26969	-6.5955	-0.055357	NM_001039132.1	
IL13	9.02e-01	7.90e-01	-0.26805	-6.5959	-0.053983	NM_002188.2	
CCR10	9.02e-01	7.92e-01	-0.2654	-6.5966	-0.053933	NM_016602.2	
SMAD3	9.02e-01	7.94e-01	-0.26282	-6.5973	-0.019207	NM_005902.3	
FCER1A	9.02e-01	7.94e-01	-0.26246	-6.5974	-0.06724	NM_002001.2	
EBI3	9.08e-01	8.01e-01	0.25347	-6.5997	0.034254	NM_005755.2	
CD55	9.08e-01	8.03e-01	-0.2509	-6.6004	-0.025249	NM_000574.3	
HLA-DRB1	9.08e-01	8.04e-01	0.24939	-6.6007	0.102744	NM_002124.2	
NFKB1	9.10e-01	8.07e-01	-0.24542	-6.6017	-0.023393	NM_003998.2	
IL1R2	9.10e-01	8.08e-01	0.24393	-6.6021	0.036109	NM_173343.1	
PDGFB	9.12e-01	8.12e-01	-0.23944	-6.6032	-0.043959	NM_033016.2	
RAG2	9.14e-01	8.15e-01	0.23541	-6.6041	0.050916	NM_000536.3	
IL21	9.15e-01	8.17e-01	0.23219	-6.6049	0.055237	NM_021803.2	
CD70	9.15e-01	8.18e-01	-0.23048	-6.6053	-0.049795	NM_001252.2	
IL23R	9.16e-01	8.21e-01	-0.22736	-6.606	-0.034179	NM_144701.2	
C3	9.21e-01	8.28e-01	-0.21792	-6.6081	-0.019833	NM_000064.2	
XCR1	9.21e-01	8.29e-01	-0.21748	-6.6082	-0.046818	NM_005283.2	
FADD	9.24e-01	8.32e-01	-0.21243	-6.6093	-0.030324	NM_003824.2	
ATM	9.24e-01	8.34e-01	-0.21041	-6.6097	-0.035332	NM_000051.3	
CEACAM8	9.25e-01	8.37e-01	-0.20657	-6.6105	-0.048236	NM_001816.3	
CD7	9.35e-01	8.50e-01	0.19047	-6.6137	0.028201	NM_006137.6	
CCL26	9.35e-01	8.51e-01	-0.18882	-6.614	-0.033098	NM_006072.4	
TSLP	9.35e-01	8.51e-01	-0.18814	-6.6141	-0.020207	NM_033035.4	
NEG_G	9.35e-01	8.53e-01	-0.18661	-6.6144	-0.068504		ERCC_00144.1
MARCO	9.35e-01	8.53e-01	-0.18604	-6.6145	-0.031282	NM_006770.3	
BATF3	9.36e-01	8.57e-01	0.18139	-6.6154	0.023307	NM_018664.2	
MBL2	9.36e-01	8.57e-01	-0.18105	-6.6154	-0.030678	NM_000242.2	
CSF2	9.36e-01	8.59e-01	-0.1786	-6.6159	-0.03777	NM_000758.2	
IRF8	9.37e-01	8.61e-01	-0.17558	-6.6164	-0.019185	NM_002163.2	
TRAF4	9.39e-01	8.65e-01	-0.17086	-6.6172	-0.012078	NM_004295.2	
LAG3	9.43e-01	8.70e-01	-0.16429	-6.6183	-0.021473	NM_002286.5	
CFD	9.45e-01	8.73e-01	0.16022	-6.619	0.0256	NM_001928.2	
CR1	9.50e-01	8.79e-01	0.15243	-6.6202	0.024271	NM_000651.4	
ILF3	9.51e-01	8.82e-01	0.14959	-6.6206	0.006692	NM_001137673.1	
EGR1	9.53e-01	8.88e-01	0.14084	-6.6219	0.057898	NM_001964.2	
AICDA	9.53e-01	8.89e-01	-0.14043	-6.6219	-0.032119	NM_020661.1	
SELE	9.53e-01	8.89e-01	0.14039	-6.6219	0.028079	NM_000450.2	
TRAF6	9.53e-01	8.90e-01	-0.13838	-6.6222	-0.009257	NM_145803.1	
IL22	9.53e-01	8.91e-01	-0.137	-6.6224	-0.025608	NM_020525.4	
IFNA1/13	9.53e-01	8.96e-01	-0.13148	-6.6231	-0.02856	NM_024013.1	
IL19	9.53e-01	8.96e-01	0.13111	-6.6232	0.024624	NM_013371.3	
IL4	9.53e-01	8.96e-01	-0.13067	-6.6233	-0.026667	NM_000589.2	
IL23A	9.53e-01	8.98e-01	-0.12891	-6.6235	-0.025478	NM_016584.2	
FCAR	9.53e-01	8.99e-01	0.12742	-6.6237	0.02522	NM_133280.1	
PTPN2	9.55e-01	9.05e-01	0.1199	-6.6246	0.008561	NM_002828.2	
KIR_Activating_Subgroup_1	9.55e-01	9.05e-01	-0.1197	-6.6246	-0.021327	NM_001083539.1	
POS_B	9.55e-01	9.06e-01	-0.1189	-6.6247	-0.008504		ERCC_00112.1
CLEC6A	9.56e-01	9.08e-01	0.11542	-6.6251	0.024841	NM_001007033.1	
DEFB4A	9.61e-01	9.14e-01	-0.10801	-6.626	-0.024793	NM_004942.2	
IL20	9.64e-01	9.19e-01	0.10235	-6.6265	0.02282	NM_018724.3	
CCRL1	9.64e-01	9.20e-01	0.10087	-6.6267	0.011697	NM_016557.2	
CFB	9.68e-01	9.26e-01	-0.09354	-6.6274	-0.006592	NM_001710.5	
IL1RL1	9.73e-01	9.32e-01	-0.08575	-6.6281	-0.023776	NM_016232.4	
DEFB103A	9.76e-01	9.37e-01	0.07961	-6.6286	0.016718	NM_001081551.2	
CEACAM1	9.78e-01	9.40e-01	-0.07516	-6.629	-0.007064	NM_001712.3	
MAPK11	9.78e-01	9.45e-01	-0.06963	-6.6294	-0.012684	NM_002751.5	
TNFAIP6	9.78e-01	9.48e-01	-0.06585	-6.6296	-0.013065	NM_007115.2	
AIRE	9.78e-01	9.51e-01	-0.06183	-6.6299	-0.013925	NM_000383.2	
IL29	9.78e-01	9.51e-01	-0.06178	-6.6299	-0.013174	NM_172140.1	
PLA2G2E	9.78e-01	9.52e-01	-0.0608	-6.6299	-0.01306	NM_014589.1	
CD164	9.78e-01	9.53e-01	-0.05945	-6.63	-0.00437	NM_006016.4	
PDCD2	9.78e-01	9.54e-01	0.05809	-6.6301	0.004573	NM_144781.2	
NEG_B	9.78e-01	9.54e-01	-0.05781	-6.6301	-0.011498		ERCC_00041.1
CD1A	9.78e-01	9.55e-01	-0.05622	-6.6302	-0.012072	NM_001763.2	
KIR3DL1	9.78e-01	9.56e-01	0.05533	-6.6303	0.009582	NM_013289.2	
TNFSF8	9.81e-01	9.61e-01	-0.04933	-6.6306	-0.005755	NM_001244.3	
POS_C	9.83e-01	9.64e-01	0.04546	-6.6307	0.003172		ERCC_00002.1
TNFRSF4	9.83e-01	9.66e-01	0.04314	-6.6309	0.008169	NM_003327.2	
IL5	9.85e-01	9.69e-01	-0.03888	-6.631	-0.007851	NM_000879.2	
PTGS2	9.90e-01	9.76e-01	-0.03042	-6.6313	-0.006874	NM_000963.1	
TNFRSF13B	9.91e-01	9.78e-01	-0.02742	-6.6314	-0.005381	NM_012452.2	
LTB4R	9.94e-01	9.83e-01	-0.02141	-6.6316	-0.002413	NM_181657.3	
IL10	9.94e-01	9.84e-01	-0.01997	-6.6316	-0.003712	NM_000572.2	
GPR183	9.95e-01	9.88e-01	-0.01453	-6.6317	-0.002296	NM_004951.3	
KLRG2	9.95e-01	9.89e-01	0.01387	-6.6317	0.005577	NM_198508.2	
KIR_Inhibiting_Subgroup_1	9.96e-01	9.91e-01	0.01073	-6.6317	0.002343	NM_014218.2	
CD163	9.98e-01	9.94e-01	-0.00714	-6.6318	-0.000859	NM_004244.4	
IFNG	9.98e-01	9.97e-01	-0.00402	-6.6318	-0.000884	NM_000619.2	
CD34	9.99e-01	9.99e-01	-0.00115	-6.6318	-0.000199	NM_001025109.1	
