Gene,AUC,pct_Chow,pct_NASH,pct_max,p_val,avg_logFC,pct.1,pct.2,p_val_adj
Uroc1,0.794,0.147311828,0.754545455,0.754545455,1.66E-45,1.446281015,0.755,0.147,5.16E-41
Slc25a10,0.789,0.158064516,0.754545455,0.754545455,1.89E-42,1.145810718,0.755,0.158,5.87E-38
Eno1,0.788,0.183870968,0.772727273,0.772727273,5.21E-39,1.351984383,0.773,0.184,1.62E-34
Asl,0.777,0.34516129,0.945454545,0.945454545,1.36E-26,1.004323848,0.945,0.345,4.21E-22
Wdr18,0.76,0.153763441,0.709090909,0.709090909,9.15E-36,0.38227108,0.709,0.154,2.84E-31
Ndufs7,0.755,0.321505376,0.9,0.9,1.18E-23,0.642819041,0.9,0.322,3.67E-19
Acads,0.751,0.295698925,0.872727273,0.872727273,7.34E-24,0.552544159,0.873,0.296,2.28E-19
Aco2,0.741,0.092473118,0.590909091,0.590909091,1.38E-41,0.968087383,0.591,0.092,4.28E-37
Adrm1,0.738,0.169892473,0.672727273,0.672727273,3.17E-29,0.62275241,0.673,0.17,9.83E-25
Trap1,0.738,0.168817204,0.681818182,0.681818182,3.67E-29,0.781302597,0.682,0.169,1.14E-24
Gpt,0.734,0.109677419,0.590909091,0.590909091,3.56E-36,1.117813812,0.591,0.11,1.10E-31
Trabd,0.734,0.158064516,0.663636364,0.663636364,2.16E-29,0.490189423,0.664,0.158,6.71E-25
Rnh1,0.73,0.253763441,0.781818182,0.781818182,5.73E-22,0.403796461,0.782,0.254,1.78E-17
Sgta,0.728,0.143010753,0.636363636,0.636363636,1.41E-29,0.415470477,0.636,0.143,4.37E-25
Tex261,0.715,0.116129032,0.572727273,0.572727273,2.66E-30,0.189424371,0.573,0.116,8.27E-26
Timm44,0.71,0.082795699,0.518181818,0.518181818,3.50E-35,0.962953971,0.518,0.083,1.09E-30
Slc25a22,0.708,0.14516129,0.590909091,0.590909091,3.46E-25,0.163876218,0.591,0.145,1.07E-20
Krt8,0.708,0.394623656,0.9,0.9,4.57E-15,0.890575086,0.9,0.395,1.42E-10
Pex11g,0.707,0.101075269,0.527272727,0.527272727,8.14E-31,1.05987575,0.527,0.101,2.53E-26
Gck,0.706,0.098924731,0.527272727,0.527272727,7.27E-31,0.770808554,0.527,0.099,2.26E-26
Abhd17a,0.705,0.205376344,0.672727273,0.672727273,3.30E-20,-0.042565029,0.673,0.205,1.02E-15
Atp6v0d1,0.703,0.14516129,0.590909091,0.590909091,3.67E-24,0.066621779,0.591,0.145,1.14E-19
Ccdc124,0.703,0.161290323,0.609090909,0.609090909,7.94E-23,0.232442415,0.609,0.161,2.46E-18
Psmd2,0.697,0.2,0.654545455,0.654545455,4.95E-19,-0.061239192,0.655,0.2,1.54E-14
Aspg,0.696,0.103225806,0.518181818,0.518181818,1.04E-27,1.273817324,0.518,0.103,3.24E-23
Mbd3,0.695,0.14516129,0.563636364,0.563636364,1.03E-22,0.120036045,0.564,0.145,3.21E-18
Oplah,0.684,0.119354839,0.509090909,0.509090909,4.76E-23,0.743152987,0.509,0.119,1.48E-18
Csnk2a1,0.682,0.111827957,0.490909091,0.490909091,1.36E-23,0.60625881,0.491,0.112,4.22E-19
Prodh,0.681,0.092473118,0.472727273,0.472727273,6.43E-26,0.905130428,0.473,0.092,2.00E-21
Stk11,0.679,0.101075269,0.472727273,0.472727273,2.08E-24,0.53564204,0.473,0.101,6.45E-20
Gldc,0.678,0.083870968,0.454545455,0.454545455,1.11E-26,0.546855577,0.455,0.084,3.44E-22
Cldn3,0.678,0.1,0.481818182,0.481818182,4.73E-24,-0.00072785,0.482,0.1,1.47E-19
Eef2,0.678,0.401075269,0.927272727,0.927272727,2.71E-11,0.243122685,0.927,0.401,8.41E-07
C8g,0.677,0.443010753,0.881818182,0.881818182,7.11E-11,0.425042271,0.882,0.443,2.21E-06
Klf13,0.676,0.08172043,0.445454545,0.445454545,1.39E-26,0.595637182,0.445,0.082,4.33E-22
Zfpm1,0.674,0.064516129,0.427272727,0.427272727,8.49E-30,0.245589175,0.427,0.065,2.64E-25
Ifrd2,0.673,0.072043011,0.427272727,0.427272727,5.55E-28,0.629312589,0.427,0.072,1.72E-23
Sec14l4,0.673,0.119354839,0.481818182,0.481818182,7.16E-21,0.322419353,0.482,0.119,2.22E-16
Polr2e,0.673,0.150537634,0.527272727,0.527272727,3.90E-18,-0.11477199,0.527,0.151,1.21E-13
Pklr,0.667,0.064516129,0.409090909,0.409090909,6.54E-28,0.819445218,0.409,0.065,2.03E-23
Lonp1,0.667,0.108602151,0.463636364,0.463636364,1.28E-20,0.297506651,0.464,0.109,3.98E-16
Cluh,0.666,0.137634409,0.5,0.5,8.30E-18,0.210504371,0.5,0.138,2.58E-13
Zfp467,0.664,0.044086022,0.381818182,0.381818182,2.87E-33,0.82310589,0.382,0.044,8.91E-29
Tpgs1,0.663,0.093548387,0.436363636,0.436363636,1.23E-21,0.270262455,0.436,0.094,3.83E-17
Atad3a,0.661,0.060215054,0.390909091,0.390909091,1.57E-27,1.331107592,0.391,0.06,4.88E-23
Aspscr1,0.66,0.148387097,0.5,0.5,5.45E-16,0.120186823,0.5,0.148,1.69E-11
Agpat2,0.66,0.333333333,0.763636364,0.763636364,3.13E-10,-0.348497695,0.764,0.333,9.71E-06
Josd2,0.659,0.091397849,0.418181818,0.418181818,3.64E-21,0.908883278,0.418,0.091,1.13E-16
Anxa6,0.659,0.095698925,0.427272727,0.427272727,1.20E-20,0.526768135,0.427,0.096,3.74E-16
Ogfr,0.658,0.08172043,0.409090909,0.409090909,1.89E-22,0.389129764,0.409,0.082,5.88E-18
Me1,0.656,0.188172043,0.554545455,0.554545455,3.01E-13,-0.298223604,0.555,0.188,9.36E-09
Amdhd2,0.654,0.055913978,0.372727273,0.372727273,1.15E-26,0.851277108,0.373,0.056,3.58E-22
Gcgr,0.653,0.087096774,0.409090909,0.409090909,1.43E-20,0.905315964,0.409,0.087,4.45E-16
Rnf126,0.652,0.062365591,0.372727273,0.372727273,1.42E-24,1.205023322,0.373,0.062,4.42E-20
2310011J03Rik,0.651,0.066666667,0.381818182,0.381818182,2.02E-23,0.62661641,0.382,0.067,6.28E-19
Angptl8,0.651,0.088172043,0.4,0.4,4.42E-20,1.750650663,0.4,0.088,1.37E-15
Ehd1,0.65,0.076344086,0.390909091,0.390909091,2.32E-21,0.183717188,0.391,0.076,7.22E-17
Nsmf,0.647,0.060215054,0.363636364,0.363636364,8.31E-24,1.075896426,0.364,0.06,2.58E-19
Pemt,0.647,0.322580645,0.736363636,0.736363636,5.33E-09,-0.585038325,0.736,0.323,0.000165399
Coro1b,0.643,0.044086022,0.336363636,0.336363636,4.03E-27,1.140012152,0.336,0.044,1.25E-22
Kif1c,0.642,0.072043011,0.363636364,0.363636364,2.94E-20,0.556398075,0.364,0.072,9.12E-16
Scyl1,0.641,0.047311828,0.336363636,0.336363636,1.83E-25,1.305304618,0.336,0.047,5.69E-21
Mxd4,0.641,0.079569892,0.372727273,0.372727273,6.82E-19,0.085470006,0.373,0.08,2.12E-14
Glud1,0.638,0.468817204,0.927272727,0.927272727,5.18E-07,0.169128544,0.927,0.469,0.016094807
Osgin1,0.636,0.227956989,0.572727273,0.572727273,1.60E-09,-0.114677561,0.573,0.228,4.97E-05
Dvl1,0.635,0.037634409,0.309090909,0.309090909,4.82E-27,2.168992143,0.309,0.038,1.50E-22
Irak1,0.633,0.06344086,0.336363636,0.336363636,1.13E-19,0.462801854,0.336,0.063,3.51E-15
Dapk3,0.63,0.102150538,0.372727273,0.372727273,3.11E-14,0.40473554,0.373,0.102,9.67E-10
Tubb4b,0.63,0.310752688,0.709090909,0.709090909,1.78E-07,-0.459588744,0.709,0.311,0.005530793
Csnk1g2,0.628,0.105376344,0.381818182,0.381818182,1.36E-13,-0.190101649,0.382,0.105,4.23E-09
Cidec,0.626,0.003225806,0.254545455,0.254545455,1.68E-48,4.03210491,0.255,0.003,5.22E-44
Aen,0.625,0.051612903,0.309090909,0.309090909,2.95E-20,0.757450964,0.309,0.052,9.16E-16
Pfkl,0.622,0.04516129,0.290909091,0.290909091,6.90E-21,1.124702809,0.291,0.045,2.14E-16
Sphk2,0.62,0.068817204,0.318181818,0.318181818,7.23E-16,0.089341429,0.318,0.069,2.25E-11
Dnajc11,0.617,0.074193548,0.318181818,0.318181818,1.22E-14,0.481267986,0.318,0.074,3.78E-10
Ptges2,0.616,0.060215054,0.3,0.3,2.16E-16,-0.073261895,0.3,0.06,6.70E-12
Znhit2,0.616,0.079569892,0.318181818,0.318181818,6.90E-14,0.474623792,0.318,0.08,2.14E-09
Ddx54,0.615,0.068817204,0.309090909,0.309090909,7.66E-15,-0.29415544,0.309,0.069,2.38E-10
Isg15,0.615,0.160215054,0.427272727,0.427272727,8.16E-09,-0.350772941,0.427,0.16,0.000253373
Nubp2,0.611,0.076344086,0.309090909,0.309090909,2.86E-13,-0.14774703,0.309,0.076,8.89E-09
Tedc2,0.61,0.125806452,0.363636364,0.363636364,1.46E-09,-0.244024419,0.364,0.126,4.53E-05
Ruvbl1,0.609,0.067741935,0.290909091,0.290909091,7.04E-14,0.50593936,0.291,0.068,2.19E-09
Dnm2,0.608,0.059139785,0.281818182,0.281818182,9.46E-15,0.359126656,0.282,0.059,2.94E-10
Hgfac,0.608,0.093548387,0.327272727,0.327272727,3.38E-11,-0.535099281,0.327,0.094,1.05E-06
Crat,0.607,0.044086022,0.263636364,0.263636364,2.66E-17,0.428695285,0.264,0.044,8.25E-13
Ppp6r1,0.607,0.052688172,0.272727273,0.272727273,1.42E-15,0.286944722,0.273,0.053,4.40E-11
Fbxw5,0.603,0.03655914,0.245454545,0.245454545,3.13E-18,1.483971238,0.245,0.037,9.73E-14
Dohh,0.602,0.110752688,0.336363636,0.336363636,3.01E-09,-0.421525002,0.336,0.111,9.33E-05
Fasn,0.599,0.131182796,0.354545455,0.354545455,7.63E-08,-0.213967699,0.355,0.131,0.002369397
Igfals,0.597,0.05483871,0.254545455,0.254545455,4.12E-13,0.457809189,0.255,0.055,1.28E-08
Yif1b,0.596,0.069892473,0.272727273,0.272727273,3.70E-11,-0.422728655,0.273,0.07,1.15E-06
Mgrn1,0.595,0.035483871,0.227272727,0.227272727,2.57E-16,0.644885293,0.227,0.035,7.98E-12
Mid1ip1,0.594,0.107526882,0.309090909,0.309090909,3.27E-08,-0.38431631,0.309,0.108,0.001015734
Aldh16a1,0.593,0.061290323,0.254545455,0.254545455,1.40E-11,0.18746236,0.255,0.061,4.34E-07
Ctu2,0.592,0.041935484,0.227272727,0.227272727,4.02E-14,0.908060808,0.227,0.042,1.25E-09
Col18a1,0.592,0.108602151,0.309090909,0.309090909,7.29E-08,-0.363950451,0.309,0.109,0.00226465
Flii,0.591,0.044086022,0.227272727,0.227272727,1.85E-13,1.236743896,0.227,0.044,5.74E-09
Gsdmd,0.589,0.090322581,0.281818182,0.281818182,1.90E-08,-0.077883019,0.282,0.09,0.000589469
Fads1,0.589,0.104301075,0.3,0.3,9.40E-08,-1.151150675,0.3,0.104,0.00291898
Cptp,0.588,0.031182796,0.209090909,0.209090909,1.76E-15,0.292172066,0.209,0.031,5.47E-11
Eefsec,0.588,0.040860215,0.218181818,0.218181818,1.76E-13,1.269571323,0.218,0.041,5.47E-09
Tssc4,0.588,0.064516129,0.245454545,0.245454545,2.73E-10,0.201627096,0.245,0.065,8.48E-06
Gltpd2,0.588,0.107526882,0.3,0.3,2.04E-07,-1.063737033,0.3,0.108,0.006324236
Slc22a18,0.587,0.047311828,0.227272727,0.227272727,3.88E-12,0.146877166,0.227,0.047,1.20E-07
Slc29a1,0.587,0.095698925,0.281818182,0.281818182,7.11E-08,-0.358523334,0.282,0.096,0.002207038
Cacfd1,0.586,0.034408602,0.209090909,0.209090909,3.23E-14,0.711337184,0.209,0.034,1.00E-09
Clptm1l,0.584,0.092473118,0.272727273,0.272727273,1.52E-07,-0.571755641,0.273,0.092,0.004729879
Med22,0.583,0.024731183,0.190909091,0.190909091,3.37E-16,2.026853029,0.191,0.025,1.05E-11
Atg2a,0.582,0.032258065,0.2,0.2,7.89E-14,0.313330872,0.2,0.032,2.45E-09
Rassf7,0.582,0.041935484,0.209090909,0.209090909,7.47E-12,0.765321994,0.209,0.042,2.32E-07
Zyx,0.581,0.035483871,0.2,0.2,7.24E-13,0.33567838,0.2,0.035,2.25E-08
Inf2,0.58,0.038709677,0.2,0.2,4.12E-12,1.200674443,0.2,0.039,1.28E-07
Apba3,0.58,0.04516129,0.209090909,0.209090909,5.28E-11,0.044024587,0.209,0.045,1.64E-06
Cnot1,0.579,0.077419355,0.245454545,0.245454545,8.59E-08,-0.298989683,0.245,0.077,0.002667549
Harbi1,0.577,0.02688172,0.181818182,0.181818182,7.45E-14,1.598863703,0.182,0.027,2.31E-09
Bcar1,0.577,0.02688172,0.181818182,0.181818182,8.76E-14,0.907021694,0.182,0.027,2.72E-09
Unc119b,0.576,0.019354839,0.172727273,0.172727273,3.19E-16,1.06481696,0.173,0.019,9.90E-12
Spata2l,0.575,0.030107527,0.181818182,0.181818182,1.62E-12,1.354275854,0.182,0.03,5.02E-08
Pskh1,0.573,0.024731183,0.172727273,0.172727273,1.76E-13,0.981520473,0.173,0.025,5.47E-09
Fads2,0.573,0.025806452,0.172727273,0.172727273,4.27E-13,0.609770717,0.173,0.026,1.33E-08
Ubtd1,0.572,0.02688172,0.172727273,0.172727273,1.15E-12,1.186232413,0.173,0.027,3.58E-08
Pi4ka,0.572,0.027956989,0.172727273,0.172727273,3.24E-12,0.843555495,0.173,0.028,1.01E-07
Tbl3,0.572,0.027956989,0.172727273,0.172727273,3.24E-12,0.629251453,0.173,0.028,1.01E-07
Tmem259,0.571,0.062365591,0.209090909,0.209090909,1.73E-07,0.058528628,0.209,0.062,0.005374799
Tjp3,0.57,0.031182796,0.172727273,0.172727273,4.01E-11,0.475321313,0.173,0.031,1.25E-06
Cdc42ep1,0.567,0.02688172,0.163636364,0.163636364,2.13E-11,-0.328447824,0.164,0.027,6.61E-07
Cdc42bpb,0.565,0.023655914,0.154545455,0.154545455,1.24E-11,1.609946638,0.155,0.024,3.85E-07
Kdm4a,0.565,0.064516129,0.2,0.2,1.91E-06,-0.464505667,0.2,0.065,0.059267554
Inhbe,0.564,0.043010753,0.172727273,0.172727273,4.88E-08,0.30251607,0.173,0.043,0.00151585
Actn4,0.564,0.066666667,0.2,0.2,3.23E-06,-0.015607349,0.2,0.067,0.100229693
Ccdc22,0.563,0.02688172,0.154545455,0.154545455,1.98E-10,0.635520801,0.155,0.027,6.15E-06
Acaca,0.562,0.04516129,0.172727273,0.172727273,1.73E-07,-0.502253521,0.173,0.045,0.005367182
Chid1,0.562,0.060215054,0.190909091,0.190909091,3.13E-06,-1.299669344,0.191,0.06,0.097284336
Scarb1,0.561,0.038709677,0.163636364,0.163636364,5.40E-08,0.678093162,0.164,0.039,0.00167692
Nelfb,0.561,0.040860215,0.163636364,0.163636364,1.06E-07,0.973962455,0.164,0.041,0.003292107
Cdc14b,0.56,0.023655914,0.145454545,0.145454545,1.83E-10,1.318803999,0.145,0.024,5.67E-06
Ralgapa2,0.56,0.025806452,0.145454545,0.145454545,8.44E-10,0.624808717,0.145,0.026,2.62E-05
Zfp386,0.56,0.032258065,0.154545455,0.154545455,9.47E-09,1.136919985,0.155,0.032,0.00029394
Gbf1,0.56,0.059139785,0.181818182,0.181818182,4.18E-06,0.012102565,0.182,0.059,0.129790311
Ctsd,0.56,0.074193548,0.2,0.2,2.78E-05,-0.818659998,0.2,0.074,0.863637027
Tcn2,0.559,0.025806452,0.145454545,0.145454545,1.25E-09,0.418458823,0.145,0.026,3.88E-05
Unc93b1,0.558,0.010752688,0.127272727,0.127272727,2.45E-14,1.300504001,0.127,0.011,7.61E-10
Srebf1,0.558,0.02688172,0.145454545,0.145454545,2.72E-09,0.692819686,0.145,0.027,8.45E-05
Ikbkg,0.558,0.04516129,0.163636364,0.163636364,7.49E-07,0.178402132,0.164,0.045,0.023259953
Lrfn3,0.558,0.04516129,0.163636364,0.163636364,9.87E-07,-0.407641554,0.164,0.045,0.030651283
Miip,0.557,0.030107527,0.145454545,0.145454545,2.21E-08,0.584677597,0.145,0.03,0.000686541
Ppp1r3c,0.556,0.037634409,0.154545455,0.154545455,2.81E-07,-0.653244046,0.155,0.038,0.00872482
Entpd8,0.555,0.056989247,0.172727273,0.172727273,1.85E-05,-0.588488386,0.173,0.057,0.57587908
Cyp7a1,0.554,0.009677419,0.118181818,0.118181818,9.91E-14,2.613237361,0.118,0.01,3.08E-09
Ndst1,0.553,0.021505376,0.127272727,0.127272727,4.61E-09,0.015797762,0.127,0.022,0.000143208
Gpr137,0.553,0.044086022,0.154545455,0.154545455,4.56E-06,-0.324088814,0.155,0.044,0.141458297
Pglyrp2,0.552,0.064516129,0.172727273,0.172727273,8.98E-05,-0.199381611,0.173,0.065,1
Adar,0.551,0.024731183,0.127272727,0.127272727,5.27E-08,1.393114466,0.127,0.025,0.00163521
Ap2a1,0.551,0.040860215,0.145454545,0.145454545,5.78E-06,-0.556711786,0.145,0.041,0.179391869
Zfp512b,0.55,0.009677419,0.109090909,0.109090909,2.69E-12,3.913297739,0.109,0.01,8.37E-08
Lgals4,0.55,0.009677419,0.109090909,0.109090909,2.77E-12,2.371646531,0.109,0.01,8.62E-08
Trmt61a,0.549,0.010752688,0.109090909,0.109090909,1.93E-11,0.452632403,0.109,0.011,5.98E-07
Nacc1,0.549,0.019354839,0.118181818,0.118181818,1.13E-08,1.502801246,0.118,0.019,0.000352121
Bbc3,0.549,0.04516129,0.145454545,0.145454545,2.66E-05,-0.182424386,0.145,0.045,0.826492395
Pias4,0.548,0.021505376,0.118181818,0.118181818,7.27E-08,0.362450651,0.118,0.022,0.002258806
Tirap,0.548,0.037634409,0.136363636,0.136363636,8.03E-06,-0.368853904,0.136,0.038,0.249268663
Abcd1,0.546,0.007526882,0.1,0.1,2.47E-12,3.742385549,0.1,0.008,7.67E-08
Fzr1,0.546,0.016129032,0.109090909,0.109090909,9.32E-09,0.317330675,0.109,0.016,0.00028938
Shkbp1,0.546,0.025806452,0.118181818,0.118181818,1.10E-06,0.106763379,0.118,0.026,0.034125677
Acss2,0.546,0.120430108,0.227272727,0.227272727,0.007384174,-0.928906239,0.227,0.12,1
Arsa,0.545,0.008602151,0.1,0.1,1.77E-11,1.333961917,0.1,0.009,5.50E-07
Slc26a1,0.545,0.035483871,0.127272727,0.127272727,1.90E-05,-0.349498637,0.127,0.035,0.591507977
Vac14,0.544,0.019354839,0.109090909,0.109090909,1.46E-07,0.185182398,0.109,0.019,0.004523624
Zc3h7b,0.544,0.019354839,0.109090909,0.109090909,1.60E-07,-0.24797204,0.109,0.019,0.00497078
Cep170b,0.544,0.020430108,0.109090909,0.109090909,3.74E-07,0.102143341,0.109,0.02,0.011627181
Scaf1,0.544,0.027956989,0.118181818,0.118181818,3.61E-06,0.490778311,0.118,0.028,0.112045793
Med16,0.543,0.013978495,0.1,0.1,1.70E-08,0.810340894,0.1,0.014,0.000527642
Btbd2,0.543,0.030107527,0.118181818,0.118181818,1.09E-05,0.13519456,0.118,0.03,0.338795089
Capn15,0.542,0.016129032,0.1,0.1,1.28E-07,0.306104019,0.1,0.016,0.003981411
Ttpal,0.542,0.024731183,0.109090909,0.109090909,4.63E-06,-0.559998591,0.109,0.025,0.143670281
Twnk,0.542,0.024731183,0.109090909,0.109090909,4.92E-06,0.616108149,0.109,0.025,0.152795785
Zfp623,0.541,0.017204301,0.1,0.1,2.58E-07,1.06990963,0.1,0.017,0.008017721
Top3b,0.541,0.025806452,0.109090909,0.109090909,7.10E-06,1.080531574,0.109,0.026,0.220601434
Abcb8,0.54,0.019354839,0.1,0.1,1.53E-06,0.179795469,0.1,0.019,0.04749185
Mroh1,0.54,0.021505376,0.1,0.1,4.14E-06,1.498721821,0.1,0.022,0.128653324
Bcl9l,0.54,0.027956989,0.109090909,0.109090909,2.60E-05,-0.335698514,0.109,0.028,0.808340573
Pigt,0.539,0.030107527,0.109090909,0.109090909,5.35E-05,0.069550234,0.109,0.03,1
Abhd2,0.539,0.029032258,0.109090909,0.109090909,4.27E-05,-0.789817888,0.109,0.029,1
Cpsf1,0.539,0.030107527,0.109090909,0.109090909,5.96E-05,-0.434589128,0.109,0.03,1
Grn,0.539,0.095698925,0.181818182,0.181818182,0.011411899,-1.137285091,0.182,0.096,1
Rnf186,0.538,0.022580645,0.1,0.1,1.35E-05,-0.267793912,0.1,0.023,0.417857378
Cdhr5,0.538,0.039784946,0.118181818,0.118181818,0.000460494,-0.944793381,0.118,0.04,1
Pgghg,0.537,0.023655914,0.1,0.1,2.29E-05,-0.024213948,0.1,0.024,0.711105189
Sec61a1,0.534,0.055913978,0.127272727,0.127272727,0.005963077,-1.114299978,0.127,0.056,1
Plxnb2,0.528,0.056989247,0.118181818,0.118181818,0.020750731,-1.162399816,0.118,0.057,1
Tubb2a,0.506,0.269892473,0.363636364,0.363636364,0.778403623,-2.291933561,0.364,0.27,1
Apoe,0.357,0.996774194,1,1,9.81E-07,-0.335880642,1,0.997,0.030462834
Fdps,0.29,0.534408602,0.245454545,0.534408602,1.49E-14,-5.140880208,0.245,0.534,4.63E-10
Gpc1,0,0.002150538,0.072727273,0.072727273,8.04E-13,4.944571942,0.073,0.002,2.50E-08
Acot11,0,0.005376344,0.081818182,0.081818182,6.08E-11,1.887138027,0.082,0.005,1.89E-06
Zfp777,0,0.005376344,0.072727273,0.072727273,2.04E-09,1.604040421,0.073,0.005,6.34E-05
Tbc1d16,0,0.007526882,0.081818182,0.081818182,2.60E-09,1.209784263,0.082,0.008,8.07E-05
Lamb3,0,0.001075269,0.045454545,0.045454545,6.59E-09,3.824982683,0.045,0.001,0.000204534
Tmem104,0,0.003225806,0.054545455,0.054545455,4.08E-08,1.61753932,0.055,0.003,0.001267278
Pkd1,0,0.002150538,0.045454545,0.045454545,1.59E-07,1.561132469,0.045,0.002,0.004936672
Lama3,0,0.004301075,0.054545455,0.054545455,3.41E-07,3.488440622,0.055,0.004,0.010603066
Slc4a2,0,0.011827957,0.081818182,0.081818182,4.48E-07,2.35121954,0.082,0.012,0.013899998
Hba-a2,0,0,0.027272727,0.027272727,4.67E-07,13.70714707,0.027,0,0.014511139
Amigo3,0,0,0.027272727,0.027272727,4.67E-07,4.72902615,0.027,0,0.014511139
Lmnb2,0,0.011827957,0.081818182,0.081818182,4.93E-07,0.988129718,0.082,0.012,0.015297842
Tmub1,0,0.011827957,0.081818182,0.081818182,5.62E-07,1.490227705,0.082,0.012,0.017458948
Rabep2,0,0.015053763,0.090909091,0.090909091,6.07E-07,1.587349076,0.091,0.015,0.01884659
Mad1l1,0,0.016129032,0.090909091,0.090909091,1.42E-06,0.764298557,0.091,0.016,0.044078226
Eno1b,0,0.003225806,0.045454545,0.045454545,1.64E-06,3.959575197,0.045,0.003,0.050858649
Eno3,0,0.003225806,0.045454545,0.045454545,1.69E-06,3.100354241,0.045,0.003,0.052573752
Kremen1,0,0.003225806,0.045454545,0.045454545,1.71E-06,3.370089352,0.045,0.003,0.053157706
Ap5z1,0,0.010752688,0.072727273,0.072727273,2.65E-06,2.746715581,0.073,0.011,0.082193907
Tnks1bp1,0,0.013978495,0.081818182,0.081818182,3.47E-06,-0.047381375,0.082,0.014,0.107750458
Dus3l,0,0.013978495,0.081818182,0.081818182,3.66E-06,0.11130479,0.082,0.014,0.113511686
Pitpnm2,0,0.017204301,0.090909091,0.090909091,4.16E-06,-0.156078328,0.091,0.017,0.129284884
Lrp3,0,0.008602151,0.063636364,0.063636364,4.69E-06,2.888571684,0.064,0.009,0.145694185
Mmp14,0,0.002150538,0.036363636,0.036363636,7.22E-06,4.759117319,0.036,0.002,0.224181413
Rab11fip4,0,0.002150538,0.036363636,0.036363636,7.22E-06,5.039440408,0.036,0.002,0.224181413
Atg9a,0,0.01827957,0.090909091,0.090909091,7.46E-06,0.437916103,0.091,0.018,0.231566287
Nup62,0,0.01827957,0.090909091,0.090909091,7.67E-06,0.240172051,0.091,0.018,0.238267975
Extl3,0,0.015053763,0.081818182,0.081818182,7.80E-06,0.461439039,0.082,0.015,0.24229098
Zfp595,0,0.006451613,0.054545455,0.054545455,9.40E-06,-0.289318425,0.055,0.006,0.291846549
Cdc25a,0,0.004301075,0.045454545,0.045454545,1.12E-05,-0.136798173,0.045,0.004,0.347185588
Eppk1,0,0.004301075,0.045454545,0.045454545,1.17E-05,0.26048975,0.045,0.004,0.364289247
Dact2,0,0.019354839,0.090909091,0.090909091,1.41E-05,0.788487572,0.091,0.019,0.436561051
3110082I17Rik,0,0.019354839,0.090909091,0.090909091,1.66E-05,-0.382585078,0.091,0.019,0.5165996
Rab40c,0,0.016129032,0.081818182,0.081818182,1.72E-05,0.502731952,0.082,0.016,0.535523125
Plekhh3,0,0.012903226,0.072727273,0.072727273,1.75E-05,1.3584224,0.073,0.013,0.543254806
Piezo1,0,0.001075269,0.027272727,0.027272727,2.72E-05,4.143512291,0.027,0.001,0.845115399
Zfp213,0,0.007526882,0.054545455,0.054545455,2.78E-05,3.065067427,0.055,0.008,0.863256966
Vwce,0,0.007526882,0.054545455,0.054545455,2.98E-05,2.720098374,0.055,0.008,0.924999248
Hunk,0,0.001075269,0,0.001075269,0.733260593,1.82070193,0,0.001,1
Gas6,0,0.08172043,0.090909091,0.090909091,0.881834361,-2.429396258,0.091,0.082,1
Ism1,0,0,0,0,1,3.079727192,0,0,1
Eya2,0,0,0,0,1,3.079727192,0,0,1
Fam83d,0,0,0.009090909,0.009090909,0.00367789,4.815683556,0.009,0,1
Pnpla3,0,0,0,0,1,3.079727192,0,0,1
Lama5,0,0.001075269,0.009090909,0.009090909,0.070405184,2.87830674,0.009,0.001,1
Tcea2,0,0,0,0,1,3.079727192,0,0,1
Trp53tg5,0,0,0,0,1,3.079727192,0,0,1
Rtl6,0,0,0,0,1,3.079727192,0,0,1
Gm5150,0,0.001075269,0,0.001075269,0.733260593,1.114921793,0,0.001,1
Sirpb1a,0,0,0.009090909,0.009090909,0.00367789,4.464376207,0.009,0,1
Sirpb1c,0,0,0.018181818,0.018181818,3.93E-05,4.213318676,0.018,0,1
Sirpb1b,0,0.002150538,0.018181818,0.018181818,0.010384412,0.856104674,0.018,0.002,1
Sirpa,0,0.005376344,0.027272727,0.027272727,0.013302401,1.665352086,0.027,0.005,1
Ggt1,0,0,0,0,1,3.079727192,0,0,1
Oxt,0,0.003225806,0.018181818,0.018181818,0.032193012,-0.106403427,0.018,0.003,1
Cidea,0,0.002150538,0,0.002150538,0.628105135,1.349856709,0,0.002,1
Eda2r,0,0,0.009090909,0.009090909,0.00367789,3.909171505,0.009,0,1
Lss,0,0.04516129,0.027272727,0.04516129,0.365416627,-2.514713066,0.027,0.045,1
Ints1,0,0.020430108,0.081818182,0.081818182,0.000203205,-0.901534947,0.082,0.02,1
Kcne1,0,0,0,0,1,3.079727192,0,0,1
Abca3,0,0.01827957,0.036363636,0.036363636,0.209678743,-1.33365042,0.036,0.018,1
Rasef,0,0,0,0,1,3.079727192,0,0,1
Nol4,0,0,0,0,1,3.079727192,0,0,1
Adamts16,0,0,0,0,1,3.079727192,0,0,1
Dtna,0,0,0,0,1,3.079727192,0,0,1
Ntsr1,0,0,0,0,1,3.079727192,0,0,1
Zdhhc8,0,0.002150538,0.009090909,0.009090909,0.200176551,2.245051596,0.009,0.002,1
Cdc45,0,0.005376344,0.018181818,0.018181818,0.123107707,-0.559251499,0.018,0.005,1
Atp9b,0,0.012903226,0.063636364,0.063636364,0.000181971,1.464680379,0.064,0.013,1
Susd3,0,0.001075269,0.009090909,0.009090909,0.069721043,3.312232231,0.009,0.001,1
Gnb1l,0,0.004301075,0.009090909,0.009090909,0.495082291,0.764162697,0.009,0.004,1
Rtn4r,0,0,0,0,1,3.079727192,0,0,1
Cracr2a,0,0,0,0,1,3.079727192,0,0,1
Panx2,0,0,0,0,1,3.079727192,0,0,1
Rps6kl1,0,0.001075269,0,0.001075269,0.733260593,2.768259346,0,0.001,1
Col6a2,0,0,0,0,1,3.079727192,0,0,1
Ccdc134,0,0.004301075,0.009090909,0.009090909,0.495082291,0.797723432,0.009,0.004,1
Cryaa,0,0,0,0,1,3.079727192,0,0,1
Mcm5,0,0.006451613,0.018181818,0.018181818,0.185773113,-0.316789055,0.018,0.006,1
Ralgps1,0,0.003225806,0.027272727,0.027272727,0.001690454,2.309618431,0.027,0.003,1
Mvb12b,0,0.005376344,0.018181818,0.018181818,0.121959688,1.952174899,0.018,0.005,1
S1pr4,0,0.001075269,0,0.001075269,0.733260593,2.512240813,0,0.001,1
Rnase13,0,0.001075269,0,0.001075269,0.733260593,2.306134387,0,0.001,1
Cfap157,0,0,0,0,1,3.079727192,0,0,1
Rhbdd3,0,0.017204301,0.054545455,0.054545455,0.011151363,-0.65459494,0.055,0.017,1
Srms,0,0.002150538,0,0.002150538,0.628105135,1.673340557,0,0.002,1
Pwwp2b,0,0.004301075,0.018181818,0.018181818,0.069829405,1.244928037,0.018,0.004,1
Paqr4,0,0.001075269,0.009090909,0.009090909,0.069721043,3.597703658,0.009,0.001,1
Syt7,0,0,0.009090909,0.009090909,0.00367789,3.864923926,0.009,0,1
Rgp1,0,0.011827957,0.063636364,0.063636364,8.96E-05,0.926524498,0.064,0.012,1
Msmp,0,0,0,0,1,3.079727192,0,0,1
Susd2,0,0,0,0,1,3.079727192,0,0,1
Calml3,0,0,0,0,1,3.079727192,0,0,1
Cwh43,0,0,0,0,1,3.079727192,0,0,1
Glis2,0,0,0,0,1,3.079727192,0,0,1
Aldh3a1,0,0,0,0,1,3.079727192,0,0,1
Siglec15,0,0,0,0,1,3.079727192,0,0,1
Gnat1,0,0.032258065,0.081818182,0.081818182,0.010798093,-0.00090623,0.082,0.032,1
Ipo4,0,0.021505376,0.081818182,0.081818182,0.000327246,-0.491867739,0.082,0.022,1
Tssk4,0,0,0,0,1,3.079727192,0,0,1
Cyp4f39,0,0,0,0,1,3.079727192,0,0,1
Ltb4r2,0,0.002150538,0,0.002150538,0.628105135,-1.340488135,0,0.002,1
Crtc1,0,0.006451613,0.027272727,0.027272727,0.026204259,-0.032550123,0.027,0.006,1
Tmem161a,0,0.011827957,0.045454545,0.045454545,0.006891784,-0.166435574,0.045,0.012,1
Flna,0,0.005376344,0.018181818,0.018181818,0.123684872,0.165315246,0.018,0.005,1
Tymp,0,0.002150538,0.009090909,0.009090909,0.201448697,1.770619107,0.009,0.002,1
Tgm3,0,0,0,0,1,3.079727192,0,0,1
Mapk8ip2,0,0,0,0,1,3.079727192,0,0,1
Spns1,0,0.01827957,0.072727273,0.072727273,0.00046282,0.261364224,0.073,0.018,1
Slc38a10,0,0.029032258,0.081818182,0.081818182,0.005187863,-0.928866124,0.082,0.029,1
Rabl6,0,0.022580645,0.072727273,0.072727273,0.002898167,-0.68797937,0.073,0.023,1
Mamdc4,0,0,0,0,1,3.079727192,0,0,1
Mb,0,0,0,0,1,3.079727192,0,0,1
Scube1,0,0,0,0,1,3.079727192,0,0,1
Tmem102,0,0.021505376,0.054545455,0.054545455,0.039775076,-0.630327138,0.055,0.022,1
Gm17455,0,0,0,0,1,3.079727192,0,0,1
Adm2,0,0,0,0,1,3.079727192,0,0,1
Sbf1,0,0.029032258,0.090909091,0.090909091,0.001073633,-0.054688933,0.091,0.029,1
Pigq,0,0.013978495,0.072727273,0.072727273,3.72E-05,1.023735347,0.073,0.014,1
Akr1b10,0,0.001075269,0.018181818,0.018181818,0.001596489,0.710470692,0.018,0.001,1
Akr1b7,0,0,0,0,1,3.079727192,0,0,1
Akr1b8,0,0,0.018181818,0.018181818,3.93E-05,4.792247638,0.018,0,1
Lamc3,0,0,0,0,1,3.079727192,0,0,1
Plch2,0,0,0,0,1,3.079727192,0,0,1
Nynrin,0,0,0.009090909,0.009090909,0.00367789,3.553254773,0.009,0,1
Slc34a1,0,0,0,0,1,3.079727192,0,0,1
D630045J12Rik,0,0,0,0,1,3.079727192,0,0,1
Pygb,0,0.002150538,0,0.002150538,0.628105135,2.303313124,0,0.002,1
St6galnac1,0,0,0,0,1,3.079727192,0,0,1
Ptpru,0,0,0.009090909,0.009090909,0.00367789,3.864923926,0.009,0,1
Gjb5,0,0,0,0,1,3.079727192,0,0,1
Hba-a1,0,0,0.018181818,0.018181818,3.93E-05,13.93691825,0.018,0,1
Edar,0,0,0,0,1,3.079727192,0,0,1
Smox,0,0.006451613,0.027272727,0.027272727,0.026345626,0.05986668,0.027,0.006,1
Mchr1,0,0,0,0,1,3.079727192,0,0,1
Rims3,0,0,0,0,1,3.079727192,0,0,1
Fam151a,0,0,0,0,1,3.079727192,0,0,1
Cd151,0,0.029032258,0.081818182,0.081818182,0.00497094,-0.430176963,0.082,0.029,1
Il4i1,0,0,0,0,1,3.079727192,0,0,1
Kcnj4,0,0,0,0,1,3.079727192,0,0,1
Elfn2,0,0,0,0,1,3.079727192,0,0,1
Lrsam1,0,0.010752688,0.009090909,0.010752688,0.866850275,-1.526506527,0.009,0.011,1
Lrrc4b,0,0,0,0,1,3.079727192,0,0,1
Eef1a2,0,0,0,0,1,3.079727192,0,0,1
Pcdhac2,0,0,0,0,1,3.079727192,0,0,1
Zfp457,0,0,0,0,1,3.079727192,0,0,1
Zfp953,0,0.003225806,0.027272727,0.027272727,0.001720223,0.507218948,0.027,0.003,1
Zfp738,0,0.019354839,0.054545455,0.054545455,0.020695822,0.169716474,0.055,0.019,1
Prx,0,0,0,0,1,3.079727192,0,0,1
Lrwd1,0,0.008602151,0.018181818,0.018181818,0.336944078,0.605055707,0.018,0.009,1
Lrrc8a,0,0.025806452,0.072727273,0.072727273,0.008107754,-0.743450022,0.073,0.026,1
Tmem150b,0,0.001075269,0,0.001075269,0.733260593,2.459800147,0,0.001,1
Metrn,0,0.005376344,0.009090909,0.009090909,0.628640359,-0.208504593,0.009,0.005,1
Mapk8ip1,0,0.001075269,0,0.001075269,0.733260593,2.167170143,0,0.001,1
Apc2,0,0,0,0,1,3.079727192,0,0,1
Trpv4,0,0,0,0,1,3.079727192,0,0,1
Abcb1b,0,0.001075269,0.009090909,0.009090909,0.069721043,3.984420168,0.009,0.001,1
Abcb1a,0,0.001075269,0,0.001075269,0.733260593,2.768259346,0,0.001,1
Rtn4rl1,0,0.002150538,0.009090909,0.009090909,0.201448697,2.213920852,0.009,0.002,1
Pgam2,0,0,0,0,1,3.079727192,0,0,1
Pdzd9,0,0,0.009090909,0.009090909,0.00367789,3.795918097,0.009,0,1
Noxa1,0,0,0,0,1,3.079727192,0,0,1
Dagla,0,0,0,0,1,3.079727192,0,0,1
Zfp13,0,0.002150538,0.009090909,0.009090909,0.201448697,1.164294017,0.009,0.002,1
Lrrc20,0,0.007526882,0.018181818,0.018181818,0.258080238,0.042661397,0.018,0.008,1
Srebf2,0,0.029032258,0.081818182,0.081818182,0.004954598,-1.518203013,0.082,0.029,1
Lrrc55,0,0,0,0,1,3.079727192,0,0,1
Ndor1,0,0.004301075,0.027272727,0.027272727,0.00549021,-0.340333673,0.027,0.004,1
Katnb1,0,0.008602151,0.027272727,0.027272727,0.069393415,2.549466615,0.027,0.009,1
Spns2,0,0.008602151,0.054545455,0.054545455,8.17E-05,0.770147869,0.055,0.009,1
Dbndd1,0,0,0,0,1,3.079727192,0,0,1
Zfp414,0,0.010752688,0,0.010752688,0.275142896,-1.800972903,0,0.011,1
Hmcn2,0,0.002150538,0,0.002150538,0.628105135,-1.027207888,0,0.002,1
Ache,0,0,0,0,1,3.079727192,0,0,1
Cdh15,0,0,0,0,1,3.079727192,0,0,1
Nomo1,0,0.012903226,0.054545455,0.054545455,0.001546016,0.110801224,0.055,0.013,1
Ros1,0,0,0,0,1,3.079727192,0,0,1
Trpc5,0,0,0,0,1,3.079727192,0,0,1
Rtl9,0,0,0,0,1,3.079727192,0,0,1
Slc16a3,0,0.002150538,0.009090909,0.009090909,0.201448697,0.563842843,0.009,0.002,1
Zfp553,0,0.007526882,0.036363636,0.036363636,0.005246403,0.099940383,0.036,0.008,1
Phrf1,0,0.015053763,0.072727273,0.072727273,8.04E-05,0.645990131,0.073,0.015,1
Il2ra,0,0,0,0,1,3.079727192,0,0,1
Ficd,0,0.005376344,0.036363636,0.036363636,0.00097873,-0.253421742,0.036,0.005,1
Npb,0,0.003225806,0.018181818,0.018181818,0.03241915,0.079732709,0.018,0.003,1
Traf2,0,0.023655914,0.090909091,0.090909091,0.000143434,0.265501071,0.091,0.024,1
Epha1,0,0.007526882,0.027272727,0.027272727,0.045943841,-0.067482885,0.027,0.008,1
Gm49322,0,0,0,0,1,3.079727192,0,0,1
Adat3,0,0,0,0,1,3.079727192,0,0,1
Notum,0,0.016129032,0.036363636,0.036363636,0.140138634,-0.213287652,0.036,0.016,1
Abca2,0,0.003225806,0.009090909,0.009090909,0.347570073,1.640737146,0.009,0.003,1
Ttll12,0,0.013978495,0.009090909,0.013978495,0.671719781,-0.218427078,0.009,0.014,1
Lrrc8e,0,0,0,0,1,3.079727192,0,0,1
Foxn4,0,0,0,0,1,3.079727192,0,0,1
Rnf208,0,0,0,0,1,3.079727192,0,0,1
Cfap46,0,0,0,0,1,3.079727192,0,0,1
Ace2,0,0,0,0,1,3.079727192,0,0,1
Cenpm,0,0.030107527,0.045454545,0.045454545,0.413639007,-1.66060764,0.045,0.03,1
Zic4,0,0,0,0,1,3.079727192,0,0,1
Tubb2b,0,0,0,0,1,3.079727192,0,0,1
Muc3a,0,0,0,0,1,3.079727192,0,0,1
Tapbpl,0,0.025806452,0.063636364,0.063636364,0.032405173,-0.906057021,0.064,0.026,1
Ltbp4,0,0.001075269,0.009090909,0.009090909,0.069721043,3.990592166,0.009,0.001,1
Nos1ap,0,0.019354839,0.027272727,0.027272727,0.586767826,-0.916267985,0.027,0.019,1
Amz1,0,0.001075269,0.018181818,0.018181818,0.001576819,3.290432594,0.018,0.001,1
Wfs1,0,0.002150538,0.018181818,0.018181818,0.010478429,1.574673811,0.018,0.002,1
Zfp719,0,0.005376344,0.018181818,0.018181818,0.121959688,0.078163767,0.018,0.005,1
Zfp141,0,0.013978495,0.045454545,0.045454545,0.018806109,-1.369369761,0.045,0.014,1
B020011L13Rik,0,0,0,0,1,3.079727192,0,0,1
Gzmm,0,0,0,0,1,3.079727192,0,0,1
Slc39a3,0,0.022580645,0.072727273,0.072727273,0.002788796,-0.088425291,0.073,0.023,1
Ap5b1,0,0.001075269,0.009090909,0.009090909,0.070405184,1.276714904,0.009,0.001,1
Ap1m2,0,0,0,0,1,3.079727192,0,0,1
Fancc,0,0.004301075,0.018181818,0.018181818,0.069829405,2.071819717,0.018,0.004,1
Ccl24,0,0.002150538,0,0.002150538,0.628105135,-0.682330686,0,0.002,1
Tubb3,0,0,0,0,1,3.079727192,0,0,1
Zfp574,0,0.019354839,0.045454545,0.045454545,0.083706706,-0.608580741,0.045,0.019,1
Foxp3,0,0,0,0,1,3.079727192,0,0,1
Nkd2,0,0,0,0,1,3.079727192,0,0,1
Brat1,0,0.008602151,0.045454545,0.045454545,0.001043637,0.634800078,0.045,0.009,1
Tfcp2l1,0,0.007526882,0.018181818,0.018181818,0.258962019,1.137750011,0.018,0.008,1
BC048671,0,0,0,0,1,3.079727192,0,0,1
P2ry2,0,0.01827957,0.063636364,0.063636364,0.003094743,-0.872543094,0.064,0.018,1
Ptchd4,0,0,0,0,1,3.079727192,0,0,1
Dab2ip,0,0.007526882,0.036363636,0.036363636,0.005561772,-0.262860236,0.036,0.008,1
Lamb2,0,0,0.009090909,0.009090909,0.00367789,3.909171505,0.009,0,1
Dbh,0,0,0,0,1,3.079727192,0,0,1
Slc16a13,0,0.001075269,0.009090909,0.009090909,0.069721043,3.700148115,0.009,0.001,1
Igsf3,0,0,0.009090909,0.009090909,0.00367789,4.370537646,0.009,0,1
Dok7,0,0,0,0,1,3.079727192,0,0,1
Cdhr2,0,0,0,0,1,3.079727192,0,0,1
St14,0,0.001075269,0,0.001075269,0.733260593,2.768259346,0,0.001,1
Cd163,0,0.004301075,0,0.004301075,0.49191638,-2.735540519,0,0.004,1
Sptan1,0,0.012903226,0.054545455,0.054545455,0.001720308,0.106478129,0.055,0.013,1
Amn,0,0,0.009090909,0.009090909,0.00367789,3.3466611,0.009,0,1
Cyb561a3,0,0.001075269,0,0.001075269,0.733260593,0.992650401,0,0.001,1
Mmp17,0,0,0,0,1,3.079727192,0,0,1
Wdr62,0,0,0,0,1,3.079727192,0,0,1
4930562C15Rik,0,0,0,0,1,3.079727192,0,0,1
Fat1,0,0.006451613,0.009090909,0.009090909,0.749877338,0.353623194,0.009,0.006,1
Ints5,0,0,0,0,1,3.079727192,0,0,1
Plxna4,0,0,0.009090909,0.009090909,0.00367789,4.63677056,0.009,0,1
Tmem175,0,0.008602151,0.018181818,0.018181818,0.334949272,-1.060781094,0.018,0.009,1
Scd4,0,0,0,0,1,3.079727192,0,0,1
Scd2,0,0.002150538,0.018181818,0.018181818,0.010291147,3.069665491,0.018,0.002,1
Elfn1,0,0,0,0,1,3.079727192,0,0,1
Clptm1,0,0.038709677,0.090909091,0.090909091,0.015469895,-1.750155985,0.091,0.039,1
Tedc1,0,0.001075269,0.009090909,0.009090909,0.069721043,3.241786927,0.009,0.001,1
Esyt1,0,0.004301075,0.027272727,0.027272727,0.005332164,2.163215678,0.027,0.004,1
Tmem121,0,0,0,0,1,3.079727192,0,0,1
Erich5,0,0,0,0,1,3.079727192,0,0,1
Dhx37,0,0.009677419,0.036363636,0.036363636,0.018227349,0.529421747,0.036,0.01,1
Tmem63c,0,0,0,0,1,3.079727192,0,0,1
Fcnb,0,0,0,0,1,3.079727192,0,0,1
Syne3,0,0.001075269,0.009090909,0.009090909,0.070405184,2.768408281,0.009,0.001,1
Ccdc13,0,0,0,0,1,3.079727192,0,0,1
Kcnj11,0,0,0,0,1,3.079727192,0,0,1
Atp13a2,0,0.011827957,0.036363636,0.036363636,0.041598129,1.597693693,0.036,0.012,1
Cyfip2,0,0.001075269,0.009090909,0.009090909,0.069721043,3.62069143,0.009,0.001,1
Padi1,0,0,0,0,1,3.079727192,0,0,1
Hyal3,0,0,0,0,1,3.079727192,0,0,1
Gpr19,0,0.003225806,0.009090909,0.009090909,0.349179519,-0.338669476,0.009,0.003,1
Kcnc3,0,0.003225806,0.018181818,0.018181818,0.031968227,3.293684932,0.018,0.003,1
B3gnt8,0,0.001075269,0.009090909,0.009090909,0.070405184,3.040324684,0.009,0.001,1
Tlr9,0,0,0,0,1,3.079727192,0,0,1
Adamtsl2,0,0,0,0,1,3.079727192,0,0,1
Nrtn,0,0.007526882,0.018181818,0.018181818,0.254573945,2.210492114,0.018,0.008,1
Il9r,0,0,0,0,1,3.079727192,0,0,1
Tbc1d31,0,0.010752688,0.063636364,0.063636364,3.43E-05,2.74598491,0.064,0.011,1
Itgb3,0,0.001075269,0.009090909,0.009090909,0.069721043,3.108741875,0.009,0.001,1
Mvd,0,0.083870968,0.027272727,0.083870968,0.033413311,-3.217939991,0.027,0.084,1
Plxna1,0,0.002150538,0,0.002150538,0.628105135,0.848622748,0,0.002,1
Slurp2,0,0,0,0,1,3.079727192,0,0,1
D630039A03Rik,0,0.010752688,0.036363636,0.036363636,0.029483315,-0.146426803,0.036,0.011,1
Cdt1,0,0.003225806,0.027272727,0.027272727,0.001690454,2.545485009,0.027,0.003,1
Pidd1,0,0,0.009090909,0.009090909,0.00367789,3.759937526,0.009,0,1
Them6,0,0.020430108,0.036363636,0.036363636,0.299389523,-0.921045607,0.036,0.02,1
Pold1,0,0.006451613,0.027272727,0.027272727,0.026630337,-0.56934767,0.027,0.006,1
Il21r,0,0,0,0,1,3.079727192,0,0,1
Slc29a4,0,0,0,0,1,3.079727192,0,0,1
Rhbdl1,0,0,0,0,1,3.079727192,0,0,1
Slc51b,0,0.004301075,0.018181818,0.018181818,0.071021679,-0.152452833,0.018,0.004,1
Wdr24,0,0.01827957,0.045454545,0.045454545,0.06542666,-1.060693523,0.045,0.018,1
Fndc10,0,0,0,0,1,3.079727192,0,0,1
Slco2b1,0,0.037634409,0.090909091,0.090909091,0.012021946,-1.412106055,0.091,0.038,1
Rptor,0,0.025806452,0.090909091,0.090909091,0.000343594,0.385835078,0.091,0.026,1
Fbxl18,0,0.004301075,0.036363636,0.036363636,0.000283235,2.149352759,0.036,0.004,1
Bicdl1,0,0.002150538,0.009090909,0.009090909,0.200176551,2.028670228,0.009,0.002,1
Scx,0,0,0,0,1,3.079727192,0,0,1
Pcnx3,0,0.012903226,0.036363636,0.036363636,0.061068789,-0.442543642,0.036,0.013,1
Telo2,0,0.006451613,0.009090909,0.009090909,0.753475035,1.08023487,0.009,0.006,1
Clcn7,0,0.013978495,0.009090909,0.013978495,0.668044036,-3.015333274,0.009,0.014,1
Slc39a4,0,0.011827957,0.054545455,0.054545455,0.000954885,-0.640333502,0.055,0.012,1
Dpp7,0,0.013978495,0.036363636,0.036363636,0.083753779,0.088654986,0.036,0.014,1
Iba57,0,0.020430108,0.054545455,0.054545455,0.028844323,0.886931515,0.055,0.02,1
Evi5l,0,0.001075269,0.009090909,0.009090909,0.069721043,3.736041026,0.009,0.001,1
Neu4,0,0,0,0,1,3.079727192,0,0,1
Pomk,0,0.005376344,0.009090909,0.009090909,0.630457871,-0.323447663,0.009,0.005,1
Map1s,0,0.007526882,0.027272727,0.027272727,0.046596339,-0.407770209,0.027,0.008,1
Traf7,0,0.008602151,0.054545455,0.054545455,8.00E-05,1.624692825,0.055,0.009,1
Caskin1,0,0,0,0,1,3.079727192,0,0,1
Mlst8,0,0.006451613,0.045454545,0.045454545,0.000170201,-0.183805481,0.045,0.006,1
Scrib,0,0.009677419,0.054545455,0.054545455,0.000220871,-0.567748534,0.055,0.01,1
E4f1,0,0.008602151,0.045454545,0.045454545,0.00103081,1.483751132,0.045,0.009,1
Parp10,0,0.034408602,0.081818182,0.081818182,0.019269092,-0.700508085,0.082,0.034,1
Krt7,0,0,0,0,1,3.079727192,0,0,1
Gpr17,0,0,0,0,1,3.079727192,0,0,1
Slc12a4,0,0.007526882,0.018181818,0.018181818,0.259845885,-0.808325229,0.018,0.008,1
Mvk,0,0.072043011,0.072727273,0.072727273,0.919214074,-2.482575944,0.073,0.072,1
Tmprss9,0,0.001075269,0,0.001075269,0.733260593,2.72217024,0,0.001,1
Rtn2,0,0,0,0,1,3.079727192,0,0,1
Ephb2,0,0,0,0,1,3.079727192,0,0,1
Npw,0,0,0,0,1,3.079727192,0,0,1
Chst13,0,0.008602151,0.027272727,0.027272727,0.074174048,-1.804756443,0.027,0.009,1
Dhcr7,0,0.047311828,0.054545455,0.054545455,0.794592875,-2.451899431,0.055,0.047,1
Npm2,0,0,0,0,1,3.079727192,0,0,1
Wfikkn1,0,0,0,0,1,3.079727192,0,0,1
Cyb561d1,0,0.004301075,0.018181818,0.018181818,0.071021679,0.949168526,0.018,0.004,1
Rpusd1,0,0.003225806,0.009090909,0.009090909,0.350793689,-1.420385863,0.009,0.003,1
Chtf18,0,0.001075269,0.009090909,0.009090909,0.070405184,1.631581407,0.009,0.001,1
Disp2,0,0,0,0,1,3.079727192,0,0,1
Fcho1,0,0,0,0,1,3.079727192,0,0,1
Rrad,0,0,0,0,1,3.079727192,0,0,1
Cacna1h,0,0,0.009090909,0.009090909,0.00367789,3.575220236,0.009,0,1
Mast1,0,0,0,0,1,3.079727192,0,0,1
Tspan11,0,0,0,0,1,3.079727192,0,0,1
Sorcs2,0,0,0,0,1,3.079727192,0,0,1
9430015G10Rik,0,0.001075269,0,0.001075269,0.733260593,0.16184159,0,0.001,1
Emilin1,0,0.001075269,0.018181818,0.018181818,0.001596489,2.825332886,0.018,0.001,1
Hyou1,0,0.040860215,0.072727273,0.072727273,0.142982671,-1.679863814,0.073,0.041,1
Th,0,0,0,0,1,3.079727192,0,0,1
Gpbar1,0,0,0,0,1,3.079727192,0,0,1
Adamtsl5,0,0,0.009090909,0.009090909,0.00367789,3.3466611,0.009,0,1
Ppp1r16a,0,0.025806452,0.090909091,0.090909091,0.000314707,0.898652555,0.091,0.026,1
Zfy2,0,0,0,0,1,3.079727192,0,0,1
Zfy1,0,0,0,0,1,3.079727192,0,0,1
Mfsd3,0,0.009677419,0.018181818,0.018181818,0.418005663,-0.386176388,0.018,0.01,1
Recql4,0,0.002150538,0.009090909,0.009090909,0.201448697,2.054952923,0.009,0.002,1
Lrrc24,0,0,0,0,1,3.079727192,0,0,1
Tm7sf2,0,0.067741935,0.063636364,0.067741935,0.787957893,-2.388419088,0.064,0.068,1
Sv2b,0,0,0,0,1,3.079727192,0,0,1
Sh2d6,0,0,0,0,1,3.079727192,0,0,1
Capn1,0,0.029032258,0.090909091,0.090909091,0.001262111,-1.89031017,0.091,0.029,1
Olfm2,0,0,0,0,1,3.079727192,0,0,1
Lrrc45,0,0.015053763,0.036363636,0.036363636,0.106735053,-0.25723506,0.036,0.015,1
Plec,0,0.030107527,0.045454545,0.045454545,0.405477888,-1.377949731,0.045,0.03,1
Ankrd65,0,0,0,0,1,3.079727192,0,0,1
Jmjd4,0,0.003225806,0.018181818,0.018181818,0.032193012,2.072513638,0.018,0.003,1
Klhdc7a,0,0.005376344,0.027272727,0.027272727,0.013552365,0.423845465,0.027,0.005,1
Ppfia3,0,0,0,0,1,3.079727192,0,0,1
Lingo4,0,0.002150538,0.018181818,0.018181818,0.010384412,2.32263276,0.018,0.002,1
Them5,0,0,0,0,1,3.079727192,0,0,1
Lrfn4,0,0,0,0,1,3.079727192,0,0,1
Bcam,0,0,0.009090909,0.009090909,0.00367789,4.370537646,0.009,0,1
Pld3,0,0.007526882,0.045454545,0.045454545,0.000470676,0.095513307,0.045,0.008,1
Lrp5,0,0.01827957,0.045454545,0.045454545,0.065033892,-0.499642959,0.045,0.018,1
Fam83g,0,0,0,0,1,3.079727192,0,0,1
Dmtn,0,0,0,0,1,3.079727192,0,0,1
Spata20,0,0,0,0,1,3.079727192,0,0,1
Trem2,0,0.001075269,0,0.001075269,0.733260593,1.371053235,0,0.001,1
Slc7a5,0,0.001075269,0.018181818,0.018181818,0.001596489,2.735217461,0.018,0.001,1
Tle6,0,0.004301075,0.018181818,0.018181818,0.069435651,1.36305596,0.018,0.004,1
Abhd8,0,0.010752688,0.027272727,0.027272727,0.146455781,-0.397963553,0.027,0.011,1
Kcnip3,0,0.001075269,0,0.001075269,0.733260593,2.459800147,0,0.001,1
Grap,0,0.002150538,0.009090909,0.009090909,0.200176551,2.473277146,0.009,0.002,1
Klhl25,0,0.013978495,0.072727273,0.072727273,3.70E-05,1.355098238,0.073,0.014,1
Adam15,0,0,0.018181818,0.018181818,3.93E-05,5.060477386,0.018,0,1
Cfap74,0,0.001075269,0,0.001075269,0.733260593,2.122927564,0,0.001,1
Tubb4a,0,0,0,0,1,3.079727192,0,0,1
Hrnr,0,0,0,0,1,3.079727192,0,0,1
Tcap,0,0,0,0,1,3.079727192,0,0,1
Erbb2,0,0.001075269,0,0.001075269,0.733260593,2.279297563,0,0.001,1
Tssk6,0,0.001075269,0,0.001075269,0.733260593,2.522049055,0,0.001,1
Igsf9,0,0,0,0,1,3.079727192,0,0,1
Gpaa1,0,0.021505376,0.081818182,0.081818182,0.000315615,0.248504835,0.082,0.022,1
Cers4,0,0.001075269,0,0.001075269,0.733260593,1.985963356,0,0.001,1
Cdkn1a,0,0.072043011,0.045454545,0.072043011,0.284167957,-2.177090609,0.045,0.072,1
Mrgprf,0,0,0,0,1,3.079727192,0,0,1
Phlda3,0,0.002150538,0.027272727,0.027272727,0.00031949,3.205331095,0.027,0.002,1
Lbx2,0,0.001075269,0.009090909,0.009090909,0.070405184,2.752825144,0.009,0.001,1
Cd7,0,0,0,0,1,3.079727192,0,0,1
Dysf,0,0.002150538,0.018181818,0.018181818,0.010291147,3.386965224,0.018,0.002,1
Rai1,0,0.011827957,0.054545455,0.054545455,0.000929187,1.075228214,0.055,0.012,1
Treh,0,0.004301075,0,0.004301075,0.49191638,-2.325141307,0,0.004,1
Cdc6,0,0.001075269,0,0.001075269,0.733260593,2.768259346,0,0.001,1
Gjd3,0,0,0,0,1,3.079727192,0,0,1
Kcnh7,0,0,0,0,1,3.079727192,0,0,1
Ano7,0,0,0,0,1,3.079727192,0,0,1
Flrt1,0,0,0,0,1,3.079727192,0,0,1
Chit1,0,0,0,0,1,3.079727192,0,0,1
Kif1a,0,0,0,0,1,3.079727192,0,0,1
Mcm2,0,0.011827957,0.027272727,0.027272727,0.188479347,0.635432981,0.027,0.012,1
Edn2,0,0,0,0,1,3.079727192,0,0,1
C1qc,0,0.011827957,0.009090909,0.011827957,0.792450042,-2.398837122,0.009,0.012,1
Glb1,0,0.003225806,0.036363636,0.036363636,6.28E-05,0.2725344,0.036,0.003,1
Tmppe,0,0,0,0,1,3.079727192,0,0,1
Marco,0,0.001075269,0,0.001075269,0.733260593,-0.418352734,0,0.001,1
Spata46,0,0,0,0,1,3.079727192,0,0,1
Pitpnm1,0,0.002150538,0.018181818,0.018181818,0.010291147,3.1188805,0.018,0.002,1
Gm13057,0,0,0,0,1,3.079727192,0,0,1
Gm16367,0,0,0,0,1,3.079727192,0,0,1
Pramel6,0,0,0,0,1,3.079727192,0,0,1
Pramel4,0,0,0,0,1,3.079727192,0,0,1
Gm2042,0,0,0,0,1,3.079727192,0,0,1
Oog3,0,0,0,0,1,3.079727192,0,0,1
Pramel7,0,0,0,0,1,3.079727192,0,0,1
Gm13040,0,0,0,0,1,3.079727192,0,0,1
Pramel5,0,0,0,0,1,3.079727192,0,0,1
Gm12790,0,0,0,0,1,3.079727192,0,0,1
Oog1,0,0,0,0,1,3.079727192,0,0,1
Pramel1,0,0,0,0,1,3.079727192,0,0,1
Gm13043,0,0,0,0,1,3.079727192,0,0,1
Oog4,0,0,0,0,1,3.079727192,0,0,1
Oog2,0,0,0,0,1,3.079727192,0,0,1
C130073F10Rik,0,0,0,0,1,3.079727192,0,0,1
Fbxo2,0,0.003225806,0.009090909,0.009090909,0.347570073,1.189658468,0.009,0.003,1
Zbed6,0,0,0,0,1,3.079727192,0,0,1
C1qtnf12,0,0.001075269,0.018181818,0.018181818,0.001557373,4.043951413,0.018,0.001,1
Syt2,0,0,0,0,1,3.079727192,0,0,1
Espn,0,0.001075269,0,0.001075269,0.733260593,0.668394663,0,0.001,1
Alx3,0,0,0,0,1,3.079727192,0,0,1
Slc1a7,0,0,0,0,1,3.079727192,0,0,1
Fndc5,0,0.001075269,0,0.001075269,0.733260593,-1.042975444,0,0.001,1
Serinc2,0,0.015053763,0.045454545,0.045454545,0.025801143,-0.376319269,0.045,0.015,1
Kcnj10,0,0.001075269,0,0.001075269,0.733260593,1.985963356,0,0.001,1
Btbd19,0,0.002150538,0.009090909,0.009090909,0.200176551,2.46288187,0.009,0.002,1
Agrn,0,0.005376344,0.027272727,0.027272727,0.013302401,1.086496285,0.027,0.005,1
Plekhm2,0,0.016129032,0.072727273,0.072727273,0.000151105,0.761362414,0.073,0.016,1
