"Gene","AUC","pct_Chow","pct_NASH","max_pct","p_val","avg_log2FC","pct.1","pct.2","p_val_adj"
"Uroc1",0.838,0.073394495412844,0.761467889908257,0.761467889908257,6.95436451914332e-22,2.12290720492595,0.761,0.073,2.15953881412958e-17
"Asl",0.819,0.302752293577982,0.944954128440367,0.944954128440367,5.80081064261673e-17,1.18027226822269,0.945,0.303,1.80132572885177e-12
"Slc25a10",0.795,0.146788990825688,0.761467889908257,0.761467889908257,1.90186758941436e-16,1.16582706674242,0.761,0.147,5.9058694254084e-12
"Eno1",0.773,0.18348623853211,0.770642201834862,0.770642201834862,5.49319188589849e-14,0.876475280220026,0.771,0.183,1.70580087632806e-09
"Ndufs7",0.768,0.330275229357798,0.899082568807339,0.899082568807339,1.84825230105051e-12,0.755226243458499,0.899,0.33,5.73937787045214e-08
"Adrm1",0.755,0.146788990825688,0.669724770642202,0.669724770642202,2.662108705159e-13,1.48786692695689,0.67,0.147,8.26664616213024e-09
"Sgta",0.752,0.100917431192661,0.63302752293578,0.63302752293578,1.04439253775883e-13,0.811684207566911,0.633,0.101,3.24315214750251e-09
"Acads",0.748,0.293577981651376,0.871559633027523,0.871559633027523,5.33858361796969e-11,0.544850431547365,0.872,0.294,1.65779037088813e-06
"Trabd",0.747,0.137614678899083,0.660550458715596,0.660550458715596,9.83901342776441e-13,0.667155385842211,0.661,0.138,3.05530883972368e-08
"Gpt",0.746,0.0917431192660551,0.596330275229358,0.596330275229358,1.29323462008417e-13,1.4211608832848,0.596,0.092,4.01588146574737e-09
"Aco2",0.744,0.0917431192660551,0.596330275229358,0.596330275229358,1.85711126098672e-13,0.817222720057567,0.596,0.092,5.76688759874205e-09
"Wdr18",0.741,0.174311926605505,0.706422018348624,0.706422018348624,1.22392572305125e-11,0.752737134353018,0.706,0.174,3.80065654779104e-07
"Gck",0.728,0.0642201834862385,0.532110091743119,0.532110091743119,7.02631469208292e-13,2.31727563352146,0.532,0.064,2.18188150133251e-08
"Eef2",0.725,0.339449541284404,0.926605504587156,0.926605504587156,4.18578673799495e-09,0.543357163987285,0.927,0.339,0.000129981235574957
"Rnh1",0.724,0.247706422018349,0.779816513761468,0.779816513761468,1.15896860954484e-09,0.0653642441642548,0.78,0.248,3.5989452232196e-05
"Aspg",0.721,0.0642201834862385,0.522935779816514,0.522935779816514,2.45567413847719e-12,2.43808069466841,0.523,0.064,7.62560490221321e-08
"Trap1",0.717,0.192660550458716,0.688073394495413,0.688073394495413,1.15151316799639e-09,0.0929093424150724,0.688,0.193,3.57579384057919e-05
"C8g",0.715,0.385321100917431,0.889908256880734,0.889908256880734,1.96938387563371e-08,0.664418217773795,0.89,0.385,0.000611552774900536
"Krt8",0.711,0.394495412844037,0.908256880733945,0.908256880733945,3.90464592674739e-08,0.847171869700466,0.908,0.394,0.00121250969963287
"Abhd17a",0.71,0.192660550458716,0.669724770642202,0.669724770642202,3.27136419278321e-09,-0.0117780634808321,0.67,0.193,0.000101585672278497
"Pex11g",0.709,0.0917431192660551,0.532110091743119,0.532110091743119,7.59755699023366e-11,0.681176836095457,0.532,0.092,2.35926937217726e-06
"Ccdc124",0.708,0.146788990825688,0.605504587155963,0.605504587155963,1.13167076690507e-09,0.364643819704926,0.606,0.147,3.51417723247032e-05
"Slc25a22",0.706,0.146788990825688,0.596330275229358,0.596330275229358,1.39789819225568e-09,0.33586053985091,0.596,0.147,4.34089325641156e-05
"Timm44",0.703,0.0917431192660551,0.513761467889908,0.513761467889908,1.79902804198671e-10,1.22879048872204,0.514,0.092,5.58652177878133e-06
"Atp6v0d1",0.702,0.146788990825688,0.596330275229358,0.596330275229358,2.99481012354966e-09,-0.230727328297635,0.596,0.147,9.29978387665876e-05
"Oplah",0.7,0.0917431192660551,0.513761467889908,0.513761467889908,3.75211889434576e-10,1.3869435131111,0.514,0.092,1.16514548026119e-05
"Mbd3",0.7,0.137614678899083,0.559633027522936,0.559633027522936,2.1216357043004e-09,0.233746323865909,0.56,0.138,6.58831535256404e-05
"Sec14l4",0.689,0.0917431192660551,0.477064220183486,0.477064220183486,1.44555930614443e-09,1.18356247984957,0.477,0.092,4.48889531337029e-05
"Zfpm1",0.688,0.036697247706422,0.422018348623853,0.422018348623853,6.6740239467491e-11,1.96616732074343,0.422,0.037,2.072484656184e-06
"Pemt",0.684,0.284403669724771,0.743119266055046,0.743119266055046,5.96399893831985e-07,-0.328262802518832,0.743,0.284,0.0185200059031646
"Klf13",0.683,0.0642201834862385,0.440366972477064,0.440366972477064,9.36396973887723e-10,2.10295615273853,0.44,0.064,2.90779352301355e-05
"Me1",0.683,0.155963302752294,0.559633027522936,0.559633027522936,5.62994796694306e-08,-0.528923708283281,0.56,0.156,0.00174826774217483
"Tex261",0.682,0.146788990825688,0.568807339449541,0.568807339449541,5.66959123389954e-08,-0.163941478509569,0.569,0.147,0.00176057816586282
"Csnk2a1",0.679,0.110091743119266,0.486238532110092,0.486238532110092,1.55851593120501e-08,0.72924523802451,0.486,0.11,0.000483965952117092
"Pklr",0.677,0.055045871559633,0.412844036697248,0.412844036697248,1.06854212134375e-09,1.07681459578248,0.413,0.055,3.31814384940876e-05
"Cldn3",0.677,0.100917431192661,0.486238532110092,0.486238532110092,2.15210002908776e-08,-0.366334266295595,0.486,0.101,0.000668291622032622
"Gldc",0.676,0.0825688073394495,0.458715596330275,0.458715596330275,1.0099048467947e-08,0.241376316680437,0.459,0.083,0.000313605752075158
"Cluh",0.676,0.119266055045872,0.504587155963303,0.504587155963303,4.87880236851131e-08,0.23504415874602,0.505,0.119,0.00151501449949382
"Agpat2",0.674,0.311926605504587,0.770642201834862,0.770642201834862,3.09506350807423e-06,-0.369500048881983,0.771,0.312,0.096111007116229
"Zfp467",0.673,0.0275229357798165,0.376146788990826,0.376146788990826,3.39668524774144e-10,0.00829917713505757,0.376,0.028,1.05477266998115e-05
"Ifrd2",0.673,0.073394495412844,0.431192660550459,0.431192660550459,7.0164186131633e-09,0.693077964640388,0.431,0.073,0.00021788084719456
"Stk11",0.673,0.100917431192661,0.477064220183486,0.477064220183486,3.24875724920517e-08,-0.407423423539332,0.477,0.101,0.00100883658859568
"Angptl8",0.672,0.055045871559633,0.403669724770642,0.403669724770642,2.77174605875323e-09,2.64528597186227,0.404,0.055,8.60710303624641e-05
"Prodh",0.672,0.100917431192661,0.477064220183486,0.477064220183486,4.33841088911941e-08,0.137567195983674,0.477,0.101,0.00134720673339825
"Psmd2",0.671,0.220183486238532,0.651376146788991,0.651376146788991,1.40014804553013e-06,-0.502827951815989,0.651,0.22,0.0434787972578471
"Ogfr",0.666,0.0642201834862385,0.403669724770642,0.403669724770642,1.22308038494337e-08,0.78979113377929,0.404,0.064,0.000379803151936465
"Tpgs1",0.664,0.0917431192660551,0.440366972477064,0.440366972477064,7.74122073505636e-08,0.757604105582613,0.44,0.092,0.00240388127485705
"Gcgr",0.663,0.073394495412844,0.412844036697248,0.412844036697248,3.20141787371102e-08,1.40860995588432,0.413,0.073,0.000994136292323484
"Ehd1",0.66,0.055045871559633,0.385321100917431,0.385321100917431,1.84771830516071e-08,0.583741676278267,0.385,0.055,0.000573771965301554
"Aspscr1",0.659,0.137614678899083,0.495412844036697,0.495412844036697,8.67638772796299e-07,0.500069972697061,0.495,0.138,0.0269427868116435
"Kif1c",0.658,0.055045871559633,0.36697247706422,0.36697247706422,1.66851065769153e-08,2.85687072844906,0.367,0.055,0.00051812261453295
"Rnf126",0.657,0.055045871559633,0.376146788990826,0.376146788990826,2.40234480000369e-08,1.2039724844296,0.376,0.055,0.000746000130745147
"Atad3a",0.657,0.0642201834862385,0.385321100917431,0.385321100917431,3.97236676971746e-08,2.47525142066053,0.385,0.064,0.00123353905300036
"Nsmf",0.653,0.055045871559633,0.36697247706422,0.36697247706422,4.38306171789462e-08,1.2952772632504,0.367,0.055,0.00136107215525782
"Polr2e",0.653,0.165137614678899,0.532110091743119,0.532110091743119,4.2564554186404e-06,-1.0739657988665,0.532,0.165,0.13217571011504
"Mxd4",0.652,0.055045871559633,0.36697247706422,0.36697247706422,5.19297396889823e-08,0.195209138005298,0.367,0.055,0.00161257420656197
"Josd2",0.65,0.0917431192660551,0.412844036697248,0.412844036697248,5.34262815297247e-07,0.62371690578329,0.413,0.092,0.0165904632034254
"Dapk3",0.649,0.0642201834862385,0.36697247706422,0.36697247706422,1.21918280295525e-07,0.824992810549148,0.367,0.064,0.00378592835801694
"Amdhd2",0.648,0.055045871559633,0.36697247706422,0.36697247706422,1.15760196541058e-07,1.57256671544445,0.367,0.055,0.00359470138318948
"2310011J03Rik",0.648,0.073394495412844,0.385321100917431,0.385321100917431,2.7091374679519e-07,1.64782359360706,0.385,0.073,0.00841268457923102
"Lonp1",0.645,0.137614678899083,0.458715596330275,0.458715596330275,4.77497883370381e-06,-0.709988303456945,0.459,0.138,0.148277417723004
"Dvl1",0.643,0.0275229357798165,0.311926605504587,0.311926605504587,2.70164970642231e-08,3.63709159054884,0.312,0.028,0.000838943283335319
"Irak1",0.64,0.0458715596330275,0.330275229357798,0.330275229357798,1.53687140703116e-07,2.55801903903339,0.33,0.046,0.00477244678025387
"Coro1b",0.64,0.0458715596330275,0.330275229357798,0.330275229357798,1.67381195702424e-07,-0.105064156656789,0.33,0.046,0.00519768827014736
"Csnk1g2",0.636,0.0917431192660551,0.376146788990826,0.376146788990826,3.11447123199151e-06,1.23065415823961,0.376,0.092,0.0967136751670325
"Sphk2",0.632,0.0458715596330275,0.321100917431193,0.321100917431193,6.0824306974924e-07,-0.1348098496363,0.321,0.046,0.0188877720449232
"Scyl1",0.631,0.0642201834862385,0.330275229357798,0.330275229357798,1.51211496946794e-06,1.84361027054462,0.33,0.064,0.0469557061468879
"Anxa6",0.631,0.137614678899083,0.431192660550459,0.431192660550459,2.53547823407891e-05,0.0389762897852005,0.431,0.138,0.787342056028524
"Dohh",0.625,0.073394495412844,0.330275229357798,0.330275229357798,5.51411020535584e-06,1.49053714664308,0.33,0.073,0.171229664206915
"Pfkl",0.624,0.0458715596330275,0.293577981651376,0.293577981651376,1.31630577319519e-06,2.65625081293767,0.294,0.046,0.0408752431750303
"Cidec",0.623,0.00917431192660551,0.256880733944954,0.256880733944954,9.59833058255493e-08,3.88425571086748,0.257,0.009,0.00298056959580078
"Aen",0.623,0.055045871559633,0.311926605504587,0.311926605504587,3.32333921661204e-06,0.244034284674727,0.312,0.055,0.103199652693454
"Znhit2",0.622,0.0642201834862385,0.311926605504587,0.311926605504587,5.39625209960879e-06,0.942035609885106,0.312,0.064,0.167569816449152
"Tedc2",0.622,0.110091743119266,0.36697247706422,0.36697247706422,2.95529645235734e-05,0.0226852311904924,0.367,0.11,0.917708207350524
"Osgin1",0.621,0.247706422018349,0.568807339449541,0.568807339449541,0.000533219163344083,-0.227700577957233,0.569,0.248,1
"Fasn",0.619,0.100917431192661,0.357798165137615,0.357798165137615,3.92630697377983e-05,0.219227995514426,0.358,0.101,1
"Dnajc11",0.616,0.073394495412844,0.311926605504587,0.311926605504587,1.70112877695342e-05,0.525831742081613,0.312,0.073,0.528251519107345
"Isg15",0.615,0.155963302752294,0.422018348623853,0.422018348623853,0.000254930371812804,-0.5352079755341,0.422,0.156,1
"Dnm2",0.614,0.0458715596330275,0.275229357798165,0.275229357798165,5.63553139945268e-06,1.88476084642452,0.275,0.046,0.175000156547204
"Hgfac",0.611,0.0917431192660551,0.330275229357798,0.330275229357798,7.29679218729073e-05,0.129661935821739,0.33,0.092,1
"Tubb4b",0.61,0.321100917431193,0.706422018348624,0.706422018348624,0.00293537007636762,-0.835588561026403,0.706,0.321,1
"Ddx54",0.609,0.0825688073394495,0.311926605504587,0.311926605504587,6.34012473234833e-05,-0.535609954731198,0.312,0.083,1
"Ppp6r1",0.608,0.0458715596330275,0.26605504587156,0.26605504587156,1.32024731487695e-05,0.243175047210483,0.266,0.046,0.409976398688739
"Ruvbl1",0.607,0.073394495412844,0.284403669724771,0.284403669724771,4.46426705209632e-05,2.23531190362276,0.284,0.073,1
"Tssc4",0.606,0.036697247706422,0.247706422018349,0.247706422018349,9.23443585943611e-06,0.731379549342711,0.248,0.037,0.286756936743069
"Crat",0.605,0.0458715596330275,0.26605504587156,0.26605504587156,2.06178963542379e-05,0.931696255330456,0.266,0.046,0.640247535488148
"Glud1",0.603,0.495412844036697,0.926605504587156,0.926605504587156,0.00771820288943842,0.0955139358740933,0.927,0.495,1
"Ptges2",0.603,0.073394495412844,0.293577981651376,0.293577981651376,0.000103170288603601,-0.528472570346742,0.294,0.073,1
"Yif1b",0.603,0.0642201834862385,0.275229357798165,0.275229357798165,5.43726949558915e-05,-0.314623061104073,0.275,0.064,1
"Fbxw5",0.602,0.036697247706422,0.238532110091743,0.238532110091743,1.35131192332335e-05,2.78178580731993,0.239,0.037,0.419622891549598
"Mid1ip1",0.601,0.0917431192660551,0.311926605504587,0.311926605504587,0.000253244688235504,-0.498061167205835,0.312,0.092,1
"Igfals",0.598,0.055045871559633,0.256880733944954,0.256880733944954,7.26902765867163e-05,0.922622789024223,0.257,0.055,1
"Med22",0.596,0,0.192660550458716,0.192660550458716,1.59235153420217e-06,4.63900774529887,0.193,0,0.04944729219158
"Mgrn1",0.596,0.0275229357798165,0.220183486238532,0.220183486238532,1.98025347705351e-05,0.757496548284091,0.22,0.028,0.614928112229427
"Nubp2",0.596,0.100917431192661,0.302752293577982,0.302752293577982,0.000473925810211857,-0.33194788799819,0.303,0.101,1
"Gltpd2",0.596,0.0917431192660551,0.302752293577982,0.302752293577982,0.000401313541171526,-1.03465231640418,0.303,0.092,1
"Cacfd1",0.595,0.018348623853211,0.211009174311927,0.211009174311927,1.11282672915341e-05,0.749411693187256,0.211,0.018,0.34556608420401
"Aldh16a1",0.595,0.055045871559633,0.256880733944954,0.256880733944954,0.000115696591213717,-0.324633738208687,0.257,0.055,1
"Slc22a18",0.594,0.036697247706422,0.229357798165138,0.229357798165138,4.45548352304122e-05,2.16352135813882,0.229,0.037,1
"Col18a1",0.591,0.110091743119266,0.311926605504587,0.311926605504587,0.00109488191878827,-0.180800133548228,0.312,0.11,1
"Zyx",0.587,0.018348623853211,0.192660550458716,0.192660550458716,2.85468086476719e-05,2.89786275171746,0.193,0.018,0.886464048936156
"Eefsec",0.587,0.0458715596330275,0.220183486238532,0.220183486238532,0.000181037167420066,0.158627128978535,0.22,0.046,1
"Gsdmd",0.587,0.0917431192660551,0.275229357798165,0.275229357798165,0.00105532171663899,0.0950674477680011,0.275,0.092,1
"Fads1",0.586,0.100917431192661,0.293577981651376,0.293577981651376,0.00165147505444885,-1.51193054616521,0.294,0.101,1
"Slc29a1",0.585,0.0917431192660551,0.275229357798165,0.275229357798165,0.00129051655500347,0.344977168508782,0.275,0.092,1
"Spata2l",0.583,0.018348623853211,0.18348623853211,0.18348623853211,4.71316921571031e-05,3.84375486143508,0.183,0.018,1
"Ctu2",0.581,0.0642201834862385,0.229357798165138,0.229357798165138,0.000851924397546387,0.72419764156767,0.229,0.064,1
"Atg2a",0.58,0.036697247706422,0.201834862385321,0.201834862385321,0.000313867030997944,-0.319347464515611,0.202,0.037,1
"Cptp",0.58,0.0458715596330275,0.211009174311927,0.211009174311927,0.000461699593246325,-0.486472462290397,0.211,0.046,1
"Inf2",0.578,0.0458715596330275,0.201834862385321,0.201834862385321,0.000539731906311808,2.2722454546079,0.202,0.046,1
"Pskh1",0.577,0.00917431192660551,0.165137614678899,0.165137614678899,5.68998533977093e-05,-0.280681104390478,0.165,0.009,1
"Apba3",0.576,0.0458715596330275,0.201834862385321,0.201834862385321,0.000701697374608804,-0.0339941057365083,0.202,0.046,1
"Clptm1l",0.575,0.100917431192661,0.26605504587156,0.26605504587156,0.00472561338143184,-0.824691399960026,0.266,0.101,1
"Fads2",0.574,0.0275229357798165,0.174311926605505,0.174311926605505,0.000319447562254921,3.01012821329888,0.174,0.028,1
"Flii",0.574,0.0642201834862385,0.220183486238532,0.220183486238532,0.00185928636605783,0.215690002552381,0.22,0.064,1
"Harbi1",0.573,0.036697247706422,0.18348623853211,0.18348623853211,0.000652444602189202,0.409935580834575,0.183,0.037,1
"Acaca",0.572,0.0275229357798165,0.174311926605505,0.174311926605505,0.000479100813891735,-0.145535335414029,0.174,0.028,1
"Tjp3",0.572,0.0275229357798165,0.174311926605505,0.174311926605505,0.000436737393793898,0.261515051891562,0.174,0.028,1
"Cnot1",0.572,0.0825688073394495,0.238532110091743,0.238532110091743,0.00406638572335242,-0.143812128849054,0.239,0.083,1
"Inhbe",0.572,0.0275229357798165,0.174311926605505,0.174311926605505,0.000416892185742357,0.357717566860385,0.174,0.028,1
"Tmem259",0.571,0.0642201834862385,0.211009174311927,0.211009174311927,0.00241520925948887,0.375951085589671,0.211,0.064,1
"Rassf7",0.57,0.055045871559633,0.201834862385321,0.201834862385321,0.0022921207327527,0.815157358437249,0.202,0.055,1
"Scarb1",0.569,0.018348623853211,0.155963302752294,0.155963302752294,0.000313471455005663,3.34576362704799,0.156,0.018,1
"Cdc42ep1",0.568,0.018348623853211,0.155963302752294,0.155963302752294,0.000396428512099531,-0.811228511764951,0.156,0.018,1
"Ctsd",0.568,0.055045871559633,0.192660550458716,0.192660550458716,0.00254975943771551,-0.477324523897884,0.193,0.055,1
"Ppp1r3c",0.568,0.018348623853211,0.155963302752294,0.155963302752294,0.000430731115124488,1.50300216780115,0.156,0.018,1
"Entpd8",0.567,0.036697247706422,0.174311926605505,0.174311926605505,0.00138394858959227,0.0112641353797316,0.174,0.037,1
"Pi4ka",0.567,0.036697247706422,0.174311926605505,0.174311926605505,0.00144307002421051,-0.562199662738787,0.174,0.037,1
"Kdm4a",0.567,0.055045871559633,0.192660550458716,0.192660550458716,0.00271215887981246,-0.533007688060646,0.193,0.055,1
"Ikbkg",0.567,0.0275229357798165,0.165137614678899,0.165137614678899,0.000802455688351863,-0.102451862099994,0.165,0.028,1
"Ralgapa2",0.564,0.00917431192660551,0.137614678899083,0.137614678899083,0.000295312229375489,3.12851786269705,0.138,0.009,1
"Nelfb",0.564,0.036697247706422,0.165137614678899,0.165137614678899,0.00178124943388402,1.88304592761025,0.165,0.037,1
"Cdc14b",0.564,0.018348623853211,0.146788990825688,0.146788990825688,0.000622240197798706,0.259719027654879,0.147,0.018,1
"Unc119b",0.564,0.036697247706422,0.165137614678899,0.165137614678899,0.00178124943388402,0.0228671838452508,0.165,0.037,1
"Pglyrp2",0.563,0.0458715596330275,0.174311926605505,0.174311926605505,0.00299604172572854,1.18569721732827,0.174,0.046,1
"Cdc42bpb",0.563,0.018348623853211,0.146788990825688,0.146788990825688,0.000698327307359995,0.674098505781825,0.147,0.018,1
"Grn",0.563,0.0458715596330275,0.174311926605505,0.174311926605505,0.00331911302502546,-0.404450626039186,0.174,0.046,1
"Bcar1",0.562,0.0458715596330275,0.174311926605505,0.174311926605505,0.00344822844008914,1.18286535618646,0.174,0.046,1
"Chid1",0.562,0.055045871559633,0.18348623853211,0.18348623853211,0.00466840821413823,-0.21862038379477,0.183,0.055,1
"Acss2",0.562,0.0917431192660551,0.229357798165138,0.229357798165138,0.0131447682788503,-0.499194936881672,0.229,0.092,1
"Ubtd1",0.562,0.036697247706422,0.165137614678899,0.165137614678899,0.00247920032211122,-0.863411970508612,0.165,0.037,1
"Srebf1",0.56,0.018348623853211,0.137614678899083,0.137614678899083,0.00109255405379929,3.07811784974631,0.138,0.018,1
"Ap2a1",0.559,0.0275229357798165,0.146788990825688,0.146788990825688,0.00221641515843271,-0.0497637469444787,0.147,0.028,1
"Ccdc22",0.558,0.0275229357798165,0.146788990825688,0.146788990825688,0.00231584682954162,-0.735724118378357,0.147,0.028,1
"Zfp386",0.558,0.036697247706422,0.155963302752294,0.155963302752294,0.00364612812126401,1.48135925541916,0.156,0.037,1
"Lrfn3",0.558,0.0458715596330275,0.165137614678899,0.165137614678899,0.0057985484548921,-0.666654426455261,0.165,0.046,1
"Tbl3",0.557,0.0458715596330275,0.165137614678899,0.165137614678899,0.00631871131648155,0.658320458218527,0.165,0.046,1
"Actn4",0.556,0.073394495412844,0.192660550458716,0.192660550458716,0.0149241384632786,-0.869308485734486,0.193,0.073,1
"Cep170b",0.555,0,0.110091743119266,0.110091743119266,0.000384084245134769,3.09949374420886,0.11,0,1
"Unc93b1",0.555,0.00917431192660551,0.119266055045872,0.119266055045872,0.000965896974167658,3.08340934354727,0.119,0.009,1
"Cyp7a1",0.555,0.00917431192660551,0.119266055045872,0.119266055045872,0.00103784949592725,2.83593307908746,0.119,0.009,1
"Tcn2",0.554,0.0275229357798165,0.137614678899083,0.137614678899083,0.00415609382431451,-0.50439983815061,0.138,0.028,1
"Slc26a1",0.554,0.018348623853211,0.128440366972477,0.128440366972477,0.00220399041371627,-0.267893251185297,0.128,0.018,1
"Miip",0.554,0.0275229357798165,0.137614678899083,0.137614678899083,0.00392581578260486,-0.242007124074968,0.138,0.028,1
"Scaf1",0.551,0.00917431192660551,0.110091743119266,0.110091743119266,0.00157522330660609,2.95185416911263,0.11,0.009,1
"Lgals4",0.551,0.00917431192660551,0.110091743119266,0.110091743119266,0.00169221428540247,4.10916011481336,0.11,0.009,1
"Pgghg",0.55,0,0.100917431192661,0.100917431192661,0.000695221483781485,3.33793420523734,0.101,0,1
"Pias4",0.55,0.00917431192660551,0.110091743119266,0.110091743119266,0.00184968218614876,2.31764092648741,0.11,0.009,1
"Med16",0.55,0,0.100917431192661,0.100917431192661,0.000695221483781485,3.69614330416428,0.101,0,1
"Nacc1",0.55,0.018348623853211,0.119266055045872,0.119266055045872,0.00388286517567705,0.236158673332675,0.119,0.018,1
"Adar",0.55,0.018348623853211,0.119266055045872,0.119266055045872,0.00359128473529469,2.44844176777782,0.119,0.018,1
"Tirap",0.548,0.036697247706422,0.137614678899083,0.137614678899083,0.0124997486366168,-1.81275216806726,0.138,0.037,1
"Gpr137",0.547,0.055045871559633,0.155963302752294,0.155963302752294,0.024611572114058,-0.668368191554874,0.156,0.055,1
"Zc3h7b",0.546,0.018348623853211,0.110091743119266,0.110091743119266,0.0059247917140514,2.05007857812785,0.11,0.018,1
"Zfp512b",0.546,0.00917431192660551,0.100917431192661,0.100917431192661,0.00328723833784732,2.82301961942952,0.101,0.009,1
"Shkbp1",0.546,0.018348623853211,0.110091743119266,0.110091743119266,0.00583398981703369,2.22222288735732,0.11,0.018,1
"Mroh1",0.546,0.00917431192660551,0.100917431192661,0.100917431192661,0.00285451713665417,3.47480193060403,0.101,0.009,1
"Trmt61a",0.545,0.00917431192660551,0.100917431192661,0.100917431192661,0.00340437084291667,1.28517578658491,0.101,0.009,1
"Btbd2",0.545,0.018348623853211,0.110091743119266,0.110091743119266,0.00669830335634477,1.58333659475153,0.11,0.018,1
"Ndst1",0.545,0.0275229357798165,0.119266055045872,0.119266055045872,0.0103201559239609,-1.05054487933945,0.119,0.028,1
"Cdhr5",0.545,0.0275229357798165,0.119266055045872,0.119266055045872,0.0116635037098549,1.40568761155945,0.119,0.028,1
"Gbf1",0.544,0.0825688073394495,0.174311926605505,0.174311926605505,0.0533550597700996,-0.378329288088852,0.174,0.083,1
"Bbc3",0.544,0.055045871559633,0.146788990825688,0.146788990825688,0.0324806595338473,-1.27803451528184,0.147,0.055,1
"Tubb2a",0.543,0.211009174311927,0.357798165137615,0.357798165137615,0.163867507371471,-1.69352225527627,0.358,0.211,1
"Abhd2",0.542,0.0275229357798165,0.110091743119266,0.110091743119266,0.0158306863036619,0.433199961831892,0.11,0.028,1
"Vac14",0.541,0.0275229357798165,0.110091743119266,0.110091743119266,0.0162608506178677,1.94498540992739,0.11,0.028,1
"Abcb8",0.541,0.018348623853211,0.100917431192661,0.100917431192661,0.0114937252643152,-0.0539419359748941,0.101,0.018,1
"Cpsf1",0.541,0.018348623853211,0.100917431192661,0.100917431192661,0.0100410836110262,2.24363024901441,0.101,0.018,1
"Zfp623",0.541,0.018348623853211,0.100917431192661,0.100917431192661,0.0113235918634954,-0.0238293538617942,0.101,0.018,1
"Plxnb2",0.54,0.0275229357798165,0.110091743119266,0.110091743119266,0.0203512813015642,-1.1876679674591,0.11,0.028,1
"Twnk",0.54,0.0275229357798165,0.110091743119266,0.110091743119266,0.0193155607796693,0.228552782275136,0.11,0.028,1
"Fzr1",0.54,0.018348623853211,0.100917431192661,0.100917431192661,0.0120178161415485,-0.281035655414666,0.101,0.018,1
"Ttpal",0.537,0.0275229357798165,0.100917431192661,0.100917431192661,0.0268520689112397,-0.816859635554701,0.101,0.028,1
"Top3b",0.537,0.0275229357798165,0.100917431192661,0.100917431192661,0.0261639492754145,2.2075105695103,0.101,0.028,1
"Pigt",0.536,0.0275229357798165,0.100917431192661,0.100917431192661,0.0290109698959722,-0.620531249849268,0.101,0.028,1
"Bcl9l",0.536,0.0275229357798165,0.100917431192661,0.100917431192661,0.0301453462994658,1.26714551845162,0.101,0.028,1
"Rnf186",0.531,0.036697247706422,0.100917431192661,0.100917431192661,0.0724725651617426,0.465563717404827,0.101,0.037,1
"Sec61a1",0.511,0.0917431192660551,0.119266055045872,0.119266055045872,0.614640892387801,-2.43429096851725,0.119,0.092,1
"Apoe",0.339,1,1,1,4.09930474333511e-05,-0.364401801860599,1,1,1
"Fdps",0.27,0.568807339449541,0.247706422018349,0.568807339449541,4.14055332550759e-11,-5.15499523910391,0.248,0.569,1.28576602416987e-06
"Hunk",0,0,0,0,1,0,0,0,1
"Gas6",0,0.0275229357798165,0.0825688073394495,0.0825688073394495,0.0820846633511716,0.926096728319675,0.083,0.028,1
"Ism1",0,0,0,0,1,0,0,0,1
"Eya2",0,0,0,0,1,0,0,0,1
"Fam83d",0,0,0,0,1,0,0,0,1
"Pnpla3",0,0,0,0,1,0,0,0,1
"Lama5",0,0,0.00917431192660551,0.00917431192660551,0.321770703576164,1.29081045374183,0.009,0,1
"Tcea2",0,0,0,0,1,0,0,0,1
"Trp53tg5",0,0,0,0,1,0,0,0,1
"Rtl6",0,0,0,0,1,0,0,0,1
"Gm5150",0,0,0,0,1,0,0,0,1
"Sirpb1a",0,0,0.00917431192660551,0.00917431192660551,0.321770703576164,1.38464901418071,0.009,0,1
"Sirpb1c",0,0,0.00917431192660551,0.00917431192660551,0.321770703576164,0.852432083992695,0.009,0,1
"Sirpb1b",0,0,0.00917431192660551,0.00917431192660551,0.321770703576164,0.852432083992695,0.009,0,1
"Sirpa",0,0,0.018348623853211,0.018348623853211,0.158254573183401,1.73743218668484,0.018,0,1
"Ggt1",0,0,0,0,1,0,0,0,1
"Oxt",0,0.00917431192660551,0.018348623853211,0.018348623853211,0.558323075006203,0.603883428385402,0.018,0.009,1
"Cidea",0,0,0,0,1,0,0,0,1
"Eda2r",0,0,0,0,1,0,0,0,1
"Lss",0,0.0275229357798165,0.0275229357798165,0.0275229357798165,0.993953961547123,-0.811934193783834,0.028,0.028,1
"Lama3",0,0.00917431192660551,0.055045871559633,0.055045871559633,0.0540147803640207,1.70056462058921,0.055,0.009,1
"Rab40c",0,0,0.073394495412844,0.073394495412844,0.00408883774060521,2.32756978723828,0.073,0,1
"Ints1",0,0.00917431192660551,0.073394495412844,0.073394495412844,0.0179072636349259,1.97832936444214,0.073,0.009,1
"Kcne1",0,0,0,0,1,0,0,0,1
"Abca3",0,0.0275229357798165,0.0275229357798165,0.0275229357798165,0.975819317403161,-2.99270641309535,0.028,0.028,1
"Ap5z1",0,0.00917431192660551,0.073394495412844,0.073394495412844,0.0182110041205081,2.1541269228259,0.073,0.009,1
"Rasef",0,0,0,0,1,0,0,0,1
"Nol4",0,0,0,0,1,0,0,0,1
"Adamts16",0,0,0,0,1,0,0,0,1
"Dtna",0,0,0,0,1,0,0,0,1
"Ntsr1",0,0,0,0,1,0,0,0,1
"Zdhhc8",0,0.00917431192660551,0.00917431192660551,0.00917431192660551,1,0.473728887452088,0.009,0.009,1
"Cdc45",0,0.018348623853211,0.018348623853211,0.018348623853211,0.996314624604708,-0.711221605667281,0.018,0.018,1
"Atp9b",0,0.00917431192660551,0.055045871559633,0.055045871559633,0.0557923118796888,2.94828200722715,0.055,0.009,1
"Susd3",0,0,0.00917431192660551,0.00917431192660551,0.321770703576164,0.852432083992695,0.009,0,1
"Gnb1l",0,0,0,0,1,0,0,0,1
"Rtn4r",0,0,0,0,1,0,0,0,1
"Cracr2a",0,0,0,0,1,0,0,0,1
"Panx2",0,0,0,0,1,0,0,0,1
"Rps6kl1",0,0.00917431192660551,0,0.00917431192660551,0.321770703576164,-0.311467846223146,0,0.009,1
"Col6a2",0,0,0,0,1,0,0,0,1
"Ccdc134",0,0.00917431192660551,0.00917431192660551,0.00917431192660551,1,0.30965175584885,0.009,0.009,1
"Cryaa",0,0,0,0,1,0,0,0,1
"Mcm5",0,0.018348623853211,0.00917431192660551,0.018348623853211,0.558323075006203,-4.03514343113944,0.009,0.018,1
"Ralgps1",0,0,0.0275229357798165,0.0275229357798165,0.0827908566389083,1.89604128786935,0.028,0,1
"Mvb12b",0,0.00917431192660551,0.018348623853211,0.018348623853211,0.558323075006203,0.997938507218434,0.018,0.009,1
"S1pr4",0,0.00917431192660551,0,0.00917431192660551,0.321770703576164,-0.567486379500416,0,0.009,1
"Rnase13",0,0,0,0,1,0,0,0,1
"Cfap157",0,0,0,0,1,0,0,0,1
"Kremen1",0,0,0.036697247706422,0.036697247706422,0.0445113657254602,2.42562608542973,0.037,0,1
"Piezo1",0,0,0.018348623853211,0.018348623853211,0.158254573183401,1.7014145356335,0.018,0,1
"Rhbdd3",0,0.036697247706422,0.055045871559633,0.055045871559633,0.543684956045131,-2.10596213492612,0.055,0.037,1
"Srms",0,0,0,0,1,0,0,0,1
"Pwwp2b",0,0,0.00917431192660551,0.00917431192660551,0.321770703576164,1.05450533069334,0.009,0,1
"Abcd1",0,0.00917431192660551,0.0917431192660551,0.0917431192660551,0.00506889130959568,3.38068118625075,0.092,0.009,1
"Paqr4",0,0.00917431192660551,0,0.00917431192660551,0.321770703576164,-0.311467846223146,0,0.009,1
"Syt7",0,0,0.00917431192660551,0.00917431192660551,0.321770703576164,0.785196733675234,0.009,0,1
"Rgp1",0,0.018348623853211,0.055045871559633,0.055045871559633,0.15158239444097,1.20200223007305,0.055,0.018,1
"Msmp",0,0,0,0,1,0,0,0,1
"Susd2",0,0,0,0,1,0,0,0,1
"Calml3",0,0,0,0,1,0,0,0,1
"Cwh43",0,0,0,0,1,0,0,0,1
"Glis2",0,0,0,0,1,0,0,0,1
"Aldh3a1",0,0,0,0,1,0,0,0,1
"Siglec15",0,0,0,0,1,0,0,0,1
"Gnat1",0,0,0.0825688073394495,0.0825688073394495,0.00226665806423496,3.16015196459345,0.083,0,1
"Ipo4",0,0.0275229357798165,0.073394495412844,0.073394495412844,0.126338000896018,-1.4541928946288,0.073,0.028,1
"Tssk4",0,0,0,0,1,0,0,0,1
"Cyp4f39",0,0,0,0,1,0,0,0,1
"Ltb4r2",0,0.00917431192660551,0,0.00917431192660551,0.321770703576164,-4.06591963118851,0,0.009,1
"Crtc1",0,0,0.0275229357798165,0.0275229357798165,0.0827908566389083,1.23090621508759,0.028,0,1
"Tmem161a",0,0,0.0458715596330275,0.0458715596330275,0.0242824248832986,2.30741007648887,0.046,0,1
"Flna",0,0.00917431192660551,0.00917431192660551,0.00917431192660551,1,-0.188509051475446,0.009,0.009,1
"Tymp",0,0,0.00917431192660551,0.00917431192660551,0.321770703576164,0.667141901506302,0.009,0,1
"Tgm3",0,0,0,0,1,0,0,0,1
"Rabep2",0,0.00917431192660551,0.0825688073394495,0.0825688073394495,0.00979355225243922,3.18031657349625,0.083,0.009,1
"Mapk8ip2",0,0,0,0,1,0,0,0,1
"Arsa",0,0.00917431192660551,0.0917431192660551,0.0917431192660551,0.0060325996879273,1.26390518807458,0.092,0.009,1
"Spns1",0,0.0275229357798165,0.0642201834862385,0.0642201834862385,0.190435988474136,1.63879562935502,0.064,0.028,1
"Slc38a10",0,0.0458715596330275,0.073394495412844,0.073394495412844,0.435597539012778,-1.9907123207374,0.073,0.046,1
"Rabl6",0,0.018348623853211,0.0642201834862385,0.0642201834862385,0.0913301011315563,-1.58672981196181,0.064,0.018,1
"Mamdc4",0,0,0,0,1,0,0,0,1
"Mb",0,0,0,0,1,0,0,0,1
"Scube1",0,0,0,0,1,0,0,0,1
"Tmem102",0,0.018348623853211,0.055045871559633,0.055045871559633,0.15925169943172,-1.45772830649292,0.055,0.018,1
"Gm17455",0,0,0,0,1,0,0,0,1
"Adm2",0,0,0,0,1,0,0,0,1
"Sbf1",0,0.036697247706422,0.0917431192660551,0.0917431192660551,0.105272238499178,-1.26653880834718,0.092,0.037,1
"Pigq",0,0.018348623853211,0.0642201834862385,0.0642201834862385,0.0901412437938342,1.21493343274461,0.064,0.018,1
"Akr1b10",0,0.00917431192660551,0.00917431192660551,0.00917431192660551,1,-3.00258688316935,0.009,0.009,1
"Akr1b7",0,0,0,0,1,0,0,0,1
"Akr1b8",0,0,0.00917431192660551,0.00917431192660551,0.321770703576164,0.785196733675234,0.009,0,1
"Lamc3",0,0,0,0,1,0,0,0,1
"Plch2",0,0,0,0,1,0,0,0,1
"Nynrin",0,0,0,0,1,0,0,0,1
"Slc34a1",0,0,0,0,1,0,0,0,1
"D630045J12Rik",0,0,0,0,1,0,0,0,1
"Pygb",0,0.00917431192660551,0,0.00917431192660551,0.321770703576164,-0.311467846223146,0,0.009,1
"Mmp14",0,0,0.0275229357798165,0.0275229357798165,0.0827908566389083,2.7288676567874,0.028,0,1
"St6galnac1",0,0,0,0,1,0,0,0,1
"Tmub1",0,0,0.0825688073394495,0.0825688073394495,0.00226665806423496,2.65386437307199,0.083,0,1
"Ptpru",0,0,0.00917431192660551,0.00917431192660551,0.321770703576164,0.785196733675234,0.009,0,1
"Dact2",0,0.00917431192660551,0.0917431192660551,0.0917431192660551,0.0060325996879273,-0.358220659388019,0.092,0.009,1
"Gjb5",0,0,0,0,1,0,0,0,1
"Hba-a2",0,0,0.0275229357798165,0.0275229357798165,0.0827908566389083,10.627419876464,0.028,0,1
"Hba-a1",0,0,0.018348623853211,0.018348623853211,0.158254573183401,10.8571910527905,0.018,0,1
"Edar",0,0,0,0,1,0,0,0,1
"Smox",0,0.00917431192660551,0.0275229357798165,0.0275229357798165,0.313967937030722,1.30347489426157,0.028,0.009,1
"Mchr1",0,0,0,0,1,0,0,0,1
"Rims3",0,0,0,0,1,0,0,0,1
"Fam151a",0,0,0,0,1,0,0,0,1
"Cd151",0,0.0458715596330275,0.073394495412844,0.073394495412844,0.393712239049144,0.888219497516926,0.073,0.046,1
"Il4i1",0,0,0,0,1,0,0,0,1
"Kcnj4",0,0,0,0,1,0,0,0,1
"Elfn2",0,0,0,0,1,0,0,0,1
"Lrsam1",0,0,0.00917431192660551,0.00917431192660551,0.321770703576164,0.435096353584755,0.009,0,1
"Lrrc4b",0,0,0,0,1,0,0,0,1
"Eef1a2",0,0,0,0,1,0,0,0,1
"Pcdhac2",0,0,0,0,1,0,0,0,1
"Zfp457",0,0,0,0,1,0,0,0,1
"Zfp953",0,0,0.0275229357798165,0.0275229357798165,0.0827908566389083,1.25382963496005,0.028,0,1
"Zfp595",0,0,0.055045871559633,0.055045871559633,0.0133570309308565,2.04381604790427,0.055,0,1
"Zfp738",0,0.0275229357798165,0.0458715596330275,0.0458715596330275,0.472368625722299,0.61941362313282,0.046,0.028,1
"Prx",0,0,0,0,1,0,0,0,1
"Lrwd1",0,0.018348623853211,0.00917431192660551,0.018348623853211,0.565499832515329,-0.63441802330161,0.009,0.018,1
"Lrrc8a",0,0,0.0642201834862385,0.0642201834862385,0.00738153816995141,2.73365649240318,0.064,0,1
"Tmem150b",0,0,0,0,1,0,0,0,1
"Metrn",0,0.00917431192660551,0.00917431192660551,0.00917431192660551,1,0.848626450359424,0.009,0.009,1
"Mapk8ip1",0,0,0,0,1,0,0,0,1
"Apc2",0,0,0,0,1,0,0,0,1
"Trpv4",0,0,0,0,1,0,0,0,1
"Abcb1b",0,0.00917431192660551,0.00917431192660551,0.00917431192660551,1,0.904692975591789,0.009,0.009,1
"Abcb1a",0,0.00917431192660551,0,0.00917431192660551,0.321770703576164,-0.311467846223146,0,0.009,1
"Rtn4rl1",0,0,0.00917431192660551,0.00917431192660551,0.321770703576164,0.464634899256874,0.009,0,1
"Pgam2",0,0,0,0,1,0,0,0,1
"Pdzd9",0,0,0.00917431192660551,0.00917431192660551,0.321770703576164,0.716190904860304,0.009,0,1
"Noxa1",0,0,0,0,1,0,0,0,1
"Dagla",0,0,0,0,1,0,0,0,1
"Zfp13",0,0,0.00917431192660551,0.00917431192660551,0.321770703576164,0.373294697665829,0.009,0,1
"Lrrc20",0,0.00917431192660551,0.018348623853211,0.018348623853211,0.572720618028983,-1.83272503711329,0.018,0.009,1
"Srebf2",0,0.018348623853211,0.073394495412844,0.073394495412844,0.0530745702251568,-1.16192633511644,0.073,0.018,1
"Lrrc55",0,0,0,0,1,0,0,0,1
"Tnks1bp1",0,0.0458715596330275,0.073394495412844,0.073394495412844,0.417340286838208,-1.73847100774104,0.073,0.046,1
"Ndor1",0,0,0.0275229357798165,0.0275229357798165,0.0827908566389083,1.68115021361931,0.028,0,1
"Katnb1",0,0.00917431192660551,0.0275229357798165,0.0275229357798165,0.313967937030722,1.4780837255451,0.028,0.009,1
"Slc4a2",0,0.00917431192660551,0.073394495412844,0.073394495412844,0.0185192461638131,1.59393453418191,0.073,0.009,1
"Spns2",0,0.00917431192660551,0.055045871559633,0.055045871559633,0.0540147803640207,2.09006011666095,0.055,0.009,1
"Dbndd1",0,0,0,0,1,0,0,0,1
"Zfp414",0,0,0,0,1,0,0,0,1
"Plekhh3",0,0,0.073394495412844,0.073394495412844,0.00408883774060521,3.45119134163216,0.073,0,1
"Hmcn2",0,0.00917431192660551,0,0.00917431192660551,0.321770703576164,-4.06591963118851,0,0.009,1
"Ache",0,0,0,0,1,0,0,0,1
"Cdh15",0,0,0,0,1,0,0,0,1
"Nomo1",0,0.00917431192660551,0.055045871559633,0.055045871559633,0.0531438924809843,2.5273714242631,0.055,0.009,1
"Ros1",0,0,0,0,1,0,0,0,1
"Trpc5",0,0,0,0,1,0,0,0,1
"Rtl9",0,0,0,0,1,0,0,0,1
"Slc16a3",0,0,0,0,1,0,0,0,1
"Zfp553",0,0.00917431192660551,0.036697247706422,0.036697247706422,0.174398966561972,1.94862577251266,0.037,0.009,1
"Phrf1",0,0.0275229357798165,0.0642201834862385,0.0642201834862385,0.190435988474136,1.01386205977818,0.064,0.028,1
"Il2ra",0,0,0,0,1,0,0,0,1
"Mad1l1",0,0.018348623853211,0.0825688073394495,0.0825688073394495,0.030992398771362,0.624637142616972,0.083,0.018,1
"Ficd",0,0.00917431192660551,0.036697247706422,0.036697247706422,0.182414089341891,-0.701368981749315,0.037,0.009,1
"Npb",0,0,0.018348623853211,0.018348623853211,0.158254573183401,1.23206794987668,0.018,0,1
"Traf2",0,0.00917431192660551,0.0917431192660551,0.0917431192660551,0.00562887869227326,2.47785711969062,0.092,0.009,1
"Epha1",0,0.00917431192660551,0.0275229357798165,0.0275229357798165,0.309548967338092,0.85919235688739,0.028,0.009,1
"Gm49322",0,0,0,0,1,0,0,0,1
"Adat3",0,0,0,0,1,0,0,0,1
"Lmnb2",0,0,0.073394495412844,0.073394495412844,0.00408883774060521,2.45914602670394,0.073,0,1
"Notum",0,0.036697247706422,0.036697247706422,0.036697247706422,0.976331648765561,-1.17398437788388,0.037,0.037,1
"Abca2",0,0.00917431192660551,0.00917431192660551,0.00917431192660551,1,0.920063013864566,0.009,0.009,1
"Ttll12",0,0.0458715596330275,0.00917431192660551,0.0458715596330275,0.0970136513438325,-1.59319209319179,0.009,0.046,1
"Atg9a",0,0.0275229357798165,0.0825688073394495,0.0825688073394495,0.0830454001100463,-0.753885852131326,0.083,0.028,1
"Lrrc8e",0,0,0,0,1,0,0,0,1
"Foxn4",0,0,0,0,1,0,0,0,1
"Rnf208",0,0,0,0,1,0,0,0,1
"Cfap46",0,0,0,0,1,0,0,0,1
"Ace2",0,0,0,0,1,0,0,0,1
"Cenpm",0,0.018348623853211,0.036697247706422,0.036697247706422,0.415302321928962,0.0857186106403161,0.037,0.018,1
"Zic4",0,0,0,0,1,0,0,0,1
"Tubb2b",0,0,0,0,1,0,0,0,1
"Muc3a",0,0,0,0,1,0,0,0,1
"Tapbpl",0,0.018348623853211,0.0642201834862385,0.0642201834862385,0.0974646843717621,0.19658933668611,0.064,0.018,1
"Ltbp4",0,0,0.00917431192660551,0.00917431192660551,0.321770703576164,2.60010109755908,0.009,0,1
"Lamb3",0,0.00917431192660551,0.0458715596330275,0.0458715596330275,0.103271434635958,0.745255490555986,0.046,0.009,1
"Nos1ap",0,0.0275229357798165,0.0275229357798165,0.0275229357798165,0.987908270251591,0.795689756889625,0.028,0.028,1
"Amz1",0,0,0.018348623853211,0.018348623853211,0.158254573183401,1.5949720926916,0.018,0,1
"Wfs1",0,0,0.00917431192660551,0.00917431192660551,0.321770703576164,0.852432083992695,0.009,0,1
"Zfp719",0,0,0.018348623853211,0.018348623853211,0.158254573183401,1.35130055040108,0.018,0,1
"Zfp141",0,0.018348623853211,0.0458715596330275,0.0458715596330275,0.254638739259883,0.641049353789722,0.046,0.018,1
"B020011L13Rik",0,0,0,0,1,0,0,0,1
"Amigo3",0,0,0.018348623853211,0.018348623853211,0.158254573183401,1.45854546688613,0.018,0,1
"Gzmm",0,0,0,0,1,0,0,0,1
"Slc39a3",0,0.0458715596330275,0.073394495412844,0.073394495412844,0.426411929131842,-2.08127130375565,0.073,0.046,1
"Ap5b1",0,0,0.00917431192660551,0.00917431192660551,0.321770703576164,0.447766965453127,0.009,0,1
"Ap1m2",0,0,0,0,1,0,0,0,1
"Fancc",0,0.00917431192660551,0.018348623853211,0.018348623853211,0.565499832515329,0.257188060899605,0.018,0.009,1
"Ccl24",0,0.00917431192660551,0,0.00917431192660551,0.321770703576164,-3.49807992664333,0,0.009,1
"Tubb3",0,0,0,0,1,0,0,0,1
"Zfp574",0,0.0458715596330275,0.0458715596330275,0.0458715596330275,0.976368555007657,-2.2921542219826,0.046,0.046,1
"Foxp3",0,0,0,0,1,0,0,0,1
"Nkd2",0,0,0,0,1,0,0,0,1
"Brat1",0,0.00917431192660551,0.0458715596330275,0.0458715596330275,0.103271434635958,-1.46633685814806,0.046,0.009,1
"Tfcp2l1",0,0,0.018348623853211,0.018348623853211,0.158254573183401,0.842213639275308,0.018,0,1
"BC048671",0,0,0,0,1,0,0,0,1
"P2ry2",0,0.0458715596330275,0.0642201834862385,0.0642201834862385,0.620990195689742,-3.6346521927843,0.064,0.046,1
"Ptchd4",0,0,0,0,1,0,0,0,1
"Dab2ip",0,0,0.036697247706422,0.036697247706422,0.0445113657254602,1.8885703531459,0.037,0,1
"Lamb2",0,0,0,0,1,0,0,0,1
"Dbh",0,0,0,0,1,0,0,0,1
"Slc16a13",0,0,0.00917431192660551,0.00917431192660551,0.321770703576164,1.21616082181494,0.009,0,1
"Igsf3",0,0,0.00917431192660551,0.00917431192660551,0.321770703576164,1.29081045374183,0.009,0,1
"Dok7",0,0,0,0,1,0,0,0,1
"Cdhr2",0,0,0,0,1,0,0,0,1
"St14",0,0.00917431192660551,0,0.00917431192660551,0.321770703576164,-0.311467846223146,0,0.009,1
"Cd163",0,0.00917431192660551,0,0.00917431192660551,0.321770703576164,-3.91309980914914,0,0.009,1
"Sptan1",0,0.018348623853211,0.0458715596330275,0.0458715596330275,0.263541795925301,-2.02061963769184,0.046,0.018,1
"Amn",0,0,0.00917431192660551,0.00917431192660551,0.321770703576164,0.266933907160607,0.009,0,1
"Cyb561a3",0,0,0,0,1,0,0,0,1
"Mmp17",0,0,0,0,1,0,0,0,1
"Wdr62",0,0,0,0,1,0,0,0,1
"4930562C15Rik",0,0,0,0,1,0,0,0,1
"Fat1",0,0,0.00917431192660551,0.00917431192660551,0.321770703576164,1.55833957526926,0.009,0,1
"Ints5",0,0,0,0,1,0,0,0,1
"Zfp777",0,0,0.073394495412844,0.073394495412844,0.00408883774060521,3.05362359514346,0.073,0,1
"Plxna4",0,0,0,0,1,0,0,0,1
"Tmem175",0,0.00917431192660551,0.018348623853211,0.018348623853211,0.572720618028983,-1.5868971117433,0.018,0.009,1
"Scd4",0,0,0,0,1,0,0,0,1
"Scd2",0,0.00917431192660551,0.00917431192660551,0.00917431192660551,1,0.296138885240618,0.009,0.009,1
"Elfn1",0,0,0,0,1,0,0,0,1
"Clptm1",0,0.0642201834862385,0.0825688073394495,0.0825688073394495,0.66212204813904,-2.837628218906,0.083,0.064,1
"Tedc1",0,0.00917431192660551,0,0.00917431192660551,0.321770703576164,-0.311467846223146,0,0.009,1
"Rab11fip4",0,0.00917431192660551,0.036697247706422,0.036697247706422,0.171786561109021,2.23486683701892,0.037,0.009,1
"Esyt1",0,0.00917431192660551,0.018348623853211,0.018348623853211,0.558323075006203,1.20629855459318,0.018,0.009,1
"Tmem121",0,0,0,0,1,0,0,0,1
"Erich5",0,0,0,0,1,0,0,0,1
"Dhx37",0,0,0.0275229357798165,0.0275229357798165,0.0827908566389083,1.45532095225233,0.028,0,1
"Tmem63c",0,0,0,0,1,0,0,0,1
"Fcnb",0,0,0,0,1,0,0,0,1
"Syne3",0,0.00917431192660551,0,0.00917431192660551,0.321770703576164,-0.784846491892114,0,0.009,1
"Ccdc13",0,0,0,0,1,0,0,0,1
"Kcnj11",0,0,0,0,1,0,0,0,1
"Atp13a2",0,0.00917431192660551,0.0275229357798165,0.0275229357798165,0.309548967338092,2.19225602085079,0.028,0.009,1
"Cyfip2",0,0.00917431192660551,0.00917431192660551,0.00917431192660551,1,0.540964237769549,0.009,0.009,1
"Padi1",0,0,0,0,1,0,0,0,1
"Hyal3",0,0,0,0,1,0,0,0,1
"Gpr19",0,0,0.00917431192660551,0.00917431192660551,0.321770703576164,0.528060109486678,0.009,0,1
"Kcnc3",0,0,0.018348623853211,0.018348623853211,0.158254573183401,2.2808836788847,0.018,0,1
"Eno3",0,0.018348623853211,0.0458715596330275,0.0458715596330275,0.251718087716934,0.399345112227527,0.046,0.018,1
"B3gnt8",0,0,0.00917431192660551,0.00917431192660551,0.321770703576164,0.580524536788142,0.009,0,1
"Pitpnm2",0,0.018348623853211,0.0825688073394495,0.0825688073394495,0.0342142785435602,0.305165755511417,0.083,0.018,1
"Tlr9",0,0,0,0,1,0,0,0,1
"Adamtsl2",0,0,0,0,1,0,0,0,1
"Dus3l",0,0.00917431192660551,0.0825688073394495,0.0825688073394495,0.0106673056943774,-1.15377511170409,0.083,0.009,1
"Nrtn",0,0,0.018348623853211,0.018348623853211,0.158254573183401,2.32952041545837,0.018,0,1
"Il9r",0,0,0,0,1,0,0,0,1
"Tbc1d31",0,0.00917431192660551,0.055045871559633,0.055045871559633,0.0531438924809843,2.27732054226055,0.055,0.009,1
"Itgb3",0,0,0,0,1,0,0,0,1
"Cdc25a",0,0.00917431192660551,0.0458715596330275,0.0458715596330275,0.0954975526585446,1.60744496231558,0.046,0.009,1
"Mvd",0,0.0917431192660551,0.0275229357798165,0.0917431192660551,0.0428679561943926,-3.54784111254449,0.028,0.092,1
"Plxna1",0,0,0,0,1,0,0,0,1
"Slurp2",0,0,0,0,1,0,0,0,1
"D630039A03Rik",0,0.018348623853211,0.036697247706422,0.036697247706422,0.428439245458617,-0.647626528869364,0.037,0.018,1
"Cdt1",0,0.00917431192660551,0.0275229357798165,0.0275229357798165,0.322929767398032,0.462562148853856,0.028,0.009,1
"Pidd1",0,0,0.00917431192660551,0.00917431192660551,0.321770703576164,0.68021033306831,0.009,0,1
"Them6",0,0.0275229357798165,0.0275229357798165,0.0275229357798165,0.975819317403161,-0.81212469490112,0.028,0.028,1
"Pold1",0,0.00917431192660551,0.018348623853211,0.018348623853211,0.558323075006203,0.476921911706849,0.018,0.009,1
"Il21r",0,0,0,0,1,0,0,0,1
"Slc29a4",0,0,0,0,1,0,0,0,1
"Rhbdl1",0,0,0,0,1,0,0,0,1
"Slc51b",0,0,0.018348623853211,0.018348623853211,0.158254573183401,1.1447374711641,0.018,0,1
"Wdr24",0,0.018348623853211,0.0458715596330275,0.0458715596330275,0.266556649364102,-2.0097987074995,0.046,0.018,1
"Fndc10",0,0,0,0,1,0,0,0,1
"Slco2b1",0,0.0458715596330275,0.0917431192660551,0.0917431192660551,0.204950028758053,-1.98211149228319,0.092,0.046,1
"Rptor",0,0.055045871559633,0.0917431192660551,0.0917431192660551,0.345761128651247,-2.03788550943773,0.092,0.055,1
"Fbxl18",0,0.00917431192660551,0.0275229357798165,0.0275229357798165,0.318428203132728,1.21528632890669,0.028,0.009,1
"Bicdl1",0,0,0.00917431192660551,0.00917431192660551,0.321770703576164,0.621119602071996,0.009,0,1
"Scx",0,0,0,0,1,0,0,0,1
"Pcnx3",0,0.00917431192660551,0.036697247706422,0.036697247706422,0.182414089341891,-0.27660376161435,0.037,0.009,1
"Telo2",0,0.00917431192660551,0,0.00917431192660551,0.321770703576164,-0.567486379500416,0,0.009,1
"Clcn7",0,0.018348623853211,0.00917431192660551,0.018348623853211,0.565499832515329,-1.30558593635148,0.009,0.018,1
"Slc39a4",0,0.00917431192660551,0.055045871559633,0.055045871559633,0.0566991915099757,1.76514183896908,0.055,0.009,1
"Dpp7",0,0.00917431192660551,0.0275229357798165,0.0275229357798165,0.322929767398032,-2.08493054680209,0.028,0.009,1
"Iba57",0,0.036697247706422,0.055045871559633,0.055045871559633,0.543684956045131,-0.529000617132414,0.055,0.037,1
"Vwce",0,0,0.055045871559633,0.055045871559633,0.0133570309308565,2.43717715999722,0.055,0,1
"Evi5l",0,0,0.00917431192660551,0.00917431192660551,0.321770703576164,1.27624087930889,0.009,0,1
"Neu4",0,0,0,0,1,0,0,0,1
"Pomk",0,0.00917431192660551,0,0.00917431192660551,0.321770703576164,-3.59678957001025,0,0.009,1
"Map1s",0,0.018348623853211,0.018348623853211,0.018348623853211,1,-0.446332046797457,0.018,0.018,1
"Pkd1",0,0,0.036697247706422,0.036697247706422,0.0445113657254602,2.53985324780424,0.037,0,1
"Traf7",0,0.018348623853211,0.0458715596330275,0.0458715596330275,0.260550552196405,0.450765245600895,0.046,0.018,1
"Caskin1",0,0,0,0,1,0,0,0,1
"Mlst8",0,0,0.0458715596330275,0.0458715596330275,0.0242824248832986,1.95908773462803,0.046,0,1
"Scrib",0,0.00917431192660551,0.055045871559633,0.055045871559633,0.0585497714847136,0.327316338285996,0.055,0.009,1
"Eppk1",0,0,0.0458715596330275,0.0458715596330275,0.0242824248832986,2.87543195112414,0.046,0,1
"E4f1",0,0,0.0458715596330275,0.0458715596330275,0.0242824248832986,3.21111542827146,0.046,0,1
"Parp10",0,0.055045871559633,0.073394495412844,0.073394495412844,0.597398504305518,-0.817671393693999,0.073,0.055,1
"Krt7",0,0,0,0,1,0,0,0,1
"Gpr17",0,0,0,0,1,0,0,0,1
"Capn15",0,0.00917431192660551,0.0917431192660551,0.0917431192660551,0.0060325996879273,1.6060691475913,0.092,0.009,1
"Slc12a4",0,0,0.00917431192660551,0.00917431192660551,0.321770703576164,0.785196733675234,0.009,0,1
"Mvk",0,0.036697247706422,0.073394495412844,0.073394495412844,0.254988605333694,-1.78346326224385,0.073,0.037,1
"Tmprss9",0,0,0,0,1,0,0,0,1
"Rtn2",0,0,0,0,1,0,0,0,1
"Ephb2",0,0,0,0,1,0,0,0,1
"Npw",0,0,0,0,1,0,0,0,1
"Lrp3",0,0,0.0642201834862385,0.0642201834862385,0.00738153816995141,3.41233747573989,0.064,0,1
"Acot11",0,0.018348623853211,0.073394495412844,0.073394495412844,0.0575950718297,0.967784993925313,0.073,0.018,1
"Chst13",0,0.0275229357798165,0.0275229357798165,0.0275229357798165,0.975819317403161,-3.43891383836834,0.028,0.028,1
"Dhcr7",0,0.00917431192660551,0.0458715596330275,0.0458715596330275,0.0970136513438325,1.82807176318834,0.046,0.009,1
"Npm2",0,0,0,0,1,0,0,0,1
"Wfikkn1",0,0,0,0,1,0,0,0,1
"Cyb561d1",0,0,0.018348623853211,0.018348623853211,0.158254573183401,0.76984211213479,0.018,0,1
"Rpusd1",0,0,0.00917431192660551,0.00917431192660551,0.321770703576164,0.418309330180454,0.009,0,1
"Chtf18",0,0,0,0,1,0,0,0,1
"Zfp213",0,0.00917431192660551,0.055045871559633,0.055045871559633,0.0566991915099757,1.77192922410485,0.055,0.009,1
"Disp2",0,0,0,0,1,0,0,0,1
"Fcho1",0,0,0,0,1,0,0,0,1
"Rrad",0,0,0,0,1,0,0,0,1
"Cacna1h",0,0,0.00917431192660551,0.00917431192660551,0.321770703576164,0.495493043473981,0.009,0,1
"Mast1",0,0,0,0,1,0,0,0,1
"Tspan11",0,0,0,0,1,0,0,0,1
"Sorcs2",0,0,0,0,1,0,0,0,1
"9430015G10Rik",0,0,0,0,1,0,0,0,1
"Emilin1",0,0,0.00917431192660551,0.00917431192660551,0.321770703576164,1.66447461052483,0.009,0,1
"Nup62",0,0.00917431192660551,0.0825688073394495,0.0825688073394495,0.0106673056943774,0.869562686281365,0.083,0.009,1
"Hyou1",0,0.018348623853211,0.0642201834862385,0.0642201834862385,0.0889648726590826,1.26115684103547,0.064,0.018,1
"3110082I17Rik",0,0,0.0917431192660551,0.0917431192660551,0.00125607519594205,2.62283560861603,0.092,0,1
"Tmem104",0,0.00917431192660551,0.0458715596330275,0.0458715596330275,0.0954975526585446,2.34399548353038,0.046,0.009,1
"Th",0,0,0,0,1,0,0,0,1
"Gpbar1",0,0,0,0,1,0,0,0,1
"Adamtsl5",0,0,0.00917431192660551,0.00917431192660551,0.321770703576164,0.266933907160607,0.009,0,1
"Ppp1r16a",0,0.00917431192660551,0.0917431192660551,0.0917431192660551,0.00572745628332874,2.40767965151682,0.092,0.009,1
"Zfy2",0,0,0,0,1,0,0,0,1
"Zfy1",0,0,0,0,1,0,0,0,1
"Mfsd3",0,0.00917431192660551,0.018348623853211,0.018348623853211,0.558323075006203,0.412350266301302,0.018,0.009,1
"Tbc1d16",0,0.00917431192660551,0.0825688073394495,0.0825688073394495,0.010487203583691,1.79700910477831,0.083,0.009,1
"Recql4",0,0,0,0,1,0,0,0,1
"Lrrc24",0,0,0,0,1,0,0,0,1
"Tm7sf2",0,0.0642201834862385,0.0642201834862385,0.0642201834862385,0.915475671606921,-3.18072083043723,0.064,0.064,1
"Sv2b",0,0,0,0,1,0,0,0,1
"Sh2d6",0,0,0,0,1,0,0,0,1
"Capn1",0,0.0275229357798165,0.0917431192660551,0.0917431192660551,0.0528626796539239,-1.95846390094557,0.092,0.028,1
"Olfm2",0,0,0,0,1,0,0,0,1
"Lrrc45",0,0.00917431192660551,0.036697247706422,0.036697247706422,0.171786561109021,1.83533748780943,0.037,0.009,1
"Plec",0,0.036697247706422,0.036697247706422,0.036697247706422,0.971074110456506,-2.96491351031682,0.037,0.037,1
"Ankrd65",0,0,0,0,1,0,0,0,1
"Jmjd4",0,0.00917431192660551,0.018348623853211,0.018348623853211,0.572720618028983,-0.665687691905426,0.018,0.009,1
"Klhdc7a",0,0,0.0275229357798165,0.0275229357798165,0.0827908566389083,2.26033048380654,0.028,0,1
"Ppfia3",0,0,0,0,1,0,0,0,1
"Lingo4",0,0.00917431192660551,0.018348623853211,0.018348623853211,0.565499832515329,0.392273560843089,0.018,0.009,1
"Them5",0,0,0,0,1,0,0,0,1
"Lrfn4",0,0,0,0,1,0,0,0,1
"Bcam",0,0,0.00917431192660551,0.00917431192660551,0.321770703576164,1.29081045374183,0.009,0,1
"Pld3",0,0,0.036697247706422,0.036697247706422,0.0445113657254602,1.89611619771922,0.037,0,1
"Lrp5",0,0,0.036697247706422,0.036697247706422,0.0445113657254602,2.76414741373721,0.037,0,1
"Fam83g",0,0,0,0,1,0,0,0,1
"Dmtn",0,0,0,0,1,0,0,0,1
"Spata20",0,0,0,0,1,0,0,0,1
"Extl3",0,0.00917431192660551,0.0825688073394495,0.0825688073394495,0.00930045724472655,2.8123319636428,0.083,0.009,1
"Trem2",0,0,0,0,1,0,0,0,1
"Slc7a5",0,0,0.00917431192660551,0.00917431192660551,0.321770703576164,1.21616082181494,0.009,0,1
"Tle6",0,0,0.018348623853211,0.018348623853211,0.158254573183401,1.13263742962911,0.018,0,1
"Abhd8",0,0.018348623853211,0.018348623853211,0.018348623853211,0.98894418831061,-3.33280817338474,0.018,0.018,1
"Kcnip3",0,0,0,0,1,0,0,0,1
"Grap",0,0.00917431192660551,0,0.00917431192660551,0.321770703576164,-0.97370578515068,0,0.009,1
"Klhl25",0,0,0.0642201834862385,0.0642201834862385,0.00738153816995141,2.49170915198659,0.064,0,1
"Adam15",0,0,0.00917431192660551,0.00917431192660551,0.321770703576164,1.66447461052483,0.009,0,1
"Gpc1",0,0,0.0642201834862385,0.0642201834862385,0.00738153816995141,3.14474917085558,0.064,0,1
"Cfap74",0,0,0,0,1,0,0,0,1
"Tubb4a",0,0,0,0,1,0,0,0,1
"Hrnr",0,0,0,0,1,0,0,0,1
"Tcap",0,0,0,0,1,0,0,0,1
"Erbb2",0,0,0,0,1,0,0,0,1
"Tssk6",0,0,0,0,1,0,0,0,1
"Igsf9",0,0,0,0,1,0,0,0,1
"Gpaa1",0,0.00917431192660551,0.073394495412844,0.073394495412844,0.0173130712957867,2.51316887485574,0.073,0.009,1
"Cers4",0,0,0,0,1,0,0,0,1
"Cdkn1a",0,0.036697247706422,0.036697247706422,0.036697247706422,0.981590215550557,-2.51762863737072,0.037,0.037,1
"Mrgprf",0,0,0,0,1,0,0,0,1
"Phlda3",0,0.00917431192660551,0.018348623853211,0.018348623853211,0.558323075006203,0.747974642800759,0.018,0.009,1
"Lbx2",0,0,0,0,1,0,0,0,1
"Cd7",0,0,0,0,1,0,0,0,1
"Dysf",0,0,0.00917431192660551,0.00917431192660551,0.321770703576164,1.66447461052483,0.009,0,1
"Rai1",0,0.018348623853211,0.0458715596330275,0.0458715596330275,0.251718087716934,0.452925318705926,0.046,0.018,1
"Treh",0,0.00917431192660551,0,0.00917431192660551,0.321770703576164,-4.07664595803119,0,0.009,1
"Cdc6",0,0.00917431192660551,0,0.00917431192660551,0.321770703576164,-0.311467846223146,0,0.009,1
"Gjd3",0,0,0,0,1,0,0,0,1
"Kcnh7",0,0,0,0,1,0,0,0,1
"Ano7",0,0,0,0,1,0,0,0,1
"Flrt1",0,0,0,0,1,0,0,0,1
"Chit1",0,0,0,0,1,0,0,0,1
"Kif1a",0,0,0,0,1,0,0,0,1
"Mcm2",0,0.0275229357798165,0.018348623853211,0.0275229357798165,0.648752992141954,-1.3009041380194,0.018,0.028,1
"Edn2",0,0,0,0,1,0,0,0,1
"C1qc",0,0.00917431192660551,0,0.00917431192660551,0.321770703576164,-4.4327805519712,0,0.009,1
"Glb1",0,0,0.036697247706422,0.036697247706422,0.0445113657254602,1.65676113401639,0.037,0,1
"Tmppe",0,0,0,0,1,0,0,0,1
"Marco",0,0.00917431192660551,0,0.00917431192660551,0.321770703576164,-3.49807992664333,0,0.009,1
"Spata46",0,0,0,0,1,0,0,0,1
"Pitpnm1",0,0,0.018348623853211,0.018348623853211,0.158254573183401,1.14753113279477,0.018,0,1
"Gm13057",0,0,0,0,1,0,0,0,1
"Gm16367",0,0,0,0,1,0,0,0,1
"Pramel6",0,0,0,0,1,0,0,0,1
"Pramel4",0,0,0,0,1,0,0,0,1
"Gm2042",0,0,0,0,1,0,0,0,1
"Oog3",0,0,0,0,1,0,0,0,1
"Pramel7",0,0,0,0,1,0,0,0,1
"Gm13040",0,0,0,0,1,0,0,0,1
"Pramel5",0,0,0,0,1,0,0,0,1
"Gm12790",0,0,0,0,1,0,0,0,1
"Oog1",0,0,0,0,1,0,0,0,1
"Pramel1",0,0,0,0,1,0,0,0,1
"Gm13043",0,0,0,0,1,0,0,0,1
"Oog4",0,0,0,0,1,0,0,0,1
"Oog2",0,0,0,0,1,0,0,0,1
"C130073F10Rik",0,0,0,0,1,0,0,0,1
"Fbxo2",0,0.00917431192660551,0.00917431192660551,0.00917431192660551,1,0.261648273516658,0.009,0.009,1
"Zbed6",0,0,0,0,1,0,0,0,1
"C1qtnf12",0,0,0.018348623853211,0.018348623853211,0.158254573183401,1.58415126622921,0.018,0,1
"Eno1b",0,0,0.0458715596330275,0.0458715596330275,0.0242824248832986,2.22238813005713,0.046,0,1
"Syt2",0,0,0,0,1,0,0,0,1
"Espn",0,0,0,0,1,0,0,0,1
"Alx3",0,0,0,0,1,0,0,0,1
"Slc1a7",0,0,0,0,1,0,0,0,1
"Fndc5",0,0,0,0,1,0,0,0,1
"Serinc2",0,0.018348623853211,0.0458715596330275,0.0458715596330275,0.266556649364102,-1.39762486572159,0.046,0.018,1
"Kcnj10",0,0,0,0,1,0,0,0,1
"Btbd19",0,0.00917431192660551,0.00917431192660551,0.00917431192660551,1,1.24687172904611,0.009,0.009,1
"Agrn",0,0,0.0275229357798165,0.0275229357798165,0.0827908566389083,2.19598704081164,0.028,0,1
"Plekhm2",0,0,0.0642201834862385,0.0642201834862385,0.00738153816995141,2.67358265520897,0.064,0,1
