"Column1","baseMean","log2FoldChange","lfcSE","stat","pvalue","padj","Spalte1","Spalte2","external_gene_name"
"ENSG00000058085",122653902484929,979350485111298,133580544483738,733153535865787,166308746024723,198045998391108,"LAMC2","laminin subunit gamma 2 [Source:HGNC Symbol;Acc:HGNC:6493]","LAMC2"
"ENSG00000124145",176118657524871,961070788602237,107083832798656,897493826551095,832295065.550231,193269317909083,"SDC4","syndecan 4 [Source:HGNC Symbol;Acc:HGNC:10661]","SDC4"
"ENSG00000125144",800133381435882,942143989782313,12302481671913,765816210832696,162856521844586,196453610799147,"MT1G","metallothionein 1G [Source:HGNC Symbol;Acc:HGNC:7399]","MT1G"
"ENSG00000233056",250052480976279,940820470754646,115291345558634,816037375742287,657760098.51133,988421033973796,"ERVH48-1","endogenous retrovirus group 48 member 1, envelope [Source:HGNC Symbol;Acc:HGNC:17216]","ERVH48-1"
"ENSG00000059804",338149472011732,932926670312705,845596491963732,110327641987512,15294739.6399853,6176747354.17407,"SLC2A3","solute carrier family 2 member 3 [Source:HGNC Symbol;Acc:HGNC:11007]","SLC2A3"
"ENSG00000140416",458150773902499,921185162803473,124940064982522,737301651741849,37434653528697,406680443627254,"TPM1","tropomyosin 1 [Source:HGNC Symbol;Acc:HGNC:12010]","TPM1"
"ENSG00000134333",201670455629795,912217432215381,904933833233424,100804876413553,261651661.969619,75110862840573,"LDHA","lactate dehydrogenase A [Source:HGNC Symbol;Acc:HGNC:6535]","LDHA"
"ENSG00000118523",35315974992723,896655386304958,104063922700035,861639041697071,6902075981.33729,100171769926018,"CCN2","cellular communication network factor 2 [Source:HGNC Symbol;Acc:HGNC:2500]","CCN2"
"ENSG00000142871",240504159478027,805885585250213,797689353920149,10102749664262,6287277222.14709,965278916990302,"CCN1","cellular communication network factor 1 [Source:HGNC Symbol;Acc:HGNC:2654]","CCN1"
"ENSG00000105388",199119693833733,439856798909013,100899874478061,435933940636023,5642092469.10266,904502499606522,"CEACAM5","CEA cell adhesion molecule 5 [Source:HGNC Symbol;Acc:HGNC:1817]","CEACAM5"
"ENSG00000005102",520664565290876,415854192887697,86293301641487,481907847975732,1122656837.18739,245359953699179,"MEOX1","mesenchyme homeobox 1 [Source:HGNC Symbol;Acc:HGNC:7013]","MEOX1"
"ENSG00000134339",122100375967977,378687229462902,50578848081745,748706710067559,405.59290491666,4185944.10813156,"SAA2","serum amyloid A2 [Source:HGNC Symbol;Acc:HGNC:10514]","SAA2"
"ENSG00000100985",52120759370168,331611048960649,668554459184182,496012021766042,1264836211.97833,268059419382279,"MMP9","matrix metallopeptidase 9 [Source:HGNC Symbol;Acc:HGNC:7176]","MMP9"
"ENSG00000173432",959008916445965,328961855689285,257655126019408,127675261413004,1.28282826114257e-13,2.38311006072456e-09,"SAA1","serum amyloid A1 [Source:HGNC Symbol;Acc:HGNC:10513]","SAA1"
"ENSG00000041982",380816806807028,314580333688415,439272383465945,71613956517438,85527.5372023517,63553802.3443235,"TNC","tenascin C [Source:HGNC Symbol;Acc:HGNC:5318]","TNC"
"ENSG00000143632",832900169478786,280795527325115,321300532035242,873934212142281,34.0574886023115,70298.4406405713,"ACTA1","actin alpha 1, skeletal muscle [Source:HGNC Symbol;Acc:HGNC:129]","ACTA1"
"ENSG00000276070",758649256700511,277527427861332,657757632583287,421929619837882,271272626150008,309167581349,"CCL4L2","C-C motif chemokine ligand 4 like 2 [Source:HGNC Symbol;Acc:HGNC:24066]","CCL4L2"
"ENSG00000174792",435654627058171,249060617802269,422351007564484,589700541354204,121954743.293618,371402174781237,"ODAPH","odontogenesis associated phosphoprotein [Source:HGNC Symbol;Acc:HGNC:26300]","ODAPH"
"ENSG00000163817",316908445476114,236255307960702,518580802406087,455580512939422,164321745642988,196942262503857,"SLC6A20","solute carrier family 6 member 20 [Source:HGNC Symbol;Acc:HGNC:30927]","SLC6A20"
"ENSG00000112499",632085774108455,234221776585814,459705953467026,509503465898912,3069796053.62388,594037513418446,"SLC22A2","solute carrier family 22 member 2 [Source:HGNC Symbol;Acc:HGNC:10966]","SLC22A2"
"ENSG00000169174",375546731112001,233309559484417,249132059420524,936489506918899,9.33938214112418,28282.9390920102,"PCSK9","proprotein convertase subtilisin/kexin type 9 [Source:HGNC Symbol;Acc:HGNC:20001]","PCSK9"
"ENSG00000132688",825138281927177,223604312198429,454163469029622,492343236403817,6605166390.66095,988421033973796,"NES","nestin [Source:HGNC Symbol;Acc:HGNC:7756]","NES"
"ENSG00000106366",995857706645686,222917217961858,236074919412967,944264721200256,11.9738733524282,28282.9390920102,"SERPINE1","serpin family E member 1 [Source:HGNC Symbol;Acc:HGNC:8583]","SERPINE1"
"ENSG00000197273",315475127029783,220210353052616,459932089357381,478788843284006,107474631699487,14159973284265,"GUCA2A","guanylate cyclase activator 2A [Source:HGNC Symbol;Acc:HGNC:4682]","GUCA2A"
"ENSG00000125730",231230266387951,215716681827028,393509486028369,548186738785445,1269808306.27338,268059419382279,"C3","complement C3 [Source:HGNC Symbol;Acc:HGNC:1318]","C3"
"ENSG00000130176",16581519380464,214793543834208,257714056011412,833456844219223,8057.17376098195,7877795.62935588,"CNN1","calponin 1 [Source:HGNC Symbol;Acc:HGNC:2155]","CNN1"
"ENSG00000006016",923991178907409,213825983447333,311570281057135,686284913701773,7278566.70320828,3144510084.77907,"CRLF1","cytokine receptor like factor 1 [Source:HGNC Symbol;Acc:HGNC:2364]","CRLF1"
"ENSG00000275620",316210120855996,210732295590939,239343551590803,880459465861109,936.807799505346,1023710.49949475,"FLJ16779","uncharacterized LOC100192386 [Source:NCBI gene (formerly Entrezgene);Acc:100192386]","FLJ16779"
"ENSG00000162366",893489700542874,210238449215823,289164516566224,727054798121038,1500070.39854013,819611993.931766,"PDZK1IP1","PDZK1 interacting protein 1 [Source:HGNC Symbol;Acc:HGNC:16887]","PDZK1IP1"
"ENSG00000171551",222196135436443,204662342149853,242759039366197,843067853144387,9388.57432203883,8720577.25902576,"ECEL1","endothelin converting enzyme like 1 [Source:HGNC Symbol;Acc:HGNC:3147]","ECEL1"
"ENSG00000116882",504555785214222,203037961466921,462706069600929,438805485396021,470761452642953,494086751737183,"HAO2","hydroxyacid oxidase 2 [Source:HGNC Symbol;Acc:HGNC:4810]","HAO2"
"ENSG00000248187",99932399677968,201806520248363,238776334815939,845169687372602,10240.7124775481,9059129.31882907,"None","novel transcript","LINC03140"
"ENSG00000169429",438388061096948,198862393344869,413448283795668,480984928802244,158798786246736,192810787719321,"CXCL8","C-X-C motif chemokine ligand 8 [Source:HGNC Symbol;Acc:HGNC:6025]","CXCL8"
"ENSG00000049249",254772804389146,198282971110747,290346892959675,682917489109436,16357302.0792641,646531065.37551,"TNFRSF9","TNF receptor superfamily member 9 [Source:HGNC Symbol;Acc:HGNC:11924]","TNFRSF9"
"ENSG00000176907",358299453335857,196948411908827,380788768661051,517211714519173,5691362216.42573,904502499606522,"TCIM","transcriptional and immune response regulator [Source:HGNC Symbol;Acc:HGNC:1357]","TCIM"
"ENSG00000227507",32743433090995,196847621410678,275995085428853,713228719652049,5169552.71291976,2462430275.58745,"LTB","lymphotoxin beta [Source:HGNC Symbol;Acc:HGNC:6711]","LTB"
"ENSG00000188015",108807809574593,196759708242107,380515577881497,517087130407531,5742540096.13094,904502499606522,"S100A3","S100 calcium binding protein A3 [Source:HGNC Symbol;Acc:HGNC:10493]","S100A3"
"ENSG00000178860",612314096142242,191099221098195,415003908975976,460475713517334,33699499167829,370435263929443,"MSC","musculin [Source:HGNC Symbol;Acc:HGNC:7321]","MSC"
"ENSG00000140465",145048661702675,189910794349942,296377375004053,640773589236846,117518613.104523,363857212607122,"CYP1A1","cytochrome P450 family 1 subfamily A member 1 [Source:HGNC Symbol;Acc:HGNC:2595]","CYP1A1"
"ENSG00000228741",502084262323343,188701820951841,359634402769833,524704587488009,574534612.44318,904502499606522,"SPATA13","spermatogenesis associated 13 [Source:NCBI gene (formerly Entrezgene);Acc:221178]","SPATA13"
"ENSG00000087494",478459354513632,188021982873044,374052442568744,502662090860398,112166823672279,144702991899995,"PTHLH","parathyroid hormone like hormone [Source:HGNC Symbol;Acc:HGNC:9607]","PTHLH"
"ENSG00000132965",253876213479837,183760051339706,339330477899285,541537124744354,4042247196.17348,731185125989366,"ALOX5AP","arachidonate 5-lipoxygenase activating protein [Source:HGNC Symbol;Acc:HGNC:436]","ALOX5AP"
"ENSG00000148600",183878865172566,180323966101515,319307494356287,564734524834882,2237717382.02871,451848650064645,"CDHR1","cadherin related family member 1 [Source:HGNC Symbol;Acc:HGNC:14550]","CDHR1"
"ENSG00000069482",474218875875683,180039519996115,271124468027118,664047480871801,80810225.8466439,263370450097036,"GAL","galanin and GMAP prepropeptide [Source:HGNC Symbol;Acc:HGNC:4114]","GAL"
"ENSG00000237296",142696090579314,178869178694024,426709416614107,419182637480401,31241379.49003,598320728645657,"SMG1P1","SMG1 pseudogene 1 [Source:HGNC Symbol;Acc:HGNC:44186]","SMG1P1"
"ENSG00000135919",236647310538454,178519415963351,340158068416362,524813116426917,7897466909.08159,11199331509161,"SERPINE2","serpin family E member 2 [Source:HGNC Symbol;Acc:HGNC:8951]","SERPINE2"
"ENSG00000149591",269413125017792,176091923470304,159285546719531,110551099642685,0.122544954021716,75.883920362047,"TAGLN","transgelin [Source:HGNC Symbol;Acc:HGNC:11553]","TAGLN"
"ENSG00000122641",864487469178399,175640237388933,163023044539744,107739514916317,0.064455143524191,2993.45800312224,"INHBA","inhibin subunit beta A [Source:HGNC Symbol;Acc:HGNC:6066]","INHBA"
"ENSG00000196611",566009951280815,174636816017135,2622622188322,665886290426266,100521007.842187,316504875031238,"MMP1","matrix metallopeptidase 1 [Source:HGNC Symbol;Acc:HGNC:7155]","MMP1"
"ENSG00000122877",143784611778061,172929266693539,300213830689007,576020319572408,2113361345.93077,431427623333582,"EGR2","early growth response 2 [Source:HGNC Symbol;Acc:HGNC:3239]","EGR2"
"ENSG00000159251",985340173011922,171678429231315,231638177114753,741149111816169,7484016.07693802,3159785605.93813,"ACTC1","actin alpha cardiac muscle 1 [Source:HGNC Symbol;Acc:HGNC:143]","ACTC1"
"ENSG00000174469",953972655938447,169912280787201,192198886106968,884044045357456,22023.2749912028,1778810.3457025,"CNTNAP2","contactin associated protein 2 [Source:HGNC Symbol;Acc:HGNC:13830]","CNTNAP2"
"ENSG00000196188",562355813435506,169808021787259,163618767796769,103782728640383,12.1797659867622,28282.9390920102,"CTSE","cathepsin E [Source:HGNC Symbol;Acc:HGNC:2530]","CTSE"
"ENSG00000166923",289483777774259,169380844693329,238022077985947,711618208388755,26442825.9077762,9631928958.60309,"GREM1","gremlin 1, DAN family BMP antagonist [Source:HGNC Symbol;Acc:HGNC:2001]","GREM1"
"ENSG00000153294",136962161505668,168893716860501,276631458180334,610536914244945,862079878.369765,197714295067594,"ADGRF4","adhesion G protein-coupled receptor F4 [Source:HGNC Symbol;Acc:HGNC:19011]","ADGRF4"
"ENSG00000108691",163968943294478,167716294644088,258912015182807,647773316065191,272629472.008624,767369348712759,"CCL2","C-C motif chemokine ligand 2 [Source:HGNC Symbol;Acc:HGNC:10618]","CCL2"
"ENSG00000189325",196127258893767,167273192056898,215961655595665,77455042468315,2813309.84631943,1412509649.05611,"BNIP5","BCL2 interacting protein 5 [Source:HGNC Symbol;Acc:HGNC:33769]","BNIP5"
"ENSG00000214357",444293373414176,166869697939271,301310664323455,553812784270182,5250571655.53697,870891693258127,"NEURL1B","neuralized E3 ubiquitin protein ligase 1B [Source:HGNC Symbol;Acc:HGNC:35422]","NEURL1B"
"ENSG00000268964",756112253041027,166195883732557,172288335259575,964638049825958,768.998095957556,89285.485178772,"ERVV-2","endogenous retrovirus group V member 2, envelope [Source:HGNC Symbol;Acc:HGNC:39051]","ERVV-2"
"ENSG00000129521",103157758118999,165759707140529,218803290787141,757574104777909,6096338.32887925,2831291928.38975,"EGLN3","egl-9 family hypoxia inducible factor 3 [Source:HGNC Symbol;Acc:HGNC:14661]","EGLN3"
"ENSG00000163121",480635730382004,165640641725571,293588784288303,564192675572078,4093408682.93557,731185125989366,"NEURL3","neuralized E3 ubiquitin protein ligase 3 [Source:HGNC Symbol;Acc:HGNC:25162]","NEURL3"
"ENSG00000105246",10885631161515,164183848714321,312621613769389,525183933173072,129869149991039,16191806707272,"EBI3","Epstein-Barr virus induced 3 [Source:HGNC Symbol;Acc:HGNC:3129]","EBI3"
"ENSG00000101198",506905751473109,161550918517026,148859058879461,108526091548008,3.34723851054773,1243.6329962089,"NKAIN4","sodium/potassium transporting ATPase interacting 4 [Source:HGNC Symbol;Acc:HGNC:16191]","NKAIN4"
"ENSG00000259207",25137959760637,161408336847401,202479731578964,797157994969258,1875437.65054604,967777923.172051,"ITGB3","integrin subunit beta 3 [Source:HGNC Symbol;Acc:HGNC:6156]","ITGB3"
"ENSG00000079385",758386282158865,157081474643778,252125234222192,62302956357532,1082514801.39814,239403303161587,"CEACAM1","CEA cell adhesion molecule 1 [Source:HGNC Symbol;Acc:HGNC:1814]","CEACAM1"
"ENSG00000106631",118150629980132,156474859670966,293009256940893,534027017796681,139617330018274,171766300645661,"MYL7","myosin light chain 7 [Source:HGNC Symbol;Acc:HGNC:21719]","MYL7"
"ENSG00000180914",245832010451397,154184778046746,238315756012603,646976853845081,616381174.232703,146801449663089,"OXTR","oxytocin receptor [Source:HGNC Symbol;Acc:HGNC:8529]","OXTR"
"ENSG00000008517",116912415837964,154084673937645,153966465998938,10007677511979,688.925503030219,853211.271319492,"IL32","interleukin 32 [Source:HGNC Symbol;Acc:HGNC:16830]","IL32"
"ENSG00000119681",187412988728285,153727289089248,231825067842528,66311762795933,383171049.753874,100255895651799,"LTBP2","latent transforming growth factor beta binding protein 2 [Source:HGNC Symbol;Acc:HGNC:6715]","LTBP2"
"ENSG00000213886",306679114164869,151621626974556,221893083325829,683309388025917,23275889.184802,686343164104868,"UBD","ubiquitin D [Source:HGNC Symbol;Acc:HGNC:18795]","UBD"
"ENSG00000160182",199956704526152,151552240335136,306866575120797,493870146253229,467599679295128,493556775128727,"TFF1","trefoil factor 1 [Source:HGNC Symbol;Acc:HGNC:11755]","TFF1"
"ENSG00000204516",184243777450455,147669412517965,222829066338352,662702648916269,584866675.147783,1429614240029,"MICB","MHC class I polypeptide-related sequence B [Source:HGNC Symbol;Acc:HGNC:7091]","MICB"
"ENSG00000204866",956178396716737,146676344632444,261492815251599,56091921489819,109040921587621,142651633826284,"IGFL2","IGF like family member 2 [Source:HGNC Symbol;Acc:HGNC:32929]","IGFL2"
"ENSG00000168481",155511819585755,146547360584963,237455404347711,617157402618518,2392213651.24094,472767585096839,"LGI3","leucine rich repeat LGI family member 3 [Source:HGNC Symbol;Acc:HGNC:18711]","LGI3"
"ENSG00000103187",338875370885571,143857502153316,184341563813438,780385601474588,17762119.3718465,6874310241.05819,"COTL1","coactosin like F-actin binding protein 1 [Source:HGNC Symbol;Acc:HGNC:18304]","COTL1"
"ENSG00000164171",292297027505363,143837227708418,156149210397588,92115244990467,93071.7172096928,66499741.9463255,"ITGA2","integrin subunit alpha 2 [Source:HGNC Symbol;Acc:HGNC:6137]","ITGA2"
"ENSG00000127824",38367664692189,142323015499596,185765052437878,766145265925034,33497048.8912854,119668207164117,"TUBA4A","tubulin alpha 4a [Source:HGNC Symbol;Acc:HGNC:12407]","TUBA4A"
"ENSG00000054356",584497492298366,141160830270741,230697657962033,611886707120243,3882685861.95846,71414510156042,"PTPRN","protein tyrosine phosphatase receptor type N [Source:HGNC Symbol;Acc:HGNC:9676]","PTPRN"
"ENSG00000187288",110375478418358,140694127128135,199669583333395,704634750968621,278337113.277256,771741575127101,"CIDEC","cell death inducing DFFA like effector c [Source:HGNC Symbol;Acc:HGNC:24229]","CIDEC"
"ENSG00000116701",147328875392893,139652552422278,199442457227049,700214760507562,347590172.535002,922454662168961,"NCF2","neutrophil cytosolic factor 2 [Source:HGNC Symbol;Acc:HGNC:7661]","NCF2"
"ENSG00000177181",75232135590464,138749331490702,256525998173722,540878244226691,270426651236838,309167581349,"RIMKLA","ribosomal modification protein rimK like family member A [Source:HGNC Symbol;Acc:HGNC:28725]","RIMKLA"
"ENSG00000060566",1864964169374,137784692943165,212623812934536,648020986179882,1824585437.03226,376614707374981,"CREB3L3","cAMP responsive element binding protein 3 like 3 [Source:HGNC Symbol;Acc:HGNC:18855]","CREB3L3"
"ENSG00000171992",93505736562794,137633597819655,153898681413493,894313041252531,619614.506086231,371308989.663352,"SYNPO","synaptopodin [Source:HGNC Symbol;Acc:HGNC:30672]","SYNPO"
"ENSG00000004799",60355577572304,135720288347955,234567316131672,578598461994465,128891876659961,161785431940006,"PDK4","pyruvate dehydrogenase kinase 4 [Source:HGNC Symbol;Acc:HGNC:8812]","PDK4"
"ENSG00000115008",581763326354505,135602770649496,237010986518058,572137066899911,152060739821462,185844234451533,"IL1A","interleukin 1 alpha [Source:HGNC Symbol;Acc:HGNC:5991]","IL1A"
"ENSG00000166920",129623768233302,135048435657145,216889120955109,622661178497271,4403875463.29239,77179994793946,"C15orf48","chromosome 15 open reading frame 48 [Source:HGNC Symbol;Acc:HGNC:29898]","C15orf48"
"ENSG00000152377",4761717641592,134976279852923,247280306479275,545843224536101,294711450636605,331248135979866,"SPOCK1","SPARC (osteonectin), cwcv and kazal like domains proteoglycan 1 [Source:HGNC Symbol;Acc:HGNC:11251]","SPOCK1"
"ENSG00000078401",120273428186511,133965888707504,123599245519701,108387302967922,547.612804295228,72664.307609946,"EDN1","endothelin 1 [Source:HGNC Symbol;Acc:HGNC:3176]","EDN1"
"ENSG00000147883",391363519944816,133747884490136,226722816550168,589918061733945,110444424136124,143477347355019,"CDKN2B","cyclin dependent kinase inhibitor 2B [Source:HGNC Symbol;Acc:HGNC:1788]","CDKN2B"
"ENSG00000116985",203296600503327,133192700603511,216692187753495,614663140302174,617151901.27641,95540257250099,"BMP8B","bone morphogenetic protein 8b [Source:HGNC Symbol;Acc:HGNC:1075]","BMP8B"
"ENSG00000106211",799915879101313,132750484383649,140912719881075,942075949535896,214682.766768922,142434348.509509,"HSPB1","heat shock protein family B (small) member 1 [Source:HGNC Symbol;Acc:HGNC:5246]","HSPB1"
"ENSG00000169991",713426328329269,132394029539493,180915048266257,731802195606449,262809177.188849,75110862840573,"IFFO2","intermediate filament family orphan 2 [Source:HGNC Symbol;Acc:HGNC:27006]","IFFO2"
"ENSG00000138623",800188354307381,130501344693221,13576209253591,961250244862742,15184.668692316,104476144.554501,"SEMA7A","semaphorin 7A (John Milton Hagen blood group) [Source:HGNC Symbol;Acc:HGNC:10741]","SEMA7A"
"ENSG00000134668",163593276509989,129310300755457,179616559449759,719924160398069,503804930.380075,129988669328759,"SPOCD1","SPOC domain containing 1 [Source:HGNC Symbol;Acc:HGNC:26338]","SPOCD1"
"ENSG00000140682",130690560260483,129301550481461,215324138704289,600497237604346,115301527397969,147721136170487,"TGFB1I1","transforming growth factor beta 1 induced transcript 1 [Source:HGNC Symbol;Acc:HGNC:11767]","TGFB1I1"
"ENSG00000025708",173444701437259,127704084462799,207848307623551,614410027788599,9256084107.11226,125969307364751,"TYMP","thymidine phosphorylase [Source:HGNC Symbol;Acc:HGNC:3148]","TYMP"
"ENSG00000131435",77253089498798,127227858112655,207040734812118,614506407292795,9570934999.07622,128840043099883,"PDLIM4","PDZ and LIM domain 4 [Source:HGNC Symbol;Acc:HGNC:16501]","PDLIM4"
"ENSG00000110090",17820515962972,126472691984767,134134374056833,942880547019071,594834.094606365,368341099.183415,"CPT1A","carnitine palmitoyltransferase 1A [Source:HGNC Symbol;Acc:HGNC:2328]","CPT1A"
"ENSG00000105711",149738752270747,125531728116494,192223095430075,653052266355574,4258286349.38661,753392242976716,"SCN1B","sodium voltage-gated channel beta subunit 1 [Source:HGNC Symbol;Acc:HGNC:10586]","SCN1B"
"ENSG00000071282",851705516978944,124982899867305,140147231825032,891797135339364,4390554.69771791,2146403542.61857,"LMCD1","LIM and cysteine rich domains 1 [Source:HGNC Symbol;Acc:HGNC:6633]","LMCD1"
"ENSG00000154127",154118711010479,121983881373677,172158343253126,708556315474779,1449489976.09369,302552531302163,"UBASH3B","ubiquitin associated and SH3 domain containing B [Source:HGNC Symbol;Acc:HGNC:29884]","UBASH3B"
"ENSG00000174640",119684402700436,118995075121116,130762575471493,91000865264433,6588664.64033635,2985307878.62264,"SLCO2A1","solute carrier organic anion transporter family member 2A1 [Source:HGNC Symbol;Acc:HGNC:10955]","SLCO2A1"
"ENSG00000163874",969722715745455,118247293856718,728983902983158,162208374386355,3.91297980487595e-07,0.00363457129175903,"ZC3H12A","zinc finger CCCH-type containing 12A [Source:HGNC Symbol;Acc:HGNC:26259]","ZC3H12A"
"ENSG00000132334",209506571010987,117966909058804,159503733328683,73958713440089,1016895262.57248,227600762563962,"PTPRE","protein tyrosine phosphatase receptor type E [Source:HGNC Symbol;Acc:HGNC:9669]","PTPRE"
"ENSG00000134198",212289746680448,117612548301845,198130438731194,593611708806699,321817685694317,35798845192475,"TSPAN2","tetraspanin 2 [Source:HGNC Symbol;Acc:HGNC:20659]","TSPAN2"
"ENSG00000108551",137406164138496,115286605243403,165175324831341,697965058407607,3865911057.25427,71414510156042,"RASD1","ras related dexamethasone induced 1 [Source:HGNC Symbol;Acc:HGNC:15828]","RASD1"
"ENSG00000160326",540396722682595,113453833588321,135410959100578,837848238738578,139285163.286149,417338786833354,"SLC2A6","solute carrier family 2 member 6 [Source:HGNC Symbol;Acc:HGNC:11011]","SLC2A6"
"ENSG00000166741",339691286617497,111222971211075,178219479485152,624078644671059,295996073492263,331248135979866,"NNMT","nicotinamide N-methyltransferase [Source:HGNC Symbol;Acc:HGNC:7861]","NNMT"
"ENSG00000114378",177487787207091,107162847341592,167723411046718,638925995320606,327010860676663,361600045166093,"HYAL1","hyaluronidase 1 [Source:HGNC Symbol;Acc:HGNC:5320]","HYAL1"
"ENSG00000114268",193952409145832,106893018425578,15286162327023,699279623876633,9887873627.67383,132148941281508,"PFKFB4","6-phosphofructo-2-kinase/fructose-2,6-biphosphatase 4 [Source:HGNC Symbol;Acc:HGNC:8875]","PFKFB4"
"ENSG00000138448",198996279906192,103554432783989,954753820828517,108461920261421,1016085.49642392,571994553.547489,"ITGAV","integrin subunit alpha V [Source:HGNC Symbol;Acc:HGNC:6150]","ITGAV"
"ENSG00000099860",204168954953527,100262291723706,13232116530334,757719231793793,7278506038.81086,10481612921162,"GADD45B","growth arrest and DNA damage inducible beta [Source:HGNC Symbol;Acc:HGNC:4096]","GADD45B"
"ENSG00000145623",274729205972518,98756107857744,130448212408828,757052212783417,9289871943.24751,125969307364751,"OSMR","oncostatin M receptor [Source:HGNC Symbol;Acc:HGNC:8507]","OSMR"
"ENSG00000125148",883417840904059,89193889033681,109708995783813,813004333841882,176773180352483,207842745025828,"MT2A","metallothionein 2A [Source:HGNC Symbol;Acc:HGNC:7406]","MT2A"
"ENSG00000171223",133133772408418,78437587555532,755602918760152,103807946750971,8375494260.23454,11698613298675,"JUNB","JunB proto-oncogene, AP-1 transcription factor subunit [Source:HGNC Symbol;Acc:HGNC:6205]","JUNB"
"ENSG00000197632",176630988005475,33202578762028,722871828445905,459314880667156,4786939778.05048,823397965341145,"SERPINB2","serpin family B member 2 [Source:HGNC Symbol;Acc:HGNC:8584]","SERPINB2"
"ENSG00000120937",493578383607478,20616792777822,221861483637458,92926417149142,96.8237889056404,149891.293875007,"NPPB","natriuretic peptide B [Source:HGNC Symbol;Acc:HGNC:7940]","NPPB"
"ENSG00000165188",851019408367721,18304862671608,353092754788612,518415130963722,8224979692.76137,115754127085173,"RNF183","ring finger protein 183 [Source:HGNC Symbol;Acc:HGNC:28721]","RNF183"
"ENSG00000102760",145308330921931,16002287386442,270321780247574,591971811216483,2349944330.79962,469407697131877,"RGCC","regulator of cell cycle [Source:HGNC Symbol;Acc:HGNC:20369]","RGCC"
"ENSG00000175084",681680251020434,12826049591307,221178440602298,579896013209064,201324109822077,235219999255643,"DES","desmin [Source:HGNC Symbol;Acc:HGNC:2770]","DES"
"ENSG00000188483",402147409735671,12141931141071,139340390710757,871386328051514,14835230.6855226,6124312898.77675,"IER5L","immediate early response 5 like [Source:HGNC Symbol;Acc:HGNC:23679]","IER5L"
"ENSG00000176170",258682027504076,11790089685425,119664778798196,985259806923465,696450.591546462,404311332.473707,"SPHK1","sphingosine kinase 1 [Source:HGNC Symbol;Acc:HGNC:11240]","SPHK1"
"ENSG00000137331",296906638997686,11644196925846,927830978489756,125499117789745,40.0455486125458,74392.6156575263,"IER3","immediate early response 3 [Source:HGNC Symbol;Acc:HGNC:5392]","IER3"
"ENSG00000158352",546674539823347,10764077820043,148592247683997,724403728176611,5241661381.04464,870891693258127,"SHROOM4","shroom family member 4 [Source:HGNC Symbol;Acc:HGNC:29215]","SHROOM4"
"ENSG00000134107",287305620283954,10732536718058,126947178258454,845433263290613,315559721.328914,862081315165769,"BHLHE40","basic helix-loop-helix family member e40 [Source:HGNC Symbol;Acc:HGNC:1046]","BHLHE40"
"ENSG00000081041",3400476411294,164087198181,260795846009925,629178726162513,608335812.329737,14676694007337,"CXCL2","C-X-C motif chemokine ligand 2 [Source:HGNC Symbol;Acc:HGNC:4603]","CXCL2"
"ENSG00000274012",114616135541083,-13198099582195,209442382440401,-630154194600546,4534271908.39491,787225880768713,"RN7SL2","RNA component of signal recognition particle 7SL2 [Source:HGNC Symbol;Acc:HGNC:23134]","RN7SL2"
"ENSG00000224511",496848375517417,-20223889094964,406395960641037,-497640012540072,8981246374.22261,123588602884395,"LINC00365","long intergenic non-protein coding RNA 365 [Source:HGNC Symbol;Acc:HGNC:42687]","LINC00365"
"ENSG00000167747",115851423945073,-27191947737577,420710794269271,-646333493410988,13476.2636286047,11379479.5194813,"C19orf48P","chromosome 19 open reading frame 48, pseudogene [Source:HGNC Symbol;Acc:HGNC:29667]","C19orf48P"
"ENSG00000180777",405327586796373,-27398283096358,576120637819567,-475565034435353,5059270019.59584,854418719582108,"ANKRD30B","ankyrin repeat domain 30B [Source:HGNC Symbol;Acc:HGNC:24165]","ANKRD30B"
"ENSG00000091138",619592221199628,-30467516005293,514656039975616,-591997638009582,37402959.8862975,128673108482916,"SLC26A3","solute carrier family 26 member 3 [Source:HGNC Symbol;Acc:HGNC:3018]","SLC26A3"
"ENSG00000116761",246208126950901,-107743301501487,145703430629143,-739469901540786,3699590946.61515,70129898995173,"CTH","cystathionine gamma-lyase [Source:HGNC Symbol;Acc:HGNC:2501]","CTH"
"ENSG00000076382",113023173897392,-116308745417555,167430559425334,-694668558814816,374164035.68805,702105584947162,"SPAG5","sperm associated antigen 5 [Source:HGNC Symbol;Acc:HGNC:13452]","SPAG5"
"ENSG00000137571",861710329506437,-134678925562778,208885851518866,-64474891230541,2519213285.06809,492625528386419,"SLCO5A1","solute carrier organic anion transporter family member 5A1 [Source:HGNC Symbol;Acc:HGNC:19046]","SLCO5A1"
"ENSG00000186567",19216566554241,-136208384782149,227825557371768,-597862620653582,7717488832.51478,110282915416636,"CEACAM19","CEA cell adhesion molecule 19 [Source:HGNC Symbol;Acc:HGNC:31951]","CEACAM19"
"ENSG00000280623",39466537205893,-141532383913799,207848703367632,-680939460389434,531858384.909741,132818387851022,"PCAT14","prostate cancer associated transcript 14 [Source:HGNC Symbol;Acc:HGNC:48977]","PCAT14"
"ENSG00000234224",944941605148346,-144445124316592,239637997384169,-602763860044403,405445714.57122,731185125989366,"TMEM229A","transmembrane protein 229A [Source:HGNC Symbol;Acc:HGNC:37279]","TMEM229A"
"ENSG00000166840",181297650885853,-148688153771424,262566567281674,-566287457351398,8543488457.52232,118442078414472,"GLYATL1","glycine-N-acyltransferase like 1 [Source:HGNC Symbol;Acc:HGNC:30519]","GLYATL1"
"ENSG00000068976",125853692093843,-158079999912578,312990307940185,-505063562360494,277048565312086,313825073036745,"PYGM","glycogen phosphorylase, muscle associated [Source:HGNC Symbol;Acc:HGNC:9726]","PYGM"
"ENSG00000132855",142398710490866,-162026152619019,320631604510893,-505334316204361,237990858313778,274605973595966,"ANGPTL3","angiopoietin like 3 [Source:HGNC Symbol;Acc:HGNC:491]","ANGPTL3"
"ENSG00000183281",121771800683075,-165347302204225,301948172301797,-547601599783691,6669806542.52351,988421033973796,"PLGLB1","plasminogen like B1 [Source:HGNC Symbol;Acc:HGNC:9072]","PLGLB1"
"ENSG00000175329",477048838985494,-168410645683089,234309833219758,-718751933578209,2167878.9067813,8054537290.25525,"ISX","intestine specific homeobox [Source:HGNC Symbol;Acc:HGNC:28084]","ISX"
"ENSG00000153086",883764240378001,-180513735109638,358833847242748,-503056599862837,137828579437171,170696101346955,"ACMSD","aminocarboxymuconate semialdehyde decarboxylase [Source:HGNC Symbol;Acc:HGNC:19288]","ACMSD"
"ENSG00000087589",421423040581787,-181564948664896,396119185025017,-458359391639739,447922048896287,48098542788129,"CASS4","Cas scaffold protein family member 4 [Source:HGNC Symbol;Acc:HGNC:15878]","CASS4"
"ENSG00000144488",611604819631465,-183352511467125,277523043386261,-66067490911712,77338288.1131511,256555960406787,"ESPNL","espin like [Source:HGNC Symbol;Acc:HGNC:27937]","ESPNL"
"ENSG00000188869",229801498414764,-185083216995441,219056765204406,-844909842536641,34890.2813805884,27006531.5502996,"TMC3","transmembrane channel like 3 [Source:HGNC Symbol;Acc:HGNC:22995]","TMC3"
"ENSG00000109758",223018455079468,-188194538797327,414204660620894,-454351572276427,424385175294583,458360662874853,"HGFAC","HGF activator [Source:HGNC Symbol;Acc:HGNC:4894]","HGFAC"
"ENSG00000188338",199158893231775,-195518248305302,397714985883139,-491603925537651,126671380767876,160079880307812,"SLC38A3","solute carrier family 38 member 3 [Source:HGNC Symbol;Acc:HGNC:18044]","SLC38A3"
"ENSG00000140093",477303858028709,-210210414598145,483156950542123,-43507687173346,456765067407922,484875694699255,"SERPINA10","serpin family A member 10 [Source:HGNC Symbol;Acc:HGNC:15996]","SERPINA10"
"ENSG00000164175",489073189256973,-210546406206496,412478887222119,-510441655873449,4966296347.17091,846411809554073,"SLC45A2","solute carrier family 45 member 2 [Source:HGNC Symbol;Acc:HGNC:16472]","SLC45A2"
"ENSG00000171243",689262167918208,-213858582468147,49368529595653,-433188073899972,451602217966481,482150253055363,"SOSTDC1","sclerostin domain containing 1 [Source:HGNC Symbol;Acc:HGNC:21748]","SOSTDC1"
"ENSG00000136546",509396274317665,-234409766529212,26604417579102,-881093396734768,208.131792068685,297420.330866151,"SCN7A","sodium voltage-gated channel alpha subunit 7 [Source:HGNC Symbol;Acc:HGNC:10594]","SCN7A"
"ENSG00000214691",320797468360079,-236578761505436,436248384044773,-542302894768213,94760215.624525,214678112884976,"LINC01913","long intergenic non-protein coding RNA 1913 [Source:HGNC Symbol;Acc:HGNC:52732]","LINC01913"
"ENSG00000237674",185995553027684,-253473539286081,548949380380478,-461743010093932,105046616402932,139389356636948,"GSTA7P","glutathione S-transferase alpha 7, pseudogene [Source:HGNC Symbol;Acc:HGNC:4631]","GSTA7P"
"ENSG00000258647",246904605601533,-253585115645146,354436152031951,-715460638513778,462560.998339319,296310195.384466,"LINC00930","long intergenic non-protein coding RNA 930 [Source:HGNC Symbol;Acc:HGNC:48620]","LINC00930"
"ENSG00000147647",560635670541087,-256242689744723,427809291654617,-598964760100618,71455127.7386245,24134943781826,"DPYS","dihydropyrimidinase [Source:HGNC Symbol;Acc:HGNC:3013]","DPYS"
"ENSG00000188175",301475482125955,-279092834158855,320918830481407,-869667989691322,47.1247811957554,79585.1872975953,"HEPACAM2","HEPACAM family member 2 [Source:HGNC Symbol;Acc:HGNC:27364]","HEPACAM2"
"ENSG00000235033",257578999178165,-308051852829605,76497568921681,-402694957724724,372749429584651,406680443627254,"DAAM2-AS1","DAAM2 antisense RNA 1 [Source:HGNC Symbol;Acc:HGNC:40830]","DAAM2-AS1"
"ENSG00000179564",190055241603697,-338993530440364,806282425989482,-420440182637425,169711682916609,200811078569545,"LSMEM2","leucine rich single-pass membrane protein 2 [Source:HGNC Symbol;Acc:HGNC:26781]","LSMEM2"
"ENSG00000178965",297883221013021,-358165442267529,699769013473747,-51183381283139,532086694.978694,132818387851022,"ERICH3","glutamate rich 3 [Source:HGNC Symbol;Acc:HGNC:25346]","ERICH3"
"ENSG00000239521",293025422044573,-447952074191528,102745007336888,-435984273885688,543359065.47094,891243974028129,"CASTOR3P","CASTOR family member 3, pseudogene [Source:HGNC Symbol;Acc:HGNC:29954]","CASTOR3P"
"ENSG00000132326",803785041292695,-869844889039266,96167178357048,-90451326939189,6006673980.79073,937697332278567,"PER2","period circadian regulator 2 [Source:HGNC Symbol;Acc:HGNC:8846]","PER2"
"ENSG00000112964",267626130607109,-906379051592207,901340855560058,-100558966788321,326275287.725074,878437104357784,"GHR","growth hormone receptor [Source:HGNC Symbol;Acc:HGNC:4263]","GHR"
