"Column1","baseMean","log2FoldChange","lfcSE","stat","pvalue","padj","Spalte1","Spalte2","Spalte3","external_gene_name"
"ENSG00000198585",219050946159032,-997405066278749,129500246331666,-77019549733077,6127742808.21332,118024237811385,"NUDT16","NUDT16","nudix hydrolase 16 [Source:HGNC Symbol;Acc:HGNC:26442]","NUDT16"
"ENSG00000100239",438982958401665,-927747209819919,117571800824686,-789089903626895,137286498978646,223925411171926,"PPP6R2","PPP6R2","protein phosphatase 6 regulatory subunit 2 [Source:HGNC Symbol;Acc:HGNC:19253]","PPP6R2"
"ENSG00000185361",121156731428083,-882702040896761,105484402974965,-836808111912297,142788375472443,230819958743624,"TNFAIP8L1","TNFAIP8L1","TNF alpha induced protein 8 like 1 [Source:HGNC Symbol;Acc:HGNC:28279]","TNFAIP8L1"
"ENSG00000255717",35512910047907,-799316015949224,856973209735592,-932719957717048,239071418195812,31817424210836,"SNHG1","SNHG1","small nucleolar RNA host gene 1 [Source:HGNC Symbol;Acc:HGNC:32688]","SNHG1"
"ENSG00000214822",206577633066374,-507681242435447,132974439464573,-381788593717443,30255988506465,373349577274869,"KRT16P3","KRT16P3","keratin 16 pseudogene 3 [Source:HGNC Symbol;Acc:HGNC:37808]","KRT16P3"
"ENSG00000107317",131073006911693,-478750786061862,947886235687008,-505071988638882,3057294.052097,123005130696036,"PTGDS","PTGDS","prostaglandin D2 synthase [Source:HGNC Symbol;Acc:HGNC:9592]","PTGDS"
"ENSG00000133661",112911823570072,-463629795298546,11010189580252,-421091564245284,8759588956.04459,155482703969791,"SFTPD","SFTPD","surfactant protein D [Source:HGNC Symbol;Acc:HGNC:10803]","SFTPD"
"ENSG00000198759",657207958957642,-461994982422206,887957070013858,-520289773034856,174772885.622267,855206241673282,"EGFL6","EGFL6","EGF like domain multiple 6 [Source:HGNC Symbol;Acc:HGNC:3235]","EGFL6"
"ENSG00000204291",238398329321572,-446601183949632,110156969633937,-405422539702873,162178397563545,253124128266206,"COL15A1","COL15A1","collagen type XV alpha 1 chain [Source:HGNC Symbol;Acc:HGNC:2192]","COL15A1"
"ENSG00000162998",428591003991459,-409123348531101,899067807969975,-455052827945057,3259354720.94722,737632715284369,"FRZB","FRZB","frizzled related protein [Source:HGNC Symbol;Acc:HGNC:3959]","FRZB"
"ENSG00000094963",11519945984706,-378908536369327,719794808616277,-5264118771539,24459923.152884,108011441142186,"FMO2","FMO2","flavin containing dimethylaniline monoxygenase 2 [Source:HGNC Symbol;Acc:HGNC:3770]","FMO2"
"ENSG00000148942",769690447416245,-359993399103417,778640442572537,-462335860585459,3435203950.99315,76783169793495,"SLC5A12","SLC5A12","solute carrier family 5 member 12 [Source:HGNC Symbol;Acc:HGNC:28750]","SLC5A12"
"ENSG00000130812",403038279980344,-338197232726559,742202135468536,-455667285992194,5167197118.60715,102804509705915,"ANGPTL6","ANGPTL6","angiopoietin like 6 [Source:HGNC Symbol;Acc:HGNC:23140]","ANGPTL6"
"ENSG00000007216",711069283358741,-295968470662929,65623110065438,-451012563055599,8912193850.81891,156655601620462,"SLC13A2","SLC13A2","solute carrier family 13 member 2 [Source:HGNC Symbol;Acc:HGNC:10917]","SLC13A2"
"ENSG00000165124",200596615409943,-274973956207575,574773353475553,-478404147556348,4537258012.31188,93402212388082,"SVEP1","SVEP1","sushi, von Willebrand factor type A, EGF and pentraxin domain containing 1 [Source:HGNC Symbol;Acc:HGNC:15985]","SVEP1"
"ENSG00000145692",341044376747158,-251305969269969,241116895322355,-10422578182835,0.00344522175946562,62.3757399551251,"BHMT","BHMT","betaine--homocysteine S-methyltransferase [Source:HGNC Symbol;Acc:HGNC:1047]","BHMT"
"ENSG00000104415",961530812107013,-251282860236357,587536503024446,-427688933271099,306553853955178,375010643639088,"WISP1","CCN4","cellular communication network factor 4 [Source:HGNC Symbol;Acc:HGNC:12769]","CCN4"
"ENSG00000105697",13806238478723,-241215080128813,573526507574441,-420582269421095,428188363007859,48756920202876,"HAMP","HAMP","hepcidin antimicrobial peptide [Source:HGNC Symbol;Acc:HGNC:15598]","HAMP"
"ENSG00000291196",167666872086462,-229461434517347,42156157414866,-54431297487382,1035649877.02241,312507350391512,NA,"KRT16P3","keratin 16 pseudogene 3 [Source:HGNC Symbol;Acc:HGNC:37808]","KRT16P3"
"ENSG00000159374",125282507514481,-227921694656149,526196875428958,-43314908411485,360813954213866,426963179153074,"M1AP","M1AP","meiosis 1 associated protein [Source:HGNC Symbol;Acc:HGNC:25183]","M1AP"
"ENSG00000198099",304720879557395,-220687049929638,49743458202859,-443650397263601,300322659559025,373349577274869,"ADH4","ADH4","alcohol dehydrogenase 4 (class II), pi polypeptide [Source:HGNC Symbol;Acc:HGNC:252]","ADH4"
"ENSG00000135423",869103801192933,-219222968356396,312303012958672,-701955982683416,3004206.46609743,3399447379.29338,"GLS2","GLS2","glutaminase 2 [Source:HGNC Symbol;Acc:HGNC:29570]","GLS2"
"ENSG00000147647",156281351679382,-218066782140994,38348358890585,-568646973298595,58626791.104222,207403229670923,"DPYS","DPYS","dihydropyrimidinase [Source:HGNC Symbol;Acc:HGNC:3013]","DPYS"
"ENSG00000164089",53658152052106,-217753824224769,434215698874657,-501487681788371,5591582672.95989,108855488488106,"ETNPPL","ETNPPL","ethanolamine-phosphate phospho-lyase [Source:HGNC Symbol;Acc:HGNC:14404]","ETNPPL"
"ENSG00000172794",179292472474088,-216634439941572,383789022295885,-564462314856302,706523629.919923,232574733085458,"RAB37","RAB37","RAB37, member RAS oncogene family [Source:HGNC Symbol;Acc:HGNC:30268]","RAB37"
"ENSG00000204577",192235482429179,-208834518740363,445872771041804,-46837244232791,183793376405479,270534884538308,"LILRB3","LILRB3","leukocyte immunoglobulin like receptor B3 [Source:HGNC Symbol;Acc:HGNC:6607]","LILRB3"
"ENSG00000148965",85271397462588,-207403067575455,270429218835018,-766940305004493,293376.043131387,590174806.765974,"SAA4","SAA4","serum amyloid A4, constitutive [Source:HGNC Symbol;Acc:HGNC:10516]","SAA4"
"ENSG00000180044",192749247503447,-206947252742774,399912510131533,-517481317788004,434479281.50026,915481308075637,"C3orf80","C3orf80","chromosome 3 open reading frame 80 [Source:HGNC Symbol;Acc:HGNC:40048]","C3orf80"
"ENSG00000227543",154322029137527,-206659036461656,44290955117787,-466594219772566,202319900167781,283953627328502,"SPAG5-AS1","SPAG5-AS1","SPAG5 antisense RNA 1 [Source:HGNC Symbol;Acc:HGNC:41140]","SPAG5-AS1"
"ENSG00000171759",839778220534873,-206203281308466,217859409556714,-946497017172841,37.5229721885675,339676.705737008,"PAH","PAH","phenylalanine hydroxylase [Source:HGNC Symbol;Acc:HGNC:8582]","PAH"
"ENSG00000243694",671982426976033,-202374684466577,445877985078403,-453879068353176,316110234533343,384105758135985,"LINC02027","LINC02027","long intergenic non-protein coding RNA 2027 [Source:HGNC Symbol;Acc:HGNC:52862]","LINC02027"
"ENSG00000236039",514622392783027,-202300491246127,362735992886302,-557707244975652,134249884.19677,392031315061696,"AC019117.1","LINC02889","long intergenic non-protein coding RNA 2889 [Source:HGNC Symbol;Acc:HGNC:55071]","LINC02889"
"ENSG00000076382",41830940171901,-183623997487923,212262217214871,-86508093572792,15346.9880101562,55571443.5847755,"SPAG5","SPAG5","sperm associated antigen 5 [Source:HGNC Symbol;Acc:HGNC:13452]","SPAG5"
"ENSG00000119630",483454534116161,-182956671521079,351677965862393,-520239222472833,7821383649.77074,143036516140504,"PGF","PGF","placental growth factor [Source:HGNC Symbol;Acc:HGNC:8893]","PGF"
"ENSG00000151224",419819344029513,-176176635357126,358073151183491,-492012972139445,212729234236902,296266368143009,"MAT1A","MAT1A","methionine adenosyltransferase 1A [Source:HGNC Symbol;Acc:HGNC:6903]","MAT1A"
"ENSG00000140093",839874269339364,-171373496202597,343117566069937,-499459990246219,202063970025176,283953627328502,"SERPINA10","SERPINA10","serpin family A member 10 [Source:HGNC Symbol;Acc:HGNC:15996]","SERPINA10"
"ENSG00000144908",3857808273297,-157474776533677,31864099478111,-494207522299049,371889778581926,434391254272631,"ALDH1L1","ALDH1L1","aldehyde dehydrogenase 1 family member L1 [Source:HGNC Symbol;Acc:HGNC:3978]","ALDH1L1"
"ENSG00000143845",683793739763191,-150712033459893,212791951908119,-708260026323591,110674181.380231,572501729682593,"ETNK2","ETNK2","ethanolamine kinase 2 [Source:HGNC Symbol;Acc:HGNC:25575]","ETNK2"
"ENSG00000163884",663658191192043,-149369542992829,278167782729453,-536976430293895,176937970658498,266955163231008,"KLF15","KLF15","KLF transcription factor 15 [Source:HGNC Symbol;Acc:HGNC:14536]","KLF15"
"ENSG00000123685",109807878709344,-144155620232854,226925306247065,-635255814421617,1668269263.29096,444176691351217,"BATF3","BATF3","basic leucine zipper ATF-like transcription factor 3 [Source:HGNC Symbol;Acc:HGNC:28915]","BATF3"
"ENSG00000119986",936616700208438,-142601193636427,228161397411859,-625001403629268,2468570790.35935,583198805832394,"AVPI1","AVPI1","arginine vasopressin induced 1 [Source:HGNC Symbol;Acc:HGNC:30898]","AVPI1"
"ENSG00000186198",204711889750632,-142505844368582,237018401725711,-601243799346419,4752405010.76583,966767333931632,"SLC51B","SLC51B","solute carrier family 51 subunit beta [Source:HGNC Symbol;Acc:HGNC:29956]","SLC51B"
"ENSG00000244062",295844032806784,-139992293492409,187692179551349,-745861089295462,81469529.0288382,47580833002165,"AC080128.1","ACSL3P1","ACSL3 pseudogene 1 [Source:HGNC Symbol;Acc:HGNC:56529]","ACSL3P1"
"ENSG00000171560",432174149295451,-138847359380042,213726310725813,-649650288298698,1611830352.54684,436285800402244,"FGA","FGA","fibrinogen alpha chain [Source:HGNC Symbol;Acc:HGNC:3661]","FGA"
"ENSG00000113905",573537202472726,-135215767051733,246738133733647,-548013251967359,276483629663697,352516627821213,"HRG","HRG","histidine rich glycoprotein [Source:HGNC Symbol;Acc:HGNC:5181]","HRG"
"ENSG00000109107",90946110122358,-134250859301993,177824611852498,-754962195072026,107992038.233335,572501729682593,"ALDOC","ALDOC","aldolase, fructose-bisphosphate C [Source:HGNC Symbol;Acc:HGNC:418]","ALDOC"
"ENSG00000095303",551393694388508,-131034034110444,225555176744604,-580940043148791,163667352222633,253264736067587,"PTGS1","PTGS1","prostaglandin-endoperoxide synthase 1 [Source:HGNC Symbol;Acc:HGNC:9604]","PTGS1"
"ENSG00000188883",368403431985893,-127629280304838,233199423525944,-547296723015434,435980454375491,493339132904266,"KLRG2","KLRG2","killer cell lectin like receptor G2 [Source:HGNC Symbol;Acc:HGNC:24778]","KLRG2"
"ENSG00000105516",101271690689175,-126639570960676,225584603065949,-561383929751859,340177108909177,410593770453377,"DBP","DBP","D-box binding PAR bZIP transcription factor [Source:HGNC Symbol;Acc:HGNC:2697]","DBP"
"ENSG00000100024",393099836816562,-126451801233608,174728742697203,-72370349194776,60589304.560605,207403229670923,"UPB1","UPB1","beta-ureidopropionase 1 [Source:HGNC Symbol;Acc:HGNC:16297]","UPB1"
"ENSG00000144891",157219086810681,-126231215490644,218375633555437,-5780462473557,240761508803343,31817424210836,"AGTR1","AGTR1","angiotensin II receptor type 1 [Source:HGNC Symbol;Acc:HGNC:336]","AGTR1"
"ENSG00000100033",107886288480638,-124525655997523,150663047630349,-826517569875829,377775.5286121,275202832006927,"PRODH","PRODH","proline dehydrogenase 1 [Source:HGNC Symbol;Acc:HGNC:9453]","PRODH"
"ENSG00000179593",500644803410952,-124239657907945,177721493810975,-699069399225769,1474927966.98684,410824166804566,"ALOX15B","ALOX15B","arachidonate 15-lipoxygenase type B [Source:HGNC Symbol;Acc:HGNC:434]","ALOX15B"
"ENSG00000163050",441595760416224,-121538741373113,201963298856392,-601786275334775,198428257501732,2828774489818,"COQ8A","COQ8A","coenzyme Q8A [Source:HGNC Symbol;Acc:HGNC:16812]","COQ8A"
"ENSG00000154839",35233217769139,-120765916558413,183135369323317,-659435241835818,557425565.34782,108855488488106,"SKA1","SKA1","spindle and kinetochore associated complex subunit 1 [Source:HGNC Symbol;Acc:HGNC:28109]","SKA1"
"ENSG00000160972",152659327206647,-120233850004758,142304936061027,-844902877811604,39983653.9316699,27842463632034,"PPP1R16A","PPP1R16A","protein phosphatase 1 regulatory subunit 16A [Source:HGNC Symbol;Acc:HGNC:14941]","PPP1R16A"
"ENSG00000171557",130690680024666,-120196350926266,17039240763371,-705409076586619,189693114.76391,476999144833416,"FGG","FGG","fibrinogen gamma chain [Source:HGNC Symbol;Acc:HGNC:3694]","FGG"
"ENSG00000171612",248000325326386,-119809002715097,187528568927381,-638884002583585,9859885105.20678,170012590314066,"SLC25A33","SLC25A33","solute carrier family 25 member 33 [Source:HGNC Symbol;Acc:HGNC:29681]","SLC25A33"
"ENSG00000003989",199452055696368,-116948718358658,201289143604796,-58099863839786,440513631949166,495372627729171,"SLC7A2","SLC7A2","solute carrier family 7 member 2 [Source:HGNC Symbol;Acc:HGNC:11060]","SLC7A2"
"ENSG00000086696",803762458950662,-112636157107586,164973714723471,-682752142039032,7330701770.70663,13543097505984,"HSD17B2","HSD17B2","hydroxysteroid 17-beta dehydrogenase 2 [Source:HGNC Symbol;Acc:HGNC:5211]","HSD17B2"
"ENSG00000184232",329478077070693,-111247309025219,151783768536297,-732932843201976,2728155646.53094,633246897185163,"OAF","OAF","out at first homolog [Source:HGNC Symbol;Acc:HGNC:28752]","OAF"
"ENSG00000173210",266027343752427,-110832201619249,166366185883124,-666194281193122,127829048589237,210394993155285,"ABLIM3","ABLIM3","actin binding LIM protein family member 3 [Source:HGNC Symbol;Acc:HGNC:29132]","ABLIM3"
"ENSG00000115758",909996071606246,-108494349925824,16876226379379,-642882759965773,26405310582606,341477248641487,"ODC1","ODC1","ornithine decarboxylase 1 [Source:HGNC Symbol;Acc:HGNC:8109]","ODC1"
"ENSG00000021826",121992969221404,-105064000604572,160464807646904,-654747929750187,30009196008484,373349577274869,"CPS1","CPS1","carbamoyl-phosphate synthase 1 [Source:HGNC Symbol;Acc:HGNC:2323]","CPS1"
"ENSG00000104267",167953721484034,-104014473291288,14130358563106,-73610639692376,6603041036.92341,124508042652955,"CA2","CA2","carbonic anhydrase 2 [Source:HGNC Symbol;Acc:HGNC:1373]","CA2"
"ENSG00000138111",102223767231085,-100265971316915,129003967184241,-777231689113227,4880303090.07741,981754304953906,"MFSD13A","MFSD13A","major facilitator superfamily domain containing 13A [Source:HGNC Symbol;Acc:HGNC:26196]","MFSD13A"
"ENSG00000105552",209816100932593,-91391053189269,115530067089614,-791058600514613,170025123142491,258681080209648,"BCAT2","BCAT2","branched chain amino acid transaminase 2 [Source:HGNC Symbol;Acc:HGNC:977]","BCAT2"
"ENSG00000164107",456794537343656,-61281219672764,122993474915694,-498247729928512,240572477.622282,108011441142186,"HAND2","HAND2","heart and neural crest derivatives expressed 2 [Source:HGNC Symbol;Acc:HGNC:4808]","HAND2"
"ENSG00000186301",370148579747535,-13953572149617,249419091824874,-55944282562837,165484823840938,253907011494931,"MST1P2","MST1P2","macrophage stimulating 1 pseudogene 2 [Source:HGNC Symbol;Acc:HGNC:7383]","MST1P2"
"ENSG00000132329",638000725143232,-10983008838022,114889494747615,-955962846050377,9563882.98839068,8657705075.24067,"RAMP1","RAMP1","receptor activity modifying protein 1 [Source:HGNC Symbol;Acc:HGNC:9843]","RAMP1"
"ENSG00000152463",828560572198404,2191243851733,386930251590766,566314947648641,618601182.117087,207403229670923,"OLAH","OLAH","oleoyl-ACP hydrolase [Source:HGNC Symbol;Acc:HGNC:25625]","OLAH"
"ENSG00000116985",348505372939861,10194233770836,111623992760256,913265465492797,163307717.816109,821301730850183,"BMP8B","BMP8B","bone morphogenetic protein 8b [Source:HGNC Symbol;Acc:HGNC:1075]","BMP8B"
"ENSG00000165626",171357686865538,10979168457889,156519862493096,70145528388599,6670687731.19945,124508042652955,"BEND7","BEND7","BEN domain containing 7 [Source:HGNC Symbol;Acc:HGNC:23514]","BEND7"
"ENSG00000124145",120914835676111,11090722500127,102426229343446,108280101407801,137011.737625092,354371072.814613,"SDC4","SDC4","syndecan 4 [Source:HGNC Symbol;Acc:HGNC:10661]","SDC4"
"ENSG00000138623",117363541063387,12583545518735,184373844555984,682501661178629,1951608079.51288,484025538076449,"SEMA7A","SEMA7A","semaphorin 7A (John Milton Hagen blood group) [Source:HGNC Symbol;Acc:HGNC:10741]","SEMA7A"
"ENSG00000136603",415401992072748,13779460596942,203596544362109,676802282676978,808243733.310309,261308085563985,"SKIL","SKIL","SKI like proto-oncogene [Source:HGNC Symbol;Acc:HGNC:10897]","SKIL"
"ENSG00000178033",815890714552226,18588057920109,380976113646528,487906124669933,18079206046107,269745644239577,"CALHM5","CALHM5","calcium homeostasis modulator family member 5 [Source:HGNC Symbol;Acc:HGNC:21568]","CALHM5"
"ENSG00000276070",210635500930358,33546011837961,68266948966521,491394625742135,1448606049.86678,409797070825594,"CCL4L2","CCL4L2","C-C motif chemokine ligand 4 like 2 [Source:HGNC Symbol;Acc:HGNC:24066]","CCL4L2"
"ENSG00000177459",531413400924284,103067927508203,120386693702415,856140527980426,521353200.699867,193000495271027,"ERICH5","ERICH5","glutamate rich 5 [Source:HGNC Symbol;Acc:HGNC:26823]","ERICH5"
"ENSG00000124225",3115013578414,103141495605341,143209265677126,720215239689025,103319708172653,176472010987347,"PMEPA1","PMEPA1","prostate transmembrane protein, androgen induced 1 [Source:HGNC Symbol;Acc:HGNC:14107]","PMEPA1"
"ENSG00000196924",139761512441114,104359797092255,162581496610211,641892215708028,413581698626891,473917509724041,"FLNA","FLNA","filamin A [Source:HGNC Symbol;Acc:HGNC:3754]","FLNA"
"ENSG00000140443",10117051645886,109495717189288,132790708595516,824573634310628,372494306.331755,146608900350792,"IGF1R","IGF1R","insulin like growth factor 1 receptor [Source:HGNC Symbol;Acc:HGNC:5465]","IGF1R"
"ENSG00000138448",240189673999205,109597186239508,144227806124409,759889435917585,1796878173.75124,461653285162997,"ITGAV","ITGAV","integrin subunit alpha V [Source:HGNC Symbol;Acc:HGNC:6150]","ITGAV"
"ENSG00000127863",248001694515222,109787938394802,170037983852239,645667138056675,21892518129306,298018075737658,"TNFRSF19","TNFRSF19","TNF receptor superfamily member 19 [Source:HGNC Symbol;Acc:HGNC:11915]","TNFRSF19"
"ENSG00000103187",931649476073936,112867215903928,173758955220019,649562008248797,148403747799814,233639117731794,"COTL1","COTL1","coactosin like F-actin binding protein 1 [Source:HGNC Symbol;Acc:HGNC:18304]","COTL1"
"ENSG00000198478",157667794824992,114208057277207,12293365956365,929021861730843,8803116.56093776,8388443438.72517,"SH3BGRL2","SH3BGRL2","SH3 domain binding glutamate rich protein like 2 [Source:HGNC Symbol;Acc:HGNC:15567]","SH3BGRL2"
"ENSG00000101335",164236930248246,114268351718775,182647084730353,625623737096446,216818991974299,297400499118472,"MYL9","MYL9","myosin light chain 9 [Source:HGNC Symbol;Acc:HGNC:15754]","MYL9"
"ENSG00000198455",110260084080924,115978459014289,138029222713501,840245686632739,87632104.6753664,495806017233597,"ZXDB","ZXDB","zinc finger X-linked duplicated B [Source:HGNC Symbol;Acc:HGNC:13199]","ZXDB"
"ENSG00000185112",32949947251038,119086902952212,17604770553033,676446776704485,4348599419.74619,915481308075637,"FAM43A","FAM43A","family with sequence similarity 43 member A [Source:HGNC Symbol;Acc:HGNC:26888]","FAM43A"
"ENSG00000140682",959381220851263,119901580408469,192961280030471,62137637348558,145845070034498,231624999383736,"TGFB1I1","TGFB1I1","transforming growth factor beta 1 induced transcript 1 [Source:HGNC Symbol;Acc:HGNC:11767]","TGFB1I1"
"ENSG00000174469",256995526654577,123320930030111,179980090623098,685192065428842,2312256603.88296,558178744177347,"CNTNAP2","CNTNAP2","contactin associated protein 2 [Source:HGNC Symbol;Acc:HGNC:13830]","CNTNAP2"
"ENSG00000158352",259388214548789,124102937261537,178274371937222,696134480312395,1614534583.09585,436285800402244,"SHROOM4","SHROOM4","shroom family member 4 [Source:HGNC Symbol;Acc:HGNC:29215]","SHROOM4"
"ENSG00000174640",412602898459236,126964307752011,209237351864389,606795615700102,117385135036912,198622230826476,"SLCO2A1","SLCO2A1","solute carrier organic anion transporter family member 2A1 [Source:HGNC Symbol;Acc:HGNC:10955]","SLCO2A1"
"ENSG00000172346",223180920677899,127723428124671,193399751620333,660411541662205,2924805923.52617,670298876524574,"CSDC2","CSDC2","cold shock domain containing C2 [Source:HGNC Symbol;Acc:HGNC:30359]","CSDC2"
"ENSG00000259207",116885641188744,127940069739399,182398425151973,701431877127233,964012318.302936,295821068184316,"ITGB3","ITGB3","integrin subunit beta 3 [Source:HGNC Symbol;Acc:HGNC:6156]","ITGB3"
"ENSG00000260604",12407112352657,128570621013236,225240912545952,570813799144973,243057887759214,318881381005839,"AL590004.4","None","novel transcript","TGILR"
"ENSG00000170537",101356575620211,129887973885131,202617863422359,641048976093374,4026954240.74766,878409717213692,"TMC7","TMC7","transmembrane channel like 7 [Source:HGNC Symbol;Acc:HGNC:23000]","TMC7"
"ENSG00000170558",216282081839196,130014987304377,149876864603464,867478697585275,4680381.42828003,495042378.38904,"CDH2","CDH2","cadherin 2 [Source:HGNC Symbol;Acc:HGNC:1759]","CDH2"
"ENSG00000122694",488834615518902,131763888843953,229872550589455,573204101603581,187612268952034,273929042691659,"GLIPR2","GLIPR2","GLI pathogenesis related 2 [Source:HGNC Symbol;Acc:HGNC:18007]","GLIPR2"
"ENSG00000165434",16443376872921,135524506524572,173946070938198,779117951866374,44001929.4585479,295057382535929,"PGM2L1","PGM2L1","phosphoglucomutase 2 like 1 [Source:HGNC Symbol;Acc:HGNC:20898]","PGM2L1"
"ENSG00000165617",721031486874009,135790319574619,155223664952279,874804235658046,1629841.32026815,1967218473.56366,"DACT1","DACT1","dishevelled binding antagonist of beta catenin 1 [Source:HGNC Symbol;Acc:HGNC:17748]","DACT1"
"ENSG00000071282",479358780999197,136319162032086,127659922533157,106783052446769,682.148330309826,411676.51734198,"LMCD1","LMCD1","LIM and cysteine rich domains 1 [Source:HGNC Symbol;Acc:HGNC:6633]","LMCD1"
"ENSG00000058085",8891280097112,137066677093248,21079311152316,650242676825745,1810405039.85489,461653285162997,"LAMC2","LAMC2","laminin subunit gamma 2 [Source:HGNC Symbol;Acc:HGNC:6493]","LAMC2"
"ENSG00000111331",527333622272168,138532290322788,192478699087767,719727902252812,211662673.716988,100846123885423,"OAS3","OAS3","2'-5'-oligoadenylate synthetase 3 [Source:HGNC Symbol;Acc:HGNC:8088]","OAS3"
"ENSG00000077157",451808333158341,142878386031895,16282254746082,877509830548968,584211.879246853,863749613.192921,"PPP1R12B","PPP1R12B","protein phosphatase 1 regulatory subunit 12B [Source:HGNC Symbol;Acc:HGNC:7619]","PPP1R12B"
"ENSG00000203721",347414198473464,144506937180308,280190881563576,515744610866358,371839508270703,434391254272631,"LINC00862","LINC00862","long intergenic non-protein coding RNA 862 [Source:HGNC Symbol;Acc:HGNC:21901]","LINC00862"
"ENSG00000275620",399494497556695,146076798047756,229756705495031,635789052306531,1446843986.84378,409797070825594,"AL121827.2","FLJ16779","uncharacterized LOC100192386 [Source:NCBI gene (formerly Entrezgene);Acc:100192386]","FLJ16779"
"ENSG00000171435",108961015461432,146161504386236,234172314879449,624162187837959,2009000912.21567,491526506968443,"KSR2","KSR2","kinase suppressor of ras 2 [Source:HGNC Symbol;Acc:HGNC:18610]","KSR2"
"ENSG00000239474",276193317200015,147569079284569,293732418798676,502392891762187,44735518091568,499960836449283,"KLHL41","KLHL41","kelch like family member 41 [Source:HGNC Symbol;Acc:HGNC:16905]","KLHL41"
"ENSG00000139278",647331381755784,148974392448644,25054332074571,594605324162069,3901191338.98993,861354502346495,"GLIPR1","GLIPR1","GLI pathogenesis related 1 [Source:HGNC Symbol;Acc:HGNC:17001]","GLIPR1"
"ENSG00000101265",705266597694645,149066746344936,24415872546252,610532128485486,2480326321.40814,583198805832394,"RASSF2","RASSF2","Ras association domain family member 2 [Source:HGNC Symbol;Acc:HGNC:9883]","RASSF2"
"ENSG00000134198",160271141374866,150740804035687,229500427197385,656821452911897,567876782.638338,205628182993342,"TSPAN2","TSPAN2","tetraspanin 2 [Source:HGNC Symbol;Acc:HGNC:20659]","TSPAN2"
"ENSG00000182578",177408624255905,151907104176897,208152835894296,729786377996013,48957622.1258331,316563481638646,"CSF1R","CSF1R","colony stimulating factor 1 receptor [Source:HGNC Symbol;Acc:HGNC:2433]","CSF1R"
"ENSG00000187288",346192366017449,152315816705357,199765717164638,76247225433494,15132395.8299836,124532739319024,"CIDEC","CIDEC","cell death inducing DFFA like effector c [Source:HGNC Symbol;Acc:HGNC:24229]","CIDEC"
"ENSG00000149591",42340669012515,153936750463231,23766914979797,64769344525398,612277538.023008,207403229670923,"TAGLN","TAGLN","transgelin [Source:HGNC Symbol;Acc:HGNC:11553]","TAGLN"
"ENSG00000196188",662005719651474,155619721183333,291424840775793,533996075176924,144899184021275,231624999383736,"CTSE","CTSE","cathepsin E [Source:HGNC Symbol;Acc:HGNC:2530]","CTSE"
"ENSG00000115221",154582356395918,156535719063024,235474293503049,664767761840622,302973475.428348,123005130696036,"ITGB6","ITGB6","integrin subunit beta 6 [Source:HGNC Symbol;Acc:HGNC:6161]","ITGB6"
"ENSG00000023445",562690844417513,157866036106812,237507644155383,664677706135353,279168753.007994,117543029609528,"BIRC3","BIRC3","baculoviral IAP repeat containing 3 [Source:HGNC Symbol;Acc:HGNC:591]","BIRC3"
"ENSG00000153294",515468475137486,159757906143447,220130594542571,725741492114817,30815338.4408486,242570305422419,"ADGRF4","ADGRF4","adhesion G protein-coupled receptor F4 [Source:HGNC Symbol;Acc:HGNC:19011]","ADGRF4"
"ENSG00000180914",270139209576852,160825812965049,281363671190538,571594094875663,4093119157.42854,882213361252901,"OXTR","OXTR","oxytocin receptor [Source:HGNC Symbol;Acc:HGNC:8529]","OXTR"
"ENSG00000183742",215094083375756,161466428209066,314152398039848,513974839016142,193963182663484,280936273769791,"MACC1","MACC1","MET transcriptional regulator MACC1 [Source:HGNC Symbol;Acc:HGNC:30215]","MACC1"
"ENSG00000078401",106605482120326,164551144746469,235454904390309,698864800342812,57199731.2503928,34520037809612,"EDN1","EDN1","endothelin 1 [Source:HGNC Symbol;Acc:HGNC:3176]","EDN1"
"ENSG00000227507",72929977367475,169925338477999,279992834191482,606891740528582,921298554.043045,287588108981885,"LTB","LTB","lymphotoxin beta [Source:HGNC Symbol;Acc:HGNC:6711]","LTB"
"ENSG00000238178",103004149942991,171836856016353,341736124945171,502834916981409,181767294102339,269745644239577,"AC078993.1","MAGEB17-AS1","MAGEB17 antisense RNA 1 [Source:HGNC Symbol;Acc:HGNC:56739]","MAGEB17-AS1"
"ENSG00000154099",114365765605443,177657053046443,30349610093346,585368485789522,1298403170.09854,38537031794482,"DNAAF1","DNAAF1","dynein axonemal assembly factor 1 [Source:HGNC Symbol;Acc:HGNC:30539]","DNAAF1"
"ENSG00000134363",472961814913856,181120717489182,223580641529082,810091232633049,22513.174385506,509501277.811982,"FST","FST","follistatin [Source:HGNC Symbol;Acc:HGNC:3971]","FST"
"ENSG00000214357",380645765319795,186585888926785,264587772421703,70519467781528,12202257.3420122,105200890084348,"NEURL1B","NEURL1B","neuralized E3 ubiquitin protein ligase 1B [Source:HGNC Symbol;Acc:HGNC:35422]","NEURL1B"
"ENSG00000176907",633242029613003,186732257994055,240130631230237,777627814649839,620201.324026953,863749613.192921,"TCIM","TCIM","transcriptional and immune response regulator [Source:HGNC Symbol;Acc:HGNC:1357]","TCIM"
"ENSG00000198729",109121132046616,191427663321338,410172314755042,466700594933279,282372645352608,357507464623005,"PPP1R14C","PPP1R14C","protein phosphatase 1 regulatory inhibitor subunit 14C [Source:HGNC Symbol;Acc:HGNC:14952]","PPP1R14C"
"ENSG00000179674",103125890419145,194654596695555,377877711166677,515125901695999,6457353723.73212,123063567545442,"ARL14","ARL14","ADP ribosylation factor like GTPase 14 [Source:HGNC Symbol;Acc:HGNC:22974]","ARL14"
"ENSG00000248187",861635981918722,202208477371631,403762773637532,500810105770569,8170573855.82153,146463603623415,"AC078850.1","None","novel transcript","LINC03140"
"ENSG00000140519",233274905970804,206584301533327,448123282382949,460998813618409,237726334663572,31817424210836,"RHCG","RHCG","Rh family C glycoprotein [Source:HGNC Symbol;Acc:HGNC:18140]","RHCG"
"ENSG00000041982",205080751168001,208435410404646,453239444877792,459879237697077,236484371229025,31817424210836,"TNC","TNC","tenascin C [Source:HGNC Symbol;Acc:HGNC:5318]","TNC"
"ENSG00000049249",245383599795696,208549621817388,473059108593037,440853200010569,401779814631595,466296381019553,"TNFRSF9","TNFRSF9","TNF receptor superfamily member 9 [Source:HGNC Symbol;Acc:HGNC:11924]","TNFRSF9"
"ENSG00000171303",13164701960762,209160592679197,278308341756848,7515426643659,5362.113873071,863749613.192921,"KCNK3","KCNK3","potassium two pore domain channel subfamily K member 3 [Source:HGNC Symbol;Acc:HGNC:6278]","KCNK3"
"ENSG00000130176",390851022927171,209716342723453,288305148186783,727411022808324,1513769.53873508,1957628392.77134,"CNN1","CNN1","calponin 1 [Source:HGNC Symbol;Acc:HGNC:2155]","CNN1"
"ENSG00000166317",546657701385735,211079100780361,457778490206227,46109440547386,216828864311728,297400499118472,"SYNPO2L","SYNPO2L","synaptopodin 2 like [Source:HGNC Symbol;Acc:HGNC:23532]","SYNPO2L"
"ENSG00000143632",46919184706509,213140169401252,482111513906937,442097239441567,35738592639741,425688960356915,"ACTA1","ACTA1","actin alpha 1, skeletal muscle [Source:HGNC Symbol;Acc:HGNC:129]","ACTA1"
"ENSG00000174792",251933534934154,214443775385361,383008268077293,559893331968711,879477134.581776,279349710905317,"ODAPH","ODAPH","odontogenesis associated phosphoprotein [Source:HGNC Symbol;Acc:HGNC:26300]","ODAPH"
"ENSG00000161405",200435465926839,231486718932329,49492970089199,467716361566362,122751643355805,205779491014523,"IKZF3","IKZF3","IKAROS family zinc finger 3 [Source:HGNC Symbol;Acc:HGNC:13178]","IKZF3"
"ENSG00000197273",249222748906996,264546112527584,372330145422426,710514890561559,41498.813645389,751336021.049768,"GUCA2A","GUCA2A","guanylate cyclase activator 2A [Source:HGNC Symbol;Acc:HGNC:4682]","GUCA2A"
"ENSG00000270002",149969114019728,305263087105248,69658648234309,43822711873254,124088049202187,206111388147302,"AC022028.2","None","novel transcript, antisense to GRID1","GRID1-AS2"
"ENSG00000173077",395634162443781,324442272809949,432639421105477,749913801153248,11234.4380256544,50849875.1136182,"DEC1","DELEC1","deleted in esophageal cancer 1 [Source:HGNC Symbol;Acc:HGNC:23658]","DELEC1"
"ENSG00000276203",182452185313116,669163912216471,163248768238066,409904417312742,7977138542.88502,144426093318933,"ANKRD20A3","ANKRD20A3P","ankyrin repeat domain 20 family member A3, pseudogene [Source:HGNC Symbol;Acc:HGNC:31981]","ANKRD20A3P"
"ENSG00000077684",242328648679766,822097932660774,939391106158241,875139148403105,303133873843721,373349577274869,"JADE1","JADE1","jade family PHD finger 1 [Source:HGNC Symbol;Acc:HGNC:30027]","JADE1"
"ENSG00000147872",140038133663694,843846549381596,922976006151927,914267048934199,9749840144.15224,169731592124881,"PLIN2","PLIN2","perilipin 2 [Source:HGNC Symbol;Acc:HGNC:248]","PLIN2"
"ENSG00000174705",414753454895607,849551252966192,101051845119488,840708303704544,270963787960178,347929034114824,"SH3PXD2B","SH3PXD2B","SH3 and PX domains 2B [Source:HGNC Symbol;Acc:HGNC:29242]","SH3PXD2B"
"ENSG00000175567",821050823837372,910517916509209,118191358173801,770376049973375,257018801924968,334771612147593,"UCP2","UCP2","uncoupling protein 2 [Source:HGNC Symbol;Acc:HGNC:12518]","UCP2"
"ENSG00000059728",326922617946894,926554936217327,967746985645365,957435104382611,522343234.922967,193000495271027,"MXD1","MXD1","MAX dimerization protein 1 [Source:HGNC Symbol;Acc:HGNC:6761]","MXD1"
"ENSG00000111912",139867911659729,947782897305558,133917519786406,707736298295579,413313297922291,473917509724041,"NCOA7","NCOA7","nuclear receptor coactivator 7 [Source:HGNC Symbol;Acc:HGNC:21081]","NCOA7"
"ENSG00000125266",510017339572913,969443247636204,132514508967383,731575172553235,198116617834802,2828774489818,"EFNB2","EFNB2","ephrin B2 [Source:HGNC Symbol;Acc:HGNC:3227]","EFNB2"
