new_path,original_path,md5,bytes
"data/single_cell/legacy/GSE166504_Su_mouse_hep_AUC_legacy.csv","single_omics/GSE166504_Mouse_scRNAseq.csv",fdd56cd7ce463b7729692a779b593061,2296108
"data/single_cell/legacy/GSE189600_Xiao_human_hep_AUC_legacy.csv","single_omics/GSE189600_Human_snRNAseq.csv",9d7da23e0121cb2ea762a7b22b13f7bc,5700880
"data/single_cell/legacy/GSE212837_Wang_human_AUC_legacy.csv","single_omics/GSE212837_Human_snRNAseq.csv",d5c1bb2b7bb024f7c4f4f2bab4bb5c53,1893738
"data/single_cell/legacy/GSE210501_Coassolo_mouse_allcells_targets_AUC_legacy.csv","single_omics/GSE210501_Mouse_scRNAseq.csv",2c91f6c7cbba7d1798cad9a21e5ce792,44065
"data/single_cell/legacy/GSE210501_Coassolo_mouse_hep_targets_AUC_legacy.csv","new_scripts/COASSOLO_HEPATOCYTES_target_genes_AUC_stats_balanced.csv",51406fd7b4263226a3b78d919a31f13f,53759
"data/bulk/1vs0_all.csv","BULK_datasets/1vs0_all.csv",a16f0b099bfff0e595d5707cae6c8659,1511773
"data/bulk/2vs0_all.csv","BULK_datasets/2vs0_all.csv",9a57e54a666c422451b2f52b3f5a803b,1515040
"data/bulk/3vs0_all.csv","BULK_datasets/3vs0_all.csv",2c6880c7d00b3757dff7646b918f441a,1525501
"data/bulk/4vs0_all.csv","BULK_datasets/4vs0_all.csv",e3b1e4437e7d649ec04291539015ac0e,1525922
"data/bulk/NAFLvsControl_nofilter.csv","BULK_datasets/NAFLvsControl_nofilter.csv",f9b5e04c3822262ceb7e7ce76897c603,1566578
"data/bulk/NASH_F0_F1vsControl_nofilter.csv","BULK_datasets/NASH_F0-F1vsControl_nofilter.csv",45ca6427164c9c64e86aecf22b178cbe,1558153
"data/bulk/NASH_F2vsControl_nofilter.csv","BULK_datasets/NASH_F2vsControl_nofilter.csv",ec1c61db5913a0de7cf9c90c818053a0,1571267
"data/bulk/NASH_F3vsControl_nofilter.csv","BULK_datasets/NASH_F3vsControl_nofilter.csv",75b92ddac2db4a844af41a6eb7a407ba,1560971
"data/bulk/NASH_F4vsControl_nofilter.csv","BULK_datasets/NASH_F4vsControl_nofilter.csv",d6844f3b78127430586ec93519056b8c,1547680
"data/knowledge_graph/Hepatic_steatosis_shortest_paths.csv","KG_Fatima_data/Hepatic_steatosis_shortest_paths.csv",ccd3b4713dae4821b72dd6099c5a41e6,13744
"data/knowledge_graph/MASH_subgraph_drugs.csv","KG_Fatima_data/MASH_subgraph_drugs.csv",ffb62f31d04ce53f170b821c00766a2d,8860368
"data/knowledge_graph/MASH_subgraph_nodes.csv","KG_Fatima_data/MASH_subgraph_nodes.csv",6f9fad28903c4b3751eaed7506d815db,937461
"data/knowledge_graph/NASH_shortest_paths.csv","KG_Fatima_data/NASH_shortest_paths.csv",a868ba4e21429049aa59bb3d2c7d5be1,17908
"data/knowledge_graph/Fatima_Supp_Table_6.xlsx","Fatima_Supp Table 6.xlsx",499b197ff5d1e28fbe3802a5ea6c2f3c,1780036
"data/ppi/early_mafld_network/Centrality_RWR_result_pvalue.csv","PPI_networks/Early MAFLD Network/Centrality_RWR_result_pvalue.csv",95f284d709af62cfce3ad739d408d02e,2454177
"data/ppi/early_mafld_network/drug_network_proximity_results.csv","PPI_networks/Early MAFLD Network/drug_network_proximity_results.csv",b21b5637431cf4b450f5016c475a5327,1606542
"data/ppi/early_mafld_network/key_proteins.txt","PPI_networks/Early MAFLD Network/key_proteins.txt",03e91e16e55b0b005e0d9e1907465cbe,873
"data/ppi/early_mafld_network/network_edges_key_proteins.txt","PPI_networks/Early MAFLD Network/network_edges_key_proteins.txt",4c86b5259f3f7924416d68b14a5a6dfe,658092
"data/external/metaliver/degs/DEGs_from_Julian.xlsx","MetaLiver_source_code/inst/extdata/degs/DEGs from Julian.xlsx",7b4beb37c434a2eaca99492846c3044d,169947
"data/external/metaliver/degs/deg-preprocessing.R","MetaLiver_source_code/inst/extdata/degs/deg-preprocessing.R",41e01c9a8a1270dd294e06cedffaeb5c,1303
"data/external/metaliver/degs/processed_degs_1b_OAPAResMyoPBMCsvsHCM.csv","MetaLiver_source_code/inst/extdata/degs/processed_degs_1b_OAPAResMyoPBMCsvsHCM.csv",87ce7188a86c94696ace85be97e40d25,128907
"data/external/metaliver/degs/processed_degs_1b_OAPAResMyovsHCM.csv","MetaLiver_source_code/inst/extdata/degs/processed_degs_1b_OAPAResMyovsHCM.csv",2ecd95b031e4cfdb5d5ebad31593d578,31655
"data/external/metaliver/degs/processed_degs_1b_OAPAvsHCM.csv","MetaLiver_source_code/inst/extdata/degs/processed_degs_1b_OAPAvsHCM.csv",eb86b889b1ea1a4bba4d4741352e4513,596
"data/external/metaliver/degs/processed_degs_5a_OAPAResMyoPBMCsvsHCM.csv","MetaLiver_source_code/inst/extdata/degs/processed_degs_5a_OAPAResMyoPBMCsvsHCM.csv",4907017a3de7ee86e215d2f78b75bab3,32779
"data/external/metaliver/degs/processed_degs_5a_OAPAResMyovsHCM.csv","MetaLiver_source_code/inst/extdata/degs/processed_degs_5a_OAPAResMyovsHCM.csv",69addb38bb9dc0bfcbaa6d3095adabc8,11033
"data/external/metaliver/degs/processed_degs_5a_OAPAvsHCM.csv","MetaLiver_source_code/inst/extdata/degs/processed_degs_5a_OAPAvsHCM.csv",e92e8782c2b7de00c43cefcaa6095727,830
"data/external/metaliver/wgcna/active_drugs.xlsx","MetaLiver_source_code/inst/extdata/wgcna/active_drugs.xlsx",b443f389ad495dd07fcfdfa947aa3182,44548
"data/external/metaliver/wgcna/datExpr_processed.csv","MetaLiver_source_code/inst/extdata/wgcna/datExpr_processed.csv",39d9cb5cfe4c58c85787e066d2b860ce,48265652
"data/external/metaliver/wgcna/datTraits_processed.csv","MetaLiver_source_code/inst/extdata/wgcna/datTraits_processed.csv",a1dbeb82a3de34c5e4d421f39ae1c546,3026
"data/external/metaliver/wgcna/MEs_processed.csv","MetaLiver_source_code/inst/extdata/wgcna/MEs_processed.csv",8e5e8bea16ce81a7bf43cdcf4949a068,76755
"data/external/metaliver/wgcna/Module-trait-relationships-heatmap.pdf","MetaLiver_source_code/inst/extdata/wgcna/Module-trait-relationships-heatmap.pdf",2b7ed1833b1f6c562652574fbb4affbe,5415
"data/external/metaliver/wgcna/modules/Network-nodes-black.txt","MetaLiver_source_code/inst/extdata/wgcna/modules/Network-nodes-black.txt",538bf96b6b991f6f064751721ad918e6,11244
"data/external/metaliver/wgcna/modules/Network-nodes-brown.txt","MetaLiver_source_code/inst/extdata/wgcna/modules/Network-nodes-brown.txt",c6d0991c7bdd04ce42b3b155000b92be,59166
"data/external/metaliver/wgcna/modules/Network-nodes-cyan.txt","MetaLiver_source_code/inst/extdata/wgcna/modules/Network-nodes-cyan.txt",d6868fd31fc88ca3cc73e5cefd0c3412,6319
"data/external/metaliver/wgcna/modules/Network-nodes-darkgreen.txt","MetaLiver_source_code/inst/extdata/wgcna/modules/Network-nodes-darkgreen.txt",cc00bcfd30d751a448997eb2ca4d21bb,3031
"data/external/metaliver/wgcna/modules/Network-nodes-darkorange.txt","MetaLiver_source_code/inst/extdata/wgcna/modules/Network-nodes-darkorange.txt",9fa57b3e93c631166fcff007a26405ec,1947
"data/external/metaliver/wgcna/modules/Network-nodes-darkturquoise.txt","MetaLiver_source_code/inst/extdata/wgcna/modules/Network-nodes-darkturquoise.txt",752924283aba4761ed56d393d1ec29ea,11853
"data/external/metaliver/wgcna/modules/Network-nodes-grey60.txt","MetaLiver_source_code/inst/extdata/wgcna/modules/Network-nodes-grey60.txt",67cf90c8a434e27717c57cab37ce419f,3274
"data/external/metaliver/wgcna/modules/Network-nodes-lightcyan.txt","MetaLiver_source_code/inst/extdata/wgcna/modules/Network-nodes-lightcyan.txt",5795a199081f93b41580250ad81d0b5d,3927
"data/external/metaliver/wgcna/modules/Network-nodes-lightgreen.txt","MetaLiver_source_code/inst/extdata/wgcna/modules/Network-nodes-lightgreen.txt",2440207f518cd7cf37a61d06c3bcd8b9,33516
"data/external/metaliver/wgcna/modules/Network-nodes-lightyellow.txt","MetaLiver_source_code/inst/extdata/wgcna/modules/Network-nodes-lightyellow.txt",a850402211dba2c6e8adfe0fe1d8c2a8,3589
"data/external/metaliver/wgcna/modules/Network-nodes-magenta.txt","MetaLiver_source_code/inst/extdata/wgcna/modules/Network-nodes-magenta.txt",3acd3bc148abc42da2cd6bbc97740f02,5401
"data/external/metaliver/wgcna/modules/Network-nodes-midnightblue.txt","MetaLiver_source_code/inst/extdata/wgcna/modules/Network-nodes-midnightblue.txt",e8fef4d55a9ab2d226f87d52376e1587,4753
"data/external/metaliver/wgcna/modules/Network-nodes-orange.txt","MetaLiver_source_code/inst/extdata/wgcna/modules/Network-nodes-orange.txt",416f561e5599a1fc976090a9bb6ad584,2271
"data/external/metaliver/wgcna/modules/Network-nodes-purple.txt","MetaLiver_source_code/inst/extdata/wgcna/modules/Network-nodes-purple.txt",97da4cce8506768a1f457fe5e57698ed,5238
"data/external/metaliver/wgcna/modules/Network-nodes-saddlebrown.txt","MetaLiver_source_code/inst/extdata/wgcna/modules/Network-nodes-saddlebrown.txt",4d88f5fdfc32f490685c5d9ad1aefb05,1132
"data/external/metaliver/wgcna/modules/Network-nodes-skyblue.txt","MetaLiver_source_code/inst/extdata/wgcna/modules/Network-nodes-skyblue.txt",bc9fe2fae3cbf19ede50e4740f66724c,1555
"data/external/metaliver/wgcna/modules/Network-nodes-tan.txt","MetaLiver_source_code/inst/extdata/wgcna/modules/Network-nodes-tan.txt",15bad869f0f23c8a25068756095f0af8,3893
"data/external/metaliver/wgcna/modules/Network-nodes-white.txt","MetaLiver_source_code/inst/extdata/wgcna/modules/Network-nodes-white.txt",8ea9bc6247d3d9bdb0d081827ba7c97e,1603
"data/external/metaliver/wgcna/modules/Network-nodes-yellow.txt","MetaLiver_source_code/inst/extdata/wgcna/modules/Network-nodes-yellow.txt",ddd3cf3ccd00bb46f0e771c74438c867,10314
"data/external/metaliver/wgcna/modules/Nodes-gene-id-mapping-black.csv","MetaLiver_source_code/inst/extdata/wgcna/modules/Nodes-gene-id-mapping-black.csv",d09422c88cb98cb0b4bcff7b60c33fbc,13755
"data/external/metaliver/wgcna/modules/Nodes-gene-id-mapping-brown.csv","MetaLiver_source_code/inst/extdata/wgcna/modules/Nodes-gene-id-mapping-brown.csv",9c155a1a108c975e75410c6cd51ee16a,72609
"data/external/metaliver/wgcna/modules/Nodes-gene-id-mapping-cyan.csv","MetaLiver_source_code/inst/extdata/wgcna/modules/Nodes-gene-id-mapping-cyan.csv",2a2bc4965e7d28ef62489c52c2e7f6e2,7789
"data/external/metaliver/wgcna/modules/Nodes-gene-id-mapping-darkgreen.csv","MetaLiver_source_code/inst/extdata/wgcna/modules/Nodes-gene-id-mapping-darkgreen.csv",a0c68308843a1de8257763702ca7144a,3638
"data/external/metaliver/wgcna/modules/Nodes-gene-id-mapping-darkorange.csv","MetaLiver_source_code/inst/extdata/wgcna/modules/Nodes-gene-id-mapping-darkorange.csv",f418dbdc808f5036b32514fd44f8d522,2304
"data/external/metaliver/wgcna/modules/Nodes-gene-id-mapping-darkturquoise.csv","MetaLiver_source_code/inst/extdata/wgcna/modules/Nodes-gene-id-mapping-darkturquoise.csv",a081077575f4f7f6572e12553a351de0,13829
"data/external/metaliver/wgcna/modules/Nodes-gene-id-mapping-grey60.csv","MetaLiver_source_code/inst/extdata/wgcna/modules/Nodes-gene-id-mapping-grey60.csv",d48d368f96682249903303434f10f021,3383
"data/external/metaliver/wgcna/modules/Nodes-gene-id-mapping-lightcyan.csv","MetaLiver_source_code/inst/extdata/wgcna/modules/Nodes-gene-id-mapping-lightcyan.csv",e21bddb67d630af6b60cbb945237bcdc,4707
"data/external/metaliver/wgcna/modules/Nodes-gene-id-mapping-lightgreen.csv","MetaLiver_source_code/inst/extdata/wgcna/modules/Nodes-gene-id-mapping-lightgreen.csv",6a81341ff1a3c2016da85c4e2abc78bf,39286
"data/external/metaliver/wgcna/modules/Nodes-gene-id-mapping-lightyellow.csv","MetaLiver_source_code/inst/extdata/wgcna/modules/Nodes-gene-id-mapping-lightyellow.csv",d7b8fed36301ead5f441924ff2d9d18b,4141
"data/external/metaliver/wgcna/modules/Nodes-gene-id-mapping-magenta.csv","MetaLiver_source_code/inst/extdata/wgcna/modules/Nodes-gene-id-mapping-magenta.csv",d317d8ba41887062cec1f1e87987e1ae,6488
"data/external/metaliver/wgcna/modules/Nodes-gene-id-mapping-midnightblue.csv","MetaLiver_source_code/inst/extdata/wgcna/modules/Nodes-gene-id-mapping-midnightblue.csv",aeefaba3cdeba7b0d75bf2d9f3bdff96,5611
"data/external/metaliver/wgcna/modules/Nodes-gene-id-mapping-orange.csv","MetaLiver_source_code/inst/extdata/wgcna/modules/Nodes-gene-id-mapping-orange.csv",abdb064df0b5df7a9cae1b71de6db64e,2711
"data/external/metaliver/wgcna/modules/Nodes-gene-id-mapping-purple.csv","MetaLiver_source_code/inst/extdata/wgcna/modules/Nodes-gene-id-mapping-purple.csv",dca35bf801df419cb35b883d23382e35,6179
"data/external/metaliver/wgcna/modules/Nodes-gene-id-mapping-saddlebrown.csv","MetaLiver_source_code/inst/extdata/wgcna/modules/Nodes-gene-id-mapping-saddlebrown.csv",5d9b308cc395a032baf0586cbed0ce4d,1424
"data/external/metaliver/wgcna/modules/Nodes-gene-id-mapping-skyblue.csv","MetaLiver_source_code/inst/extdata/wgcna/modules/Nodes-gene-id-mapping-skyblue.csv",7a8ddd0e70e5f22c3b87a0e3e9134e6f,1910
"data/external/metaliver/wgcna/modules/Nodes-gene-id-mapping-tan.csv","MetaLiver_source_code/inst/extdata/wgcna/modules/Nodes-gene-id-mapping-tan.csv",f336de7cfeed99b32e49b34d152e1a23,4863
"data/external/metaliver/wgcna/modules/Nodes-gene-id-mapping-white.csv","MetaLiver_source_code/inst/extdata/wgcna/modules/Nodes-gene-id-mapping-white.csv",3088549503f1907153e8aa6547f036e8,1919
"data/external/metaliver/wgcna/modules/Nodes-gene-id-mapping-yellow.csv","MetaLiver_source_code/inst/extdata/wgcna/modules/Nodes-gene-id-mapping-yellow.csv",a261ed41445b1088c1891854254cb8cd,11585
"data/external/metaliver/wgcna/moduleTraitCor.csv","MetaLiver_source_code/inst/extdata/wgcna/moduleTraitCor.csv",6d5be5be54fa0329c1957eac3a3d7d2c,612
"data/external/metaliver/wgcna/moduleTraitPvalue.csv","MetaLiver_source_code/inst/extdata/wgcna/moduleTraitPvalue.csv",a61f600d3931d66eec76e53a293c95bd,606
"data/external/metaliver/wgcna/pathways/black_enrichment.csv","MetaLiver_source_code/inst/extdata/wgcna/pathways/black_enrichment.csv",82e56b607af39a3f0a5e829c9f6bb535,486560
"data/external/metaliver/wgcna/pathways/brown_enrichment.csv","MetaLiver_source_code/inst/extdata/wgcna/pathways/brown_enrichment.csv",0d1e509061d2f9c835bf2e73230d922e,785102
"data/external/metaliver/wgcna/pathways/cyan_enrichment.csv","MetaLiver_source_code/inst/extdata/wgcna/pathways/cyan_enrichment.csv",0a1dd7baedca796376af4f1d087bce66,278163
"data/external/metaliver/wgcna/pathways/darkgreen_enrichment.csv","MetaLiver_source_code/inst/extdata/wgcna/pathways/darkgreen_enrichment.csv",9d1fde2bc56e9ffcaec569cd5a425fce,197957
"data/external/metaliver/wgcna/pathways/darkorange_enrichment.csv","MetaLiver_source_code/inst/extdata/wgcna/pathways/darkorange_enrichment.csv",34095c7e0ff022b34a88e6ce4bc67f40,158341
"data/external/metaliver/wgcna/pathways/darkturquoise_enrichment.csv","MetaLiver_source_code/inst/extdata/wgcna/pathways/darkturquoise_enrichment.csv",1af097d115a3f100b4a772dcd0ebcbe0,337698
"data/external/metaliver/wgcna/pathways/grey60_enrichment.csv","MetaLiver_source_code/inst/extdata/wgcna/pathways/grey60_enrichment.csv",810820a346055cd60290c31720c9c1f5,16205
"data/external/metaliver/wgcna/pathways/lightcyan_enrichment.csv","MetaLiver_source_code/inst/extdata/wgcna/pathways/lightcyan_enrichment.csv",ffc99494cb482fc3f52f78835e717111,177987
"data/external/metaliver/wgcna/pathways/lightgreen_enrichment.csv","MetaLiver_source_code/inst/extdata/wgcna/pathways/lightgreen_enrichment.csv",b294549aac7f528418441de181e68ace,558737
"data/external/metaliver/wgcna/pathways/lightyellow_enrichment.csv","MetaLiver_source_code/inst/extdata/wgcna/pathways/lightyellow_enrichment.csv",1881e771aa018cf04a3e8180b5c09d38,137783
"data/external/metaliver/wgcna/pathways/magenta_enrichment.csv","MetaLiver_source_code/inst/extdata/wgcna/pathways/magenta_enrichment.csv",6f16721a3387440d49727dff0a06fc10,221956
"data/external/metaliver/wgcna/pathways/midnightblue_enrichment.csv","MetaLiver_source_code/inst/extdata/wgcna/pathways/midnightblue_enrichment.csv",772a62b1ca5e1a362449a7f0416100a4,286441
"data/external/metaliver/wgcna/pathways/orange_enrichment.csv","MetaLiver_source_code/inst/extdata/wgcna/pathways/orange_enrichment.csv",bd52f4b97a19b7216587ddd6a415842c,115952
"data/external/metaliver/wgcna/pathways/purple_enrichment.csv","MetaLiver_source_code/inst/extdata/wgcna/pathways/purple_enrichment.csv",739d9d68ba081434a85655eb026dfbb3,190121
"data/external/metaliver/wgcna/pathways/saddlebrown_enrichment.csv","MetaLiver_source_code/inst/extdata/wgcna/pathways/saddlebrown_enrichment.csv",15a3d73d2c43e4f2cf8fae56ce66e388,14855
"data/external/metaliver/wgcna/pathways/skyblue_enrichment.csv","MetaLiver_source_code/inst/extdata/wgcna/pathways/skyblue_enrichment.csv",e4ebdaccef265cc975fe17c86fb2e015,89755
"data/external/metaliver/wgcna/pathways/tan_enrichment.csv","MetaLiver_source_code/inst/extdata/wgcna/pathways/tan_enrichment.csv",c03e1598a8bae22854e857110e4a9655,209036
"data/external/metaliver/wgcna/pathways/white_enrichment.csv","MetaLiver_source_code/inst/extdata/wgcna/pathways/white_enrichment.csv",dd204c4265f94a306e247bc5062c9640,140329
"data/external/metaliver/wgcna/pathways/yellow_enrichment.csv","MetaLiver_source_code/inst/extdata/wgcna/pathways/yellow_enrichment.csv",4701ea553980ba01ccc76191846ec424,187592
"data/external/metaliver/wgcna/PPI_network_largest_component.csv","MetaLiver_source_code/inst/extdata/wgcna/PPI_network_largest_component.csv",1592e6cda9a81ad5846cf387acceb670,34287397
"data/external/metaliver/wgcna/Module-gene-mapping.csv","MetaLiver_source_code/inst/extdata/wgcna/raw/Module-gene-mapping.csv",94424c749a204123711656d949384a9c,409271
"data/raw/GSE189600_Xiao/GSM6808755_Control1/barcodes.tsv.gz","Xiao_dataset/GSM6808755_Control1/barcodes.tsv.gz",e781d5832c486f86703445c919969e7c,49747
"data/raw/GSE189600_Xiao/GSM6808755_Control1/features.tsv.gz","Xiao_dataset/GSM6808755_Control1/features.tsv.gz",627e972f12f4bd04cbaeb3d545297e9d,333437
"data/raw/GSE189600_Xiao/GSM6808755_Control1/matrix.mtx.gz","Xiao_dataset/GSM6808755_Control1/matrix.mtx.gz",addbf93441b8fa8ae876f7e638162426,90530720
"data/raw/GSE189600_Xiao/GSM6808756_Control2/barcodes.tsv.gz","Xiao_dataset/GSM6808756_Control2/barcodes.tsv.gz",9c9813898e7844a7665794f57af282e4,61407
"data/raw/GSE189600_Xiao/GSM6808756_Control2/features.tsv.gz","Xiao_dataset/GSM6808756_Control2/features.tsv.gz",2e41eeedae1a9c78b8a371ca46189448,333437
"data/raw/GSE189600_Xiao/GSM6808756_Control2/matrix.mtx.gz","Xiao_dataset/GSM6808756_Control2/matrix.mtx.gz",2b19bb0ca2e8b931723623036d5252c5,131134412
"data/raw/GSE189600_Xiao/GSM6808757_Control3/barcodes.tsv.gz","Xiao_dataset/GSM6808757_Control3/barcodes.tsv.gz",75830894d7c11149a7b7e36eb731b124,29490
"data/raw/GSE189600_Xiao/GSM6808757_Control3/features.tsv.gz","Xiao_dataset/GSM6808757_Control3/features.tsv.gz",20bddba1223bac358f89bcd7e2163039,333437
"data/raw/GSE189600_Xiao/GSM6808757_Control3/matrix.mtx.gz","Xiao_dataset/GSM6808757_Control3/matrix.mtx.gz",a21655a268d33cd629a72b3dacc5c8b2,18674291
"data/raw/GSE189600_Xiao/GSM6808758_NASH1/barcodes.tsv.gz","Xiao_dataset/GSM6808758_NASH1/barcodes.tsv.gz",9a39320f36f0c14e1c7df99de74d1df6,51187
"data/raw/GSE189600_Xiao/GSM6808758_NASH1/features.tsv.gz","Xiao_dataset/GSM6808758_NASH1/features.tsv.gz",cb5e7b9d167b0334287ab50871efdd39,333437
"data/raw/GSE189600_Xiao/GSM6808758_NASH1/matrix.mtx.gz","Xiao_dataset/GSM6808758_NASH1/matrix.mtx.gz",805b14b050d94b1a780c81c0d18c4a77,92597322
"data/raw/GSE189600_Xiao/GSM6808759_NASH2/barcodes.tsv.gz","Xiao_dataset/GSM6808759_NASH2/barcodes.tsv.gz",a33937ea6c615c023bffd6d24a594512,54323
"data/raw/GSE189600_Xiao/GSM6808759_NASH2/features.tsv.gz","Xiao_dataset/GSM6808759_NASH2/features.tsv.gz",632757121c817d01ab2e8365a4c85148,333437
"data/raw/GSE189600_Xiao/GSM6808759_NASH2/matrix.mtx.gz","Xiao_dataset/GSM6808759_NASH2/matrix.mtx.gz",b3a621304cdef868fcc1e0138b4194e5,72091292
"data/raw/GSE189600_Xiao/GSM6808760_NASH3/barcodes.tsv.gz","Xiao_dataset/GSM6808760_NASH3/barcodes.tsv.gz",f34b25d4379060206d952de93f7bb93c,85395
"data/raw/GSE189600_Xiao/GSM6808760_NASH3/features.tsv.gz","Xiao_dataset/GSM6808760_NASH3/features.tsv.gz",431d3823255f2e2bfd5bd9ca7d9f8ed1,333437
"data/raw/GSE189600_Xiao/GSM6808760_NASH3/matrix.mtx.gz","Xiao_dataset/GSM6808760_NASH3/matrix.mtx.gz",fca88da98276dc1570ab0c96ced0b921,156134013
"data/bulk_cohorts/EarlyMASLDvsControl/GSE126848_EarlyMASLD_Control.tsv","meta-liver/meta-liver-data/Bulk_omics/EarlyMASLDvsControl/GSE126848_EarlyMASLD_Control.tsv","bd25a42367a99011881c77cb34a23689",1479707
"data/bulk_cohorts/EarlyMASLDvsControl/GSE135251_EarlyMASLD_Control.tsv","meta-liver/meta-liver-data/Bulk_omics/EarlyMASLDvsControl/GSE135251_EarlyMASLD_Control.tsv","889f63e87c60c6cc2226d81b57b3a8ef",1810351
"data/bulk_cohorts/MASHvsControl/GSE126848_MASH_Control.tsv","meta-liver/meta-liver-data/Bulk_omics/MASHvsControl/GSE126848_MASH_Control.tsv","73569086c2c8e01557dcb4bbde8ba42c",1479648
"data/bulk_cohorts/MASHvsControl/GSE135251_MASH_Control.tsv","meta-liver/meta-liver-data/Bulk_omics/MASHvsControl/GSE135251_MASH_Control.tsv","371f238fea9dc3b9da03d721f3475401",1946032
"data/bulk_cohorts/MASHvsEarlyMASLD/GSE126848_MASH_EarlyMASLD.tsv","meta-liver/meta-liver-data/Bulk_omics/MASHvsEarlyMASLD/GSE126848_MASH_EarlyMASLD.tsv","640d8347d70f5b10776233b766766c36",1382184
"data/bulk_cohorts/MASHvsEarlyMASLD/GSE135251_MASH_EarlyMASLD.tsv","meta-liver/meta-liver-data/Bulk_omics/MASHvsEarlyMASLD/GSE135251_MASH_EarlyMASLD.txt","2998b512b8b237708287d47707ee116c",1768459
"data/bulk_cohorts/MASLDvsControl/GSE126848_MASLD_Control.tsv","meta-liver/meta-liver-data/Bulk_omics/MASLDvsControl/GSE126848_MASLD_Control.tsv","079aa7d7590f9f7fb3fc08d903fce7a0",1519362
"data/bulk_cohorts/MASLDvsControl/GSE135251_MASLD_Control.tsv","meta-liver/meta-liver-data/Bulk_omics/MASLDvsControl/GSE135251_MASLD_Control.tsv","d2ca9be087aee9a929d864b9741c0db9",2009139
"data/bulk_cohorts/MASLDvsControl/GSE151158_MASLD_Control.tsv","meta-liver/meta-liver-data/Bulk_omics/MASLDvsControl/GSE151158_MASLD_Control.tsv","3d8fd3826155633f755dbaf709c3bbe5",38643
"data/invitro/gene_mapping.csv.gz","meta-liver/meta-liver-data/stem_cell_model/gene_mapping.parquet","506b15b681e9723bc8f598d0bf33e77d",118050
"data/invitro/OAPAResMyoPBMCsvsHCM_1b.csv.gz","meta-liver/meta-liver-data/stem_cell_model/OAPAResMyoPBMCsvsHCM_1b.parquet","f6c25a766fa54b40936f66f99abe2670",693137
"data/invitro/OAPAResMyoPBMCsvsHCM_5a.csv.gz","meta-liver/meta-liver-data/stem_cell_model/OAPAResMyoPBMCsvsHCM_5a.parquet","c411ece31aa55471392145cef946e35d",685826
"data/invitro/OAPAResMyovsHCM_1b.csv.gz","meta-liver/meta-liver-data/stem_cell_model/OAPAResMyovsHCM_1b.parquet","d20d2039371e966d793a0da045559c4e",669353
"data/invitro/OAPAResMyovsHCM_5a.csv.gz","meta-liver/meta-liver-data/stem_cell_model/OAPAResMyovsHCM_5a.parquet","23deb1cbe931e978ce737bc548206b44",658745
"data/invitro/OAPAvsHCM_1b.csv.gz","meta-liver/meta-liver-data/stem_cell_model/OAPAvsHCM_1b.parquet","cecc33bc056bb335a144ce8363a19ecb",658126
"data/invitro/OAPAvsHCM_5a.csv.gz","meta-liver/meta-liver-data/stem_cell_model/OAPAvsHCM_5a.parquet","9b2c8e5a8bb08eb3fae031cb462577d7",599865
"data/drugs/wgcna_active_drugs.csv","meta-liver/meta-liver-data/wgcna/active_drugs.parquet","54fa9c472ce7b6a6cb77f4c8d95c41d3",45105
