DrugBank_Accession,Drug Name
DB09130,Copper
DB00591,Fluocinolone acetonide
DB02266,Flufenamic acid
DB02709,Resveratrol
DB13751,Glycyrrhizic acid
DB00893,Iron Dextran
DB00159,Icosapent
DB00228,Enflurane
DB00237,Butabarbital
DB00246,Ziprasidone
DB00252,Phenytoin
DB00273,Topiramate
DB00313,Valproic acid
DB00321,Amitriptyline
DB00328,Indomethacin
DB00343,Diltiazem
DB00404,Alprazolam
DB00412,Rosiglitazone
DB00421,Spironolactone
DB00477,Chlorpromazine
DB00515,Cisplatin
DB00540,Nortriptyline
DB00555,Lamotrigine
DB00573,Fenoprofen
DB00575,Clonidine
DB00603,Medroxyprogesterone acetate
DB00608,Chloroquine
DB00655,Estrone
DB00661,Verapamil
DB00677,Isoflurophate
DB00714,Apomorphine
DB00731,Nateglinide
DB00753,Isoflurane
DB00774,Hydroflumethiazide
DB00776,Oxcarbazepine
DB00818,Propofol
DB00829,Diazepam
DB00842,Oxazepam
DB00845,Clofazimine
DB00852,Pseudoephedrine
DB00903,Etacrynic acid
DB00912,Repaglinide
DB00951,Isoniazid
DB00995,Auranofin
DB01006,Letrozole
DB01016,Glyburide
DB01039,Fenofibrate
DB01050,Ibuprofen
DB01057,Echothiophate
DB01067,Glipizide
DB01068,Clonazepam
DB01069,Promethazine
DB01110,Miconazole
DB01115,Nifedipine
DB01118,Amiodarone
DB01132,Pioglitazone
DB01133,Tiludronic acid
DB01136,Carvedilol
DB01159,Halothane
DB01169,Arsenic trioxide
DB01189,Desflurane
DB01234,Dexamethasone
DB01236,Sevoflurane
DB01238,Aripiprazole
DB01241,Gemfibrozil
DB01327,Cefazolin
DB01370,Aluminium
DB01396,Digitoxin
DB01587,Ketazolam
DB03017,Lauric acid
DB03193,Stearic acid
DB03600,Capric acid
DB03796,Palmitic Acid
DB04216,Quercetin
DB04224,Oleic Acid
DB04539,Glyphosate
DB04557,Arachidonic Acid
DB04855,Dronedarone
DB06201,Rufinamide
DB06216,Asenapine
DB08231,Myristic acid
DB08814,Triflusal
DB09195,Lorpiprazole
DB09213,Dexibuprofen
DB09229,Aranidipine
DB09236,Lacidipine
DB09237,Levamlodipine
DB11148,Butamben
DB11397,Dichlorvos
DB12404,Remimazolam
DB12483,Copanlisib
DB14185,Aripiprazole lauroxil
DB14517,Aluminium phosphate
DB14518,Aluminum acetate
DB14533,Zinc chloride
DB14548,"Zinc sulfate, unspecified form"
DB14649,Dexamethasone acetate
DB00636,Clofibrate
DB01629,5-fluorouridine
DB02342,2-Methoxyestradiol
DB00243,Ranolazine
DB00457,Prazosin
DB00543,Amoxapine
DB00934,Maprotiline
DB01151,Desipramine
DB09568,Omega-3-carboxylic acids
DB00292,Etomidate
DB00153,Ergocalciferol
DB00132,alpha-Linolenic acid
DB00907,Cocaine
DB00157,NADH
DB00898,Ethanol
DB00145,Glycine
DB00533,Rofecoxib
DB01041,Thalidomide
DB01221,Ketamine
DB01708,Prasterone
DB00131,Adenosine phosphate
DB00988,Dopamine
DB00134,Methionine
DB00122,Choline
DB14006,Choline salicylate
DB09061,Cannabidiol
DB11133,Omega-3 fatty acids
DB14009,Medical Cannabis
DB14011,Nabiximols
DB00720,Clodronic acid
DB01593,Zinc
DB14487,Zinc acetate
DB00118,Ademetionine
DB00863,Ranitidine
DB00115,Cyanocobalamin
DB13257,Ferrous sulfate anhydrous
DB01262,Decitabine
DB00411,Carbamoylcholine
DB01065,Melatonin
DB01388,Mibefradil
DB09221,Polaprezinc
DB11859,Brexanolone
DB11672,Curcumin
DB14635,Curcumin sulfate
DB11793,Niraparib
DB01021,Trichlormethiazide
DB00201,Caffeine
DB00668,Epinephrine
DB00968,Methyldopa
DB06152,Nylidrin
DB00197,Troglitazone
DB00990,Exemestane
DB06262,Droxidopa
DB00721,Procaine
DB01122,Ambenonium
DB01199,Tubocurarine
DB01245,Decamethonium
DB01400,Neostigmine
DB02845,Methylphosphinic Acid
DB03568,Butyric Acid
DB03822,Ethyl dihydrogen phosphate
DB04250,Butyrylthiocholine
DB04920,Clevidipine
DB09205,Moxisylyte
DB00184,Nicotine
DB03147,Flavin adenine dinucleotide
DB00397,Phenylpropanolamine
DB09244,Pirlindole
DB00128,Aspartic acid
DB01956,Taurine
DB01119,Diazoxide
DB04132,S-Hexylglutathione
DB00172,Proline
DB00281,Lidocaine
DB00381,Amlodipine
DB00401,Nisoldipine
DB00502,Haloperidol
DB00564,Carbamazepine
DB00622,Nicardipine
DB00656,Trazodone
DB00683,Midazolam
DB00897,Triazolam
DB00909,Zonisamide
DB01023,Felodipine
DB01054,Nitrendipine
DB01216,Finasteride
DB01217,Anastrozole
DB01224,Quetiapine
DB01267,Paliperidone
DB09054,Idelalisib
DB09074,Olaparib
DB09231,Benidipine
DB11633,Isavuconazole
DB12332,Rucaparib
DB00022,Peginterferon alfa-2b
DB00182,Amphetamine
DB00193,Tramadol
DB00349,Clobazam
DB00363,Clozapine
DB00370,Mirtazapine
DB00433,Prochlorperazine
DB00568,Cinnarizine
DB00633,Dexmedetomidine
DB00674,Galantamine
DB00715,Paroxetine
DB00726,Trimipramine
DB00751,Epinastine
DB00805,Minaprine
DB00843,Donepezil
DB01028,Methoxyflurane
DB01074,Perhexiline
DB01149,Nefazodone
DB01175,Escitalopram
DB01244,Bepridil
DB01392,Yohimbine
DB01403,Methotrimeprazine
DB01472,4-Methoxyamphetamine
DB01576,Dextroamphetamine
DB01577,Metamfetamine
DB01624,Zuclopenthixol
DB04846,Celiprolol
DB04948,Lofexidine
DB06148,Mianserin
DB06678,Esmirtazapine
DB09118,Stiripentol
DB09167,Dosulepin
DB09238,Manidipine
DB11638,Artenimol
DB00865,Benzphetamine
DB00008,Peginterferon alfa-2a
DB00011,Interferon alfa-n1
DB00018,Interferon alfa-n3
DB00033,Interferon gamma-1b
DB00034,"Interferon alfa-2a, Recombinant"
DB00060,Interferon beta-1a
DB00068,Interferon beta-1b
DB00069,Interferon alfacon-1
DB00105,Interferon alfa-2b
DB00268,Ropinirole
DB00382,Tacrine
DB00629,Guanabenz
DB00697,Tizanidine
DB00772,Malathion
DB00794,Primidone
DB01094,Hesperetin
DB01558,Bromazepam
DB06510,Muraglitazar
DB08910,Pomalidomide
DB09198,Lobeglitazone
DB11967,Binimetinib
DB00186,Lorazepam
DB00231,Temazepam
DB00248,Cabergoline
DB00270,Isradipine
DB00312,Pentobarbital
DB00320,Dihydroergotamine
DB00357,Aminoglutethimide
DB00393,Nimodipine
DB00402,Eszopiclone
DB00546,Adinazolam
DB00589,Lisuride
DB00628,Clorazepic acid
DB00690,Flurazepam
DB00696,Ergotamine
DB00825,Levomenthol
DB01018,Guanfacine
DB01049,Ergoloid mesylate
DB01186,Pergolide
DB01200,Bromocriptine
DB01215,Estazolam
DB01393,Bezafibrate
DB01411,Pranlukast
DB01544,Flunitrazepam
DB01559,Clotiazepam
DB01588,Prazepam
DB01589,Quazepam
DB01595,Nitrazepam
DB05541,Brivaracetam
DB06218,Lacosamide
DB06712,Nilvadipine
DB08815,Lurasidone
DB08827,Lomitapide
DB09017,Brotizolam
DB09036,Siltuximab
DB09089,Trimebutine
DB09166,Etizolam
DB09201,Ciglitazone
DB09227,Barnidipine
DB09232,Cilnidipine
DB09235,Efonidipine
DB11273,Dihydroergocornine
DB11752,Bryostatin 1
DB11901,Apalutamide
DB11952,Duvelisib
DB12010,Fostamatinib
DB12278,Propiverine
DB12537,Benzodiazepine
DB13345,Dihydroergocristine
DB13746,Bioallethrin
DB13961,Fish oil
DB15489,Mexazolam
DB02379,Beta-D-Glucose
DB09342,Propoxycaine
DB00945,Acetylsalicylic acid
DB03756,Doconexent
DB00242,Cladribine
DB01043,Memantine
DB01213,Fomepizole
DB00966,Telmisartan
DB00390,Digoxin
DB01437,Glutethimide
DB00484,Brimonidine
DB00171,ATP
DB05018,Migalastat
DB06281,Torcetrapib
DB01064,Isoprenaline
DB01407,Clenbuterol
DB00244,Mesalazine
DB01252,Mitiglinide
DB08904,Certolizumab pegol
DB15598,Ferric maltol
DB11605,Myrrh
DB06153,Pizotifen
DB00114,Pyridoxal phosphate
DB00142,Glutamic acid
DB00125,Arginine
DB00155,Citrulline
DB01017,Minocycline
DB01686,"N,N-dimethylarginine"
DB01835,4R-Fluoro-N6-ethanimidoyl-L-lysine
DB01997,3-Bromo-7-Nitroindazole
DB02044,N-[3-(aminomethyl)benzyl]acetamidine
DB02207,7-Nitroindazole
DB02234,S-Ethylisothiourea
DB02462,Thiocoumarin
DB02644,N-omega-propyl-L-arginine
DB03100,6-Nitroindazole
DB03144,N(5)-[(hydroxyamino)(imino)methyl]-L-ornithine
DB03366,Imidazole
DB03449,N-(4-{2-[(3-chlorobenzyl)amino]ethyl}phenyl)thiophene-2-carboximidamide
DB03953,Thiocitrulline
DB04400,"L-erythro-7,8-dihydrobiopterin"
DB04534,5-Nitroindazole
DB05214,KD7040
DB05252,Fenoxaprop-ethyl
DB05383,Pimagedine
DB06879,"5-(4'-AMINO-1'-ETHYL-5',8'-DIFLUORO-1'H-SPIRO[PIPERIDINE-4,2'-QUINAZOLINE]-1-YLCARBONYL)PICOLINONITRILE"
DB06916,"N-[2-(1,3-BENZODIOXOL-5-YL)ETHYL]-1-[2-(1H-IMIDAZOL-1-YL)-6-METHYLPYRIMIDIN-4-YL]-D-PROLINAMIDE"
DB07002,4-({4-[(4-methoxypyridin-2-yl)amino]piperidin-1-yl}carbonyl)benzonitrile
DB07003,"(2S)-2-methyl-2,3-dihydrothieno[2,3-f][1,4]oxazepin-5-amine"
DB07007,"(3R)-3-[(1,2,3,4-tetrahydroisoquinolin-7-yloxy)methyl]-2,3-dihydrothieno[2,3-f][1,4]oxazepin-5-amine"
DB07008,"4-(1,3-BENZODIOXOL-5-YLOXY)-2-[4-(1H-IMIDAZOL-1-YL)PHENOXY]PYRIMIDINE"
DB07011,"(3S)-1-(1,3-BENZODIOXOL-5-YLMETHYL)-3-[4-(1H-IMIDAZOL-1-YL)PHENOXY]PIPERIDINE"
DB07029,"4-(1,3-BENZODIOXOL-5-YLOXY)-2-[4-(1H-IMIDAZOL-1-YL)PHENOXY]-6-METHYLPYRIMIDINE"
DB07306,ETHYL 4-[(4-CHLOROPYRIDIN-2-YL)AMINO]PIPERIDINE-1-CARBOXYLATE
DB07318,"N-[2-(4-AMINO-5,8-DIFLUORO-1,2-DIHYDROQUINAZOLIN-2-YL)ETHYL]-3-FURAMIDE"
DB07388,ETHYL 4-[(4-METHYLPYRIDIN-2-YL)AMINO]PIPERIDINE-1-CARBOXYLATE
DB07389,N-[2-(6-AMINO-4-METHYLPYRIDIN-2-YL)ETHYL]-4-CYANOBENZAMIDE
DB07405,"1-(6-CYANO-3-PYRIDYLCARBONYL)-5',8'-DIFLUOROSPIRO[PIPERIDINE-4,2'(1'H)-QUINAZOLINE]-4'-AMINE"
DB08214,4-(1H-IMIDAZOL-1-YL)PHENOL
DB08750,"1-[4-(AMINOMETHYL)BENZOYL]-5'-FLUORO-1'H-SPIRO[PIPERIDINE-4,2'-QUINAZOLIN]-4'-AMINE"
DB11327,Dipyrithione
DB00116,Tetrahydrofolic acid
DB00795,Sulfasalazine
DB01014,Balsalazide
DB00408,Loxapine
DB00800,Fenoldopam
DB01608,Periciazine
DB09286,Pipamperone
DB00048,Collagenase clostridium histolyticum
DB12695,Phenethyl Isothiocyanate
DB00120,Phenylalanine
DB10770,Foreskin fibroblast (neonatal)
DB06151,Acetylcysteine
DB03909,"Adenosine-5'-[Beta, Gamma-Methylene]Triphosphate"
DB01226,Mivacurium
DB03128,Acetylcholine
DB01766,Beta-(2-Naphthyl)-Alanine
DB03865,6-Chloro-2-(2-Hydroxy-Biphenyl-3-Yl)-1h-Indole-5-Carboxamidine
DB00123,L-Lysine
DB01296,Glucosamine
DB00133,Serine
DB03758,Radicicol
DB03760,Dihydrolipoic Acid
DB01890,"N,N-Bis(3-(D-gluconamido)propyl)deoxycholamide"
DB02746,Phthalic Acid
DB04519,Caprylic acid
DB04971,Reglitazar
DB05187,Elafibranor
DB05416,Cardarine
DB06521,Ertiprotafib
DB06533,Ragaglitazar
DB06536,Tesaglitazar
DB07215,GW-590735
DB07724,Indeglitazar
DB08915,Aleglitazar
DB09006,Clinofibrate
DB09064,Ciprofibrate
DB09422,Soybean oil
DB12007,Isoflavone
DB12961,Leukotriene B4
DB13873,Fenofibric acid
DB00151,Cysteine
DB13995,Ferric pyrophosphate citrate
DB00308,Ibutilide
DB11186,Pentoxyverine
DB00483,Gallamine triethiodide
DB00583,Levocarnitine
DB00160,Alanine
DB00141,N-Acetylglucosamine
DB00797,Tolazoline
DB01592,Iron
DB14488,Ferrous gluconate
DB14489,Ferrous succinate
DB14490,Ferrous ascorbate
DB14491,Ferrous fumarate
DB14501,Ferrous glycine sulfate
DB00368,Norepinephrine
DB01363,Ephedra sinica root
DB03467,Naringenin
DB01567,Fludiazepam
DB15617,Ferric derisomaltose
DB08604,Triclosan
DB05434,ABT-510
DB10772,Foreskin keratinocyte (neonatal)
DB04447,"1,4-Dithiothreitol"
DB11124,Racepinephrine
DB11278,DL-Methylephedrine
DB04141,"2-Hexyloxy-6-Hydroxymethyl-Tetrahydro-Pyran-3,4,5-Triol"
DB04395,Phosphoaminophosphonic Acid-Adenylate Ester
DB00149,Leucine
DB00102,Becaplermin
DB00331,Metformin
DB04270,(S)-3-(4-(2-Carbazol-9-Yl-Ethoxy)-Phenyl)-2-Ethoxy-Propionic Acid
DB04689,2-{5-[3-(6-BENZOYL-1-PROPYLNAPHTHALEN-2-YLOXY)PROPOXY]INDOL-1-YL}ETHANOIC ACID
DB05490,AMG-131
DB05854,CLX-0921
DB06908,"(2S)-3-(1-{[2-(2-CHLOROPHENYL)-5-METHYL-1,3-OXAZOL-4-YL]METHYL}-1H-INDOL-5-YL)-2-ETHOXYPROPANOIC ACID"
DB06926,"(9Z,11E,13S)-13-hydroxyoctadeca-9,11-dienoic acid"
DB07053,2-{5-[3-(7-PROPYL-3-TRIFLUOROMETHYLBENZO[D]ISOXAZOL-6-YLOXY)PROPOXY]INDOL-1-YL}ETHANOIC ACID
DB07111,"(4S,5E,7Z,10Z,13Z,16Z,19Z)-4-hydroxydocosa-5,7,10,13,16,19-hexaenoic acid"
DB07172,"(5R,6E,8Z,11Z,14Z,17Z)-5-hydroxyicosa-6,8,11,14,17-pentaenoic acid"
DB07208,"(8E,10S,12Z)-10-hydroxy-6-oxooctadeca-8,12-dienoic acid"
DB07209,"(8R,9Z,12Z)-8-hydroxy-6-oxooctadeca-9,12-dienoic acid"
DB07302,9(S)-HODE
DB07509,difluoro(5-{2-[(5-octyl-1H-pyrrol-2-yl-kappaN)methylidene]-2H-pyrrol-5-yl-kappaN}pentanoato)boron
DB07675,(2S)-2-ETHOXY-3-{4-[2-(10H-PHENOXAZIN-10-YL)ETHOXY]PHENYL}PROPANOIC ACID
DB07723,3-(5-methoxy-1H-indol-3-yl)propanoic acid
DB07842,(2S)-2-(4-ethylphenoxy)-3-phenylpropanoic acid
DB07863,2-chloro-5-nitro-N-phenylbenzamide
DB08121,(2S)-2-(biphenyl-4-yloxy)-3-phenylpropanoic acid
DB08302,3-[5-(2-nitropent-1-en-1-yl)furan-2-yl]benzoic acid
DB08402,"2-[(2,4-DICHLOROBENZOYL)AMINO]-5-(PYRIMIDIN-2-YLOXY)BENZOIC ACID"
DB08435,"(5E,14E)-11-oxoprosta-5,9,12,14-tetraen-1-oic acid"
DB08560,3-FLUORO-N-[1-(4-FLUOROPHENYL)-3-(2-THIENYL)-1H-PYRAZOL-5-YL]BENZENESULFONAMIDE
DB08760,(2S)-2-(4-chlorophenoxy)-3-phenylpropanoic acid
DB11811,Arhalofenate
DB12662,Naveglitazar
DB14034,Darglitazone
DB01373,Calcium
DB00174,Asparagine
DB00616,Candoxatril
DB00886,Omapatrilat
DB03740,N-acetyl-alpha-D-glucosamine
DB00135,Tyrosine
DB03978,Tyrosinal
DB07205,N6-ISOPENTENYL-ADENOSINE-5'-MONOPHOSPHATE
DB08371,p-Benzoyl-L-phenylalanine
DB08617,"4-(2,2,2-TRIFLUOROETHYL)-L-PHENYLALANINE"
DB04852,Implitapide
DB05678,SLx-4090
DB00156,Threonine
DB06439,Tyloxapol
DB11994,Diacerein
DB00548,Azelaic acid
DB03814,2-(N-morpholino)ethanesulfonic acid
DB01404,Ginseng
DB03963,S-(Dimethylarsenic)Cysteine
DB02062,"N-[3-[(1-Aminoethyl)(Hydroxy)Phosphoryl]-2-(1,1'-Biphenyl-4-Ylmethyl)Propanoyl]Alanine"
DB02557,Phosphoramidon
DB02558,N-(3-Phenyl-2-Sulfanylpropanoyl)Phenylalanylalanine
DB02597,"[2(R,S)-2-Sulfanylheptanoyl]-Phe-Ala"
DB05796,Daglutril
DB08575,"2-[(1S)-1-BENZYL-2-SULFANYLETHYL]-1H-IMIDAZO[4,5-C]PYRIDIN-5-IUM"
DB08626,Thiorphan
DB09292,Sacubitril
DB11623,Candoxatrilat
DB00075,Muromonab
DB06607,Catumaxomab
DB08813,Nadroparin
DB00413,Pramipexole
DB00449,Dipivefrin
DB00692,Phentolamine
DB00925,Phenoxybenzamine
DB00935,Oxymetazoline
DB00964,Apraclonidine
DB05492,Epicept NP-1
DB06229,Ocaperidone
DB06623,Flupirtine
DB06694,Xylometazoline
DB06711,Naphazoline
DB09242,Moxonidine
DB11738,Rilmenidine
